-4 -2.5 2.49309e-05
-4 -2.45 2.49309e-05
-4 -2.4 2.49309e-05
-4 -2.35 2.49309e-05
-4 -2.3 2.49309e-05
-4 -2.25 2.49309e-05
-4 -2.2 2.49309e-05
-4 -2.15 2.49309e-05
-4 -2.1 2.49309e-05
-4 -2.05 2.49309e-05
-4 -2 2.49309e-05
-4 -1.95 2.49309e-05
-4 -1.9 2.49309e-05
-4 -1.85 2.49309e-05
-4 -1.8 2.49309e-05
-4 -1.75 2.49309e-05
-4 -1.7 2.49309e-05
-4 -1.65 2.49309e-05
-4 -1.6 2.49309e-05
-4 -1.55 2.49309e-05
-4 -1.5 2.49309e-05
-4 -1.45 2.49309e-05
-4 -1.4 2.49309e-05
-4 -1.35 2.49309e-05
-4 -1.3 2.49309e-05
-4 -1.25 2.49309e-05
-4 -1.2 2.49309e-05
-4 -1.15 2.49309e-05
-4 -1.1 2.49309e-05
-4 -1.05 2.49309e-05
-4 -1 2.49309e-05
-4 -0.95 2.49309e-05
-4 -0.9 2.49309e-05
-4 -0.85 2.49309e-05
-4 -0.8 2.49309e-05
-4 -0.75 2.49309e-05
-4 -0.7 2.49309e-05
-4 -0.65 2.49309e-05
-4 -0.6 2.49309e-05
-4 -0.55 2.49309e-05
-4 -0.5 2.49309e-05
-4 -0.45 2.49309e-05
-4 -0.4 2.49309e-05
-4 -0.35 2.49309e-05
-4 -0.3 2.49309e-05
-4 -0.25 2.49309e-05
-4 -0.2 2.49309e-05
-4 -0.15 2.49309e-05
-4 -0.1 2.49309e-05
-4 -0.05 2.49309e-05
-4 -5.13478e-16 2.49309e-05
-4 0.05 2.49309e-05
-4 0.1 2.49309e-05
-4 0.15 2.49309e-05
-4 0.2 2.49309e-05
-4 0.25 2.49309e-05
-4 0.3 2.49309e-05
-4 0.35 2.49309e-05
-4 0.4 2.49309e-05
-4 0.45 2.49309e-05
-4 0.5 2.49309e-05
-4 0.55 2.49309e-05
-4 0.6 2.49309e-05
-4 0.65 2.49309e-05
-4 0.7 2.49309e-05
-4 0.75 2.49309e-05
-4 0.8 2.49309e-05
-4 0.85 2.49309e-05
-4 0.9 2.49309e-05
-4 0.95 2.49309e-05
-4 1 2.49309e-05
-4 1.05 2.49309e-05
-4 1.1 2.49309e-05
-4 1.15 2.49309e-05
-4 1.2 2.49309e-05
-4 1.25 2.49309e-05
-4 1.3 2.49309e-05
-4 1.35 2.49309e-05
-4 1.4 2.49309e-05
-4 1.45 2.49309e-05
-4 1.5 2.49309e-05
-4 1.55 2.49309e-05
-4 1.6 2.49309e-05
-4 1.65 2.49309e-05
-4 1.7 2.49309e-05
-4 1.75 2.49309e-05
-4 1.8 2.49309e-05
-4 1.85 2.49309e-05
-4 1.9 2.49309e-05
-4 1.95 2.49309e-05
-4 2 2.49309e-05
-4 2.05 2.49309e-05
-4 2.1 2.49309e-05
-4 2.15 2.49309e-05
-4 2.2 2.49309e-05
-4 2.25 2.49309e-05
-4 2.3 2.49309e-05
-4 2.35 2.49309e-05
-4 2.4 2.49309e-05
-4 2.45 2.4931e-05
-4 2.5 2.4931e-05

-3.95 -2.5 2.49309e-05
-3.95 -2.45 2.49309e-05
-3.95 -2.4 2.49309e-05
-3.95 -2.35 2.49309e-05
-3.95 -2.3 2.49309e-05
-3.95 -2.25 2.49309e-05
-3.95 -2.2 2.49309e-05
-3.95 -2.15 2.49309e-05
-3.95 -2.1 2.49309e-05
-3.95 -2.05 2.49309e-05
-3.95 -2 2.49309e-05
-3.95 -1.95 2.49309e-05
-3.95 -1.9 2.49309e-05
-3.95 -1.85 2.49309e-05
-3.95 -1.8 2.49309e-05
-3.95 -1.75 2.49309e-05
-3.95 -1.7 2.49309e-05
-3.95 -1.65 2.49309e-05
-3.95 -1.6 2.49309e-05
-3.95 -1.55 2.49309e-05
-3.95 -1.5 2.49309e-05
-3.95 -1.45 2.49309e-05
-3.95 -1.4 2.49309e-05
-3.95 -1.35 2.49309e-05
-3.95 -1.3 2.49309e-05
-3.95 -1.25 2.49309e-05
-3.95 -1.2 2.49309e-05
-3.95 -1.15 2.49309e-05
-3.95 -1.1 2.49309e-05
-3.95 -1.05 2.49309e-05
-3.95 -1 2.49309e-05
-3.95 -0.95 2.49309e-05
-3.95 -0.9 2.49309e-05
-3.95 -0.85 2.49309e-05
-3.95 -0.8 2.49309e-05
-3.95 -0.75 2.49309e-05
-3.95 -0.7 2.49309e-05
-3.95 -0.65 2.49309e-05
-3.95 -0.6 2.49309e-05
-3.95 -0.55 2.49309e-05
-3.95 -0.5 2.49309e-05
-3.95 -0.45 2.49309e-05
-3.95 -0.4 2.49309e-05
-3.95 -0.35 2.49309e-05
-3.95 -0.3 2.49309e-05
-3.95 -0.25 2.49309e-05
-3.95 -0.2 2.49309e-05
-3.95 -0.15 2.49309e-05
-3.95 -0.1 2.49309e-05
-3.95 -0.05 2.49309e-05
-3.95 -5.13478e-16 2.49309e-05
-3.95 0.05 2.49309e-05
-3.95 0.1 2.49309e-05
-3.95 0.15 2.49309e-05
-3.95 0.2 2.49309e-05
-3.95 0.25 2.49309e-05
-3.95 0.3 2.49309e-05
-3.95 0.35 2.49309e-05
-3.95 0.4 2.49309e-05
-3.95 0.45 2.49309e-05
-3.95 0.5 2.49309e-05
-3.95 0.55 2.49309e-05
-3.95 0.6 2.49309e-05
-3.95 0.65 2.49309e-05
-3.95 0.7 2.49309e-05
-3.95 0.75 2.49309e-05
-3.95 0.8 2.49309e-05
-3.95 0.85 2.49309e-05
-3.95 0.9 2.49309e-05
-3.95 0.95 2.49309e-05
-3.95 1 2.49309e-05
-3.95 1.05 2.49309e-05
-3.95 1.1 2.49309e-05
-3.95 1.15 2.49309e-05
-3.95 1.2 2.49309e-05
-3.95 1.25 2.49309e-05
-3.95 1.3 2.49309e-05
-3.95 1.35 2.49309e-05
-3.95 1.4 2.49309e-05
-3.95 1.45 2.49309e-05
-3.95 1.5 2.49309e-05
-3.95 1.55 2.49309e-05
-3.95 1.6 2.49309e-05
-3.95 1.65 2.49309e-05
-3.95 1.7 2.49309e-05
-3.95 1.75 2.49309e-05
-3.95 1.8 2.49309e-05
-3.95 1.85 2.49309e-05
-3.95 1.9 2.49309e-05
-3.95 1.95 2.49309e-05
-3.95 2 2.49309e-05
-3.95 2.05 2.49309e-05
-3.95 2.1 2.49309e-05
-3.95 2.15 2.49309e-05
-3.95 2.2 2.49309e-05
-3.95 2.25 2.49309e-05
-3.95 2.3 2.49309e-05
-3.95 2.35 2.4931e-05
-3.95 2.4 2.4931e-05
-3.95 2.45 2.4931e-05
-3.95 2.5 2.49311e-05

-3.9 -2.5 2.49309e-05
-3.9 -2.45 2.49309e-05
-3.9 -2.4 2.49309e-05
-3.9 -2.35 2.49309e-05
-3.9 -2.3 2.49309e-05
-3.9 -2.25 2.49309e-05
-3.9 -2.2 2.49309e-05
-3.9 -2.15 2.49309e-05
-3.9 -2.1 2.49309e-05
-3.9 -2.05 2.49309e-05
-3.9 -2 2.49309e-05
-3.9 -1.95 2.49309e-05
-3.9 -1.9 2.49309e-05
-3.9 -1.85 2.49309e-05
-3.9 -1.8 2.49309e-05
-3.9 -1.75 2.49309e-05
-3.9 -1.7 2.49309e-05
-3.9 -1.65 2.49309e-05
-3.9 -1.6 2.49309e-05
-3.9 -1.55 2.49309e-05
-3.9 -1.5 2.49309e-05
-3.9 -1.45 2.49309e-05
-3.9 -1.4 2.49309e-05
-3.9 -1.35 2.49309e-05
-3.9 -1.3 2.49309e-05
-3.9 -1.25 2.49309e-05
-3.9 -1.2 2.49309e-05
-3.9 -1.15 2.49309e-05
-3.9 -1.1 2.49309e-05
-3.9 -1.05 2.49309e-05
-3.9 -1 2.49309e-05
-3.9 -0.95 2.49309e-05
-3.9 -0.9 2.49309e-05
-3.9 -0.85 2.49309e-05
-3.9 -0.8 2.49309e-05
-3.9 -0.75 2.49309e-05
-3.9 -0.7 2.49309e-05
-3.9 -0.65 2.49309e-05
-3.9 -0.6 2.49309e-05
-3.9 -0.55 2.49309e-05
-3.9 -0.5 2.49309e-05
-3.9 -0.45 2.49309e-05
-3.9 -0.4 2.49309e-05
-3.9 -0.35 2.49309e-05
-3.9 -0.3 2.49309e-05
-3.9 -0.25 2.49309e-05
-3.9 -0.2 2.49309e-05
-3.9 -0.15 2.49309e-05
-3.9 -0.1 2.49309e-05
-3.9 -0.05 2.49309e-05
-3.9 -5.13478e-16 2.49309e-05
-3.9 0.05 2.49309e-05
-3.9 0.1 2.49309e-05
-3.9 0.15 2.49309e-05
-3.9 0.2 2.49309e-05
-3.9 0.25 2.49309e-05
-3.9 0.3 2.49309e-05
-3.9 0.35 2.49309e-05
-3.9 0.4 2.49309e-05
-3.9 0.45 2.49309e-05
-3.9 0.5 2.49309e-05
-3.9 0.55 2.49309e-05
-3.9 0.6 2.49309e-05
-3.9 0.65 2.49309e-05
-3.9 0.7 2.49309e-05
-3.9 0.75 2.49309e-05
-3.9 0.8 2.49309e-05
-3.9 0.85 2.49309e-05
-3.9 0.9 2.49309e-05
-3.9 0.95 2.49309e-05
-3.9 1 2.49309e-05
-3.9 1.05 2.49309e-05
-3.9 1.1 2.49309e-05
-3.9 1.15 2.49309e-05
-3.9 1.2 2.49309e-05
-3.9 1.25 2.49309e-05
-3.9 1.3 2.49309e-05
-3.9 1.35 2.49309e-05
-3.9 1.4 2.49309e-05
-3.9 1.45 2.49309e-05
-3.9 1.5 2.49309e-05
-3.9 1.55 2.49309e-05
-3.9 1.6 2.49309e-05
-3.9 1.65 2.49309e-05
-3.9 1.7 2.49309e-05
-3.9 1.75 2.49309e-05
-3.9 1.8 2.49309e-05
-3.9 1.85 2.49309e-05
-3.9 1.9 2.49309e-05
-3.9 1.95 2.49309e-05
-3.9 2 2.49309e-05
-3.9 2.05 2.49309e-05
-3.9 2.1 2.49309e-05
-3.9 2.15 2.49309e-05
-3.9 2.2 2.49309e-05
-3.9 2.25 2.49309e-05
-3.9 2.3 2.4931e-05
-3.9 2.35 2.4931e-05
-3.9 2.4 2.49311e-05
-3.9 2.45 2.49311e-05
-3.9 2.5 2.49312e-05

-3.85 -2.5 2.49309e-05
-3.85 -2.45 2.49309e-05
-3.85 -2.4 2.49309e-05
-3.85 -2.35 2.49309e-05
-3.85 -2.3 2.49309e-05
-3.85 -2.25 2.49309e-05
-3.85 -2.2 2.49309e-05
-3.85 -2.15 2.49309e-05
-3.85 -2.1 2.49309e-05
-3.85 -2.05 2.49309e-05
-3.85 -2 2.49309e-05
-3.85 -1.95 2.49309e-05
-3.85 -1.9 2.49309e-05
-3.85 -1.85 2.49309e-05
-3.85 -1.8 2.49309e-05
-3.85 -1.75 2.49309e-05
-3.85 -1.7 2.49309e-05
-3.85 -1.65 2.49309e-05
-3.85 -1.6 2.49309e-05
-3.85 -1.55 2.49309e-05
-3.85 -1.5 2.49309e-05
-3.85 -1.45 2.49309e-05
-3.85 -1.4 2.49309e-05
-3.85 -1.35 2.49309e-05
-3.85 -1.3 2.49309e-05
-3.85 -1.25 2.49309e-05
-3.85 -1.2 2.49309e-05
-3.85 -1.15 2.49309e-05
-3.85 -1.1 2.49309e-05
-3.85 -1.05 2.49309e-05
-3.85 -1 2.49309e-05
-3.85 -0.95 2.49309e-05
-3.85 -0.9 2.49309e-05
-3.85 -0.85 2.49309e-05
-3.85 -0.8 2.49309e-05
-3.85 -0.75 2.49309e-05
-3.85 -0.7 2.49309e-05
-3.85 -0.65 2.49309e-05
-3.85 -0.6 2.49309e-05
-3.85 -0.55 2.49309e-05
-3.85 -0.5 2.49309e-05
-3.85 -0.45 2.49309e-05
-3.85 -0.4 2.49309e-05
-3.85 -0.35 2.49309e-05
-3.85 -0.3 2.49309e-05
-3.85 -0.25 2.49309e-05
-3.85 -0.2 2.49309e-05
-3.85 -0.15 2.49309e-05
-3.85 -0.1 2.49309e-05
-3.85 -0.05 2.49309e-05
-3.85 -5.13478e-16 2.49309e-05
-3.85 0.05 2.49309e-05
-3.85 0.1 2.49309e-05
-3.85 0.15 2.49309e-05
-3.85 0.2 2.49309e-05
-3.85 0.25 2.49309e-05
-3.85 0.3 2.49309e-05
-3.85 0.35 2.49309e-05
-3.85 0.4 2.49309e-05
-3.85 0.45 2.49309e-05
-3.85 0.5 2.49309e-05
-3.85 0.55 2.49309e-05
-3.85 0.6 2.49309e-05
-3.85 0.65 2.49309e-05
-3.85 0.7 2.49309e-05
-3.85 0.75 2.49309e-05
-3.85 0.8 2.49309e-05
-3.85 0.85 2.49309e-05
-3.85 0.9 2.49309e-05
-3.85 0.95 2.49309e-05
-3.85 1 2.49309e-05
-3.85 1.05 2.49309e-05
-3.85 1.1 2.49309e-05
-3.85 1.15 2.49309e-05
-3.85 1.2 2.49309e-05
-3.85 1.25 2.49309e-05
-3.85 1.3 2.49309e-05
-3.85 1.35 2.49309e-05
-3.85 1.4 2.49309e-05
-3.85 1.45 2.49309e-05
-3.85 1.5 2.49309e-05
-3.85 1.55 2.49309e-05
-3.85 1.6 2.49309e-05
-3.85 1.65 2.49309e-05
-3.85 1.7 2.49309e-05
-3.85 1.75 2.49309e-05
-3.85 1.8 2.49309e-05
-3.85 1.85 2.49309e-05
-3.85 1.9 2.49309e-05
-3.85 1.95 2.49309e-05
-3.85 2 2.49309e-05
-3.85 2.05 2.49309e-05
-3.85 2.1 2.49309e-05
-3.85 2.15 2.49309e-05
-3.85 2.2 2.4931e-05
-3.85 2.25 2.4931e-05
-3.85 2.3 2.4931e-05
-3.85 2.35 2.49311e-05
-3.85 2.4 2.49312e-05
-3.85 2.45 2.49313e-05
-3.85 2.5 2.49314e-05

-3.8 -2.5 2.49309e-05
-3.8 -2.45 2.49309e-05
-3.8 -2.4 2.49309e-05
-3.8 -2.35 2.49309e-05
-3.8 -2.3 2.49309e-05
-3.8 -2.25 2.49309e-05
-3.8 -2.2 2.49309e-05
-3.8 -2.15 2.49309e-05
-3.8 -2.1 2.49309e-05
-3.8 -2.05 2.49309e-05
-3.8 -2 2.49309e-05
-3.8 -1.95 2.49309e-05
-3.8 -1.9 2.49309e-05
-3.8 -1.85 2.49309e-05
-3.8 -1.8 2.49309e-05
-3.8 -1.75 2.49309e-05
-3.8 -1.7 2.49309e-05
-3.8 -1.65 2.49309e-05
-3.8 -1.6 2.49309e-05
-3.8 -1.55 2.49309e-05
-3.8 -1.5 2.49309e-05
-3.8 -1.45 2.49309e-05
-3.8 -1.4 2.49309e-05
-3.8 -1.35 2.49309e-05
-3.8 -1.3 2.49309e-05
-3.8 -1.25 2.49309e-05
-3.8 -1.2 2.49309e-05
-3.8 -1.15 2.49309e-05
-3.8 -1.1 2.49309e-05
-3.8 -1.05 2.49309e-05
-3.8 -1 2.49309e-05
-3.8 -0.95 2.49309e-05
-3.8 -0.9 2.49309e-05
-3.8 -0.85 2.49309e-05
-3.8 -0.8 2.49309e-05
-3.8 -0.75 2.49309e-05
-3.8 -0.7 2.49309e-05
-3.8 -0.65 2.49309e-05
-3.8 -0.6 2.49309e-05
-3.8 -0.55 2.49309e-05
-3.8 -0.5 2.49309e-05
-3.8 -0.45 2.49309e-05
-3.8 -0.4 2.49309e-05
-3.8 -0.35 2.49309e-05
-3.8 -0.3 2.49309e-05
-3.8 -0.25 2.49309e-05
-3.8 -0.2 2.49309e-05
-3.8 -0.15 2.49309e-05
-3.8 -0.1 2.49309e-05
-3.8 -0.05 2.49309e-05
-3.8 -5.13478e-16 2.49309e-05
-3.8 0.05 2.49309e-05
-3.8 0.1 2.49309e-05
-3.8 0.15 2.49309e-05
-3.8 0.2 2.49309e-05
-3.8 0.25 2.49309e-05
-3.8 0.3 2.49309e-05
-3.8 0.35 2.49309e-05
-3.8 0.4 2.49309e-05
-3.8 0.45 2.49309e-05
-3.8 0.5 2.49309e-05
-3.8 0.55 2.49309e-05
-3.8 0.6 2.49309e-05
-3.8 0.65 2.49309e-05
-3.8 0.7 2.49309e-05
-3.8 0.75 2.49309e-05
-3.8 0.8 2.49309e-05
-3.8 0.85 2.49309e-05
-3.8 0.9 2.49309e-05
-3.8 0.95 2.49309e-05
-3.8 1 2.49309e-05
-3.8 1.05 2.49309e-05
-3.8 1.1 2.49309e-05
-3.8 1.15 2.49309e-05
-3.8 1.2 2.49309e-05
-3.8 1.25 2.49309e-05
-3.8 1.3 2.49309e-05
-3.8 1.35 2.49309e-05
-3.8 1.4 2.49309e-05
-3.8 1.45 2.49309e-05
-3.8 1.5 2.49309e-05
-3.8 1.55 2.49309e-05
-3.8 1.6 2.49309e-05
-3.8 1.65 2.49309e-05
-3.8 1.7 2.49309e-05
-3.8 1.75 2.49309e-05
-3.8 1.8 2.49309e-05
-3.8 1.85 2.49309e-05
-3.8 1.9 2.49309e-05
-3.8 1.95 2.49309e-05
-3.8 2 2.49309e-05
-3.8 2.05 2.49309e-05
-3.8 2.1 2.4931e-05
-3.8 2.15 2.4931e-05
-3.8 2.2 2.4931e-05
-3.8 2.25 2.49311e-05
-3.8 2.3 2.49311e-05
-3.8 2.35 2.49312e-05
-3.8 2.4 2.49314e-05
-3.8 2.45 2.49315e-05
-3.8 2.5 2.49317e-05

-3.75 -2.5 2.49309e-05
-3.75 -2.45 2.49309e-05
-3.75 -2.4 2.49309e-05
-3.75 -2.35 2.49309e-05
-3.75 -2.3 2.49309e-05
-3.75 -2.25 2.49309e-05
-3.75 -2.2 2.49309e-05
-3.75 -2.15 2.49309e-05
-3.75 -2.1 2.49309e-05
-3.75 -2.05 2.49309e-05
-3.75 -2 2.49309e-05
-3.75 -1.95 2.49309e-05
-3.75 -1.9 2.49309e-05
-3.75 -1.85 2.49309e-05
-3.75 -1.8 2.49309e-05
-3.75 -1.75 2.49309e-05
-3.75 -1.7 2.49309e-05
-3.75 -1.65 2.49309e-05
-3.75 -1.6 2.49309e-05
-3.75 -1.55 2.49309e-05
-3.75 -1.5 2.49309e-05
-3.75 -1.45 2.49309e-05
-3.75 -1.4 2.49309e-05
-3.75 -1.35 2.49309e-05
-3.75 -1.3 2.49309e-05
-3.75 -1.25 2.49309e-05
-3.75 -1.2 2.49309e-05
-3.75 -1.15 2.49309e-05
-3.75 -1.1 2.49309e-05
-3.75 -1.05 2.49309e-05
-3.75 -1 2.49309e-05
-3.75 -0.95 2.49309e-05
-3.75 -0.9 2.49309e-05
-3.75 -0.85 2.49309e-05
-3.75 -0.8 2.49309e-05
-3.75 -0.75 2.49309e-05
-3.75 -0.7 2.49309e-05
-3.75 -0.65 2.49309e-05
-3.75 -0.6 2.49309e-05
-3.75 -0.55 2.49309e-05
-3.75 -0.5 2.49309e-05
-3.75 -0.45 2.49309e-05
-3.75 -0.4 2.49309e-05
-3.75 -0.35 2.49309e-05
-3.75 -0.3 2.49309e-05
-3.75 -0.25 2.49309e-05
-3.75 -0.2 2.49309e-05
-3.75 -0.15 2.49309e-05
-3.75 -0.1 2.49309e-05
-3.75 -0.05 2.49309e-05
-3.75 -5.13478e-16 2.49309e-05
-3.75 0.05 2.49309e-05
-3.75 0.1 2.49309e-05
-3.75 0.15 2.49309e-05
-3.75 0.2 2.49309e-05
-3.75 0.25 2.49309e-05
-3.75 0.3 2.49309e-05
-3.75 0.35 2.49309e-05
-3.75 0.4 2.49309e-05
-3.75 0.45 2.49309e-05
-3.75 0.5 2.49309e-05
-3.75 0.55 2.49309e-05
-3.75 0.6 2.49309e-05
-3.75 0.65 2.49309e-05
-3.75 0.7 2.49309e-05
-3.75 0.75 2.49309e-05
-3.75 0.8 2.49309e-05
-3.75 0.85 2.49309e-05
-3.75 0.9 2.49309e-05
-3.75 0.95 2.49309e-05
-3.75 1 2.49309e-05
-3.75 1.05 2.49309e-05
-3.75 1.1 2.49309e-05
-3.75 1.15 2.49309e-05
-3.75 1.2 2.49309e-05
-3.75 1.25 2.49309e-05
-3.75 1.3 2.49309e-05
-3.75 1.35 2.49309e-05
-3.75 1.4 2.49309e-05
-3.75 1.45 2.49309e-05
-3.75 1.5 2.49309e-05
-3.75 1.55 2.49309e-05
-3.75 1.6 2.49309e-05
-3.75 1.65 2.49309e-05
-3.75 1.7 2.49309e-05
-3.75 1.75 2.49309e-05
-3.75 1.8 2.49309e-05
-3.75 1.85 2.49309e-05
-3.75 1.9 2.49309e-05
-3.75 1.95 2.49309e-05
-3.75 2 2.4931e-05
-3.75 2.05 2.4931e-05
-3.75 2.1 2.4931e-05
-3.75 2.15 2.49311e-05
-3.75 2.2 2.49311e-05
-3.75 2.25 2.49312e-05
-3.75 2.3 2.49313e-05
-3.75 2.35 2.49315e-05
-3.75 2.4 2.49317e-05
-3.75 2.45 2.49319e-05
-3.75 2.5 2.49323e-05

-3.7 -2.5 2.49309e-05
-3.7 -2.45 2.49309e-05
-3.7 -2.4 2.49309e-05
-3.7 -2.35 2.49309e-05
-3.7 -2.3 2.49309e-05
-3.7 -2.25 2.49309e-05
-3.7 -2.2 2.49309e-05
-3.7 -2.15 2.49309e-05
-3.7 -2.1 2.49309e-05
-3.7 -2.05 2.49309e-05
-3.7 -2 2.49309e-05
-3.7 -1.95 2.49309e-05
-3.7 -1.9 2.49309e-05
-3.7 -1.85 2.49309e-05
-3.7 -1.8 2.49309e-05
-3.7 -1.75 2.49309e-05
-3.7 -1.7 2.49309e-05
-3.7 -1.65 2.49309e-05
-3.7 -1.6 2.49309e-05
-3.7 -1.55 2.49309e-05
-3.7 -1.5 2.49309e-05
-3.7 -1.45 2.49309e-05
-3.7 -1.4 2.49309e-05
-3.7 -1.35 2.49309e-05
-3.7 -1.3 2.49309e-05
-3.7 -1.25 2.49309e-05
-3.7 -1.2 2.49309e-05
-3.7 -1.15 2.49309e-05
-3.7 -1.1 2.49309e-05
-3.7 -1.05 2.49309e-05
-3.7 -1 2.49309e-05
-3.7 -0.95 2.49309e-05
-3.7 -0.9 2.49309e-05
-3.7 -0.85 2.49309e-05
-3.7 -0.8 2.49309e-05
-3.7 -0.75 2.49309e-05
-3.7 -0.7 2.49309e-05
-3.7 -0.65 2.49309e-05
-3.7 -0.6 2.49309e-05
-3.7 -0.55 2.49309e-05
-3.7 -0.5 2.49309e-05
-3.7 -0.45 2.49309e-05
-3.7 -0.4 2.49309e-05
-3.7 -0.35 2.49309e-05
-3.7 -0.3 2.49309e-05
-3.7 -0.25 2.49309e-05
-3.7 -0.2 2.49309e-05
-3.7 -0.15 2.49309e-05
-3.7 -0.1 2.49309e-05
-3.7 -0.05 2.49309e-05
-3.7 -5.13478e-16 2.49309e-05
-3.7 0.05 2.49309e-05
-3.7 0.1 2.49309e-05
-3.7 0.15 2.49309e-05
-3.7 0.2 2.49309e-05
-3.7 0.25 2.49309e-05
-3.7 0.3 2.49309e-05
-3.7 0.35 2.49309e-05
-3.7 0.4 2.49309e-05
-3.7 0.45 2.49309e-05
-3.7 0.5 2.49309e-05
-3.7 0.55 2.49309e-05
-3.7 0.6 2.49309e-05
-3.7 0.65 2.49309e-05
-3.7 0.7 2.49309e-05
-3.7 0.75 2.49309e-05
-3.7 0.8 2.49309e-05
-3.7 0.85 2.49309e-05
-3.7 0.9 2.49309e-05
-3.7 0.95 2.49309e-05
-3.7 1 2.49309e-05
-3.7 1.05 2.49309e-05
-3.7 1.1 2.49309e-05
-3.7 1.15 2.49309e-05
-3.7 1.2 2.49309e-05
-3.7 1.25 2.49309e-05
-3.7 1.3 2.49309e-05
-3.7 1.35 2.49309e-05
-3.7 1.4 2.49309e-05
-3.7 1.45 2.49309e-05
-3.7 1.5 2.49309e-05
-3.7 1.55 2.49309e-05
-3.7 1.6 2.49309e-05
-3.7 1.65 2.49309e-05
-3.7 1.7 2.49309e-05
-3.7 1.75 2.49309e-05
-3.7 1.8 2.49309e-05
-3.7 1.85 2.49309e-05
-3.7 1.9 2.49309e-05
-3.7 1.95 2.4931e-05
-3.7 2 2.4931e-05
-3.7 2.05 2.4931e-05
-3.7 2.1 2.49311e-05
-3.7 2.15 2.49312e-05
-3.7 2.2 2.49313e-05
-3.7 2.25 2.49314e-05
-3.7 2.3 2.49316e-05
-3.7 2.35 2.49318e-05
-3.7 2.4 2.49322e-05
-3.7 2.45 2.49326e-05
-3.7 2.5 2.49331e-05

-3.65 -2.5 2.49309e-05
-3.65 -2.45 2.49309e-05
-3.65 -2.4 2.49309e-05
-3.65 -2.35 2.49309e-05
-3.65 -2.3 2.49309e-05
-3.65 -2.25 2.49309e-05
-3.65 -2.2 2.49309e-05
-3.65 -2.15 2.49309e-05
-3.65 -2.1 2.49309e-05
-3.65 -2.05 2.49309e-05
-3.65 -2 2.49309e-05
-3.65 -1.95 2.49309e-05
-3.65 -1.9 2.49309e-05
-3.65 -1.85 2.49309e-05
-3.65 -1.8 2.49309e-05
-3.65 -1.75 2.49309e-05
-3.65 -1.7 2.49309e-05
-3.65 -1.65 2.49309e-05
-3.65 -1.6 2.49309e-05
-3.65 -1.55 2.49309e-05
-3.65 -1.5 2.49309e-05
-3.65 -1.45 2.49309e-05
-3.65 -1.4 2.49309e-05
-3.65 -1.35 2.49309e-05
-3.65 -1.3 2.49309e-05
-3.65 -1.25 2.49309e-05
-3.65 -1.2 2.49309e-05
-3.65 -1.15 2.49309e-05
-3.65 -1.1 2.49309e-05
-3.65 -1.05 2.49309e-05
-3.65 -1 2.49309e-05
-3.65 -0.95 2.49309e-05
-3.65 -0.9 2.49309e-05
-3.65 -0.85 2.49309e-05
-3.65 -0.8 2.49309e-05
-3.65 -0.75 2.49309e-05
-3.65 -0.7 2.49309e-05
-3.65 -0.65 2.49309e-05
-3.65 -0.6 2.49309e-05
-3.65 -0.55 2.49309e-05
-3.65 -0.5 2.49309e-05
-3.65 -0.45 2.49309e-05
-3.65 -0.4 2.49309e-05
-3.65 -0.35 2.49309e-05
-3.65 -0.3 2.49309e-05
-3.65 -0.25 2.49309e-05
-3.65 -0.2 2.49309e-05
-3.65 -0.15 2.49309e-05
-3.65 -0.1 2.49309e-05
-3.65 -0.05 2.49309e-05
-3.65 -5.13478e-16 2.49309e-05
-3.65 0.05 2.49309e-05
-3.65 0.1 2.49309e-05
-3.65 0.15 2.49309e-05
-3.65 0.2 2.49309e-05
-3.65 0.25 2.49309e-05
-3.65 0.3 2.49309e-05
-3.65 0.35 2.49309e-05
-3.65 0.4 2.49309e-05
-3.65 0.45 2.49309e-05
-3.65 0.5 2.49309e-05
-3.65 0.55 2.49309e-05
-3.65 0.6 2.49309e-05
-3.65 0.65 2.49309e-05
-3.65 0.7 2.49309e-05
-3.65 0.75 2.49309e-05
-3.65 0.8 2.49309e-05
-3.65 0.85 2.49309e-05
-3.65 0.9 2.49309e-05
-3.65 0.95 2.49309e-05
-3.65 1 2.49309e-05
-3.65 1.05 2.49309e-05
-3.65 1.1 2.49309e-05
-3.65 1.15 2.49309e-05
-3.65 1.2 2.49309e-05
-3.65 1.25 2.49309e-05
-3.65 1.3 2.49309e-05
-3.65 1.35 2.49309e-05
-3.65 1.4 2.49309e-05
-3.65 1.45 2.49309e-05
-3.65 1.5 2.49309e-05
-3.65 1.55 2.49309e-05
-3.65 1.6 2.49309e-05
-3.65 1.65 2.49309e-05
-3.65 1.7 2.49309e-05
-3.65 1.75 2.49309e-05
-3.65 1.8 2.49309e-05
-3.65 1.85 2.4931e-05
-3.65 1.9 2.4931e-05
-3.65 1.95 2.4931e-05
-3.65 2 2.49311e-05
-3.65 2.05 2.49312e-05
-3.65 2.1 2.49312e-05
-3.65 2.15 2.49314e-05
-3.65 2.2 2.49315e-05
-3.65 2.25 2.49318e-05
-3.65 2.3 2.4932e-05
-3.65 2.35 2.49324e-05
-3.65 2.4 2.49329e-05
-3.65 2.45 2.49336e-05
-3.65 2.5 2.49345e-05

-3.6 -2.5 2.49309e-05
-3.6 -2.45 2.49309e-05
-3.6 -2.4 2.49309e-05
-3.6 -2.35 2.49309e-05
-3.6 -2.3 2.49309e-05
-3.6 -2.25 2.49309e-05
-3.6 -2.2 2.49309e-05
-3.6 -2.15 2.49309e-05
-3.6 -2.1 2.49309e-05
-3.6 -2.05 2.49309e-05
-3.6 -2 2.49309e-05
-3.6 -1.95 2.49309e-05
-3.6 -1.9 2.49309e-05
-3.6 -1.85 2.49309e-05
-3.6 -1.8 2.49309e-05
-3.6 -1.75 2.49309e-05
-3.6 -1.7 2.49309e-05
-3.6 -1.65 2.49309e-05
-3.6 -1.6 2.49309e-05
-3.6 -1.55 2.49309e-05
-3.6 -1.5 2.49309e-05
-3.6 -1.45 2.49309e-05
-3.6 -1.4 2.49309e-05
-3.6 -1.35 2.49309e-05
-3.6 -1.3 2.49309e-05
-3.6 -1.25 2.49309e-05
-3.6 -1.2 2.49309e-05
-3.6 -1.15 2.49309e-05
-3.6 -1.1 2.49309e-05
-3.6 -1.05 2.49309e-05
-3.6 -1 2.49309e-05
-3.6 -0.95 2.49309e-05
-3.6 -0.9 2.49309e-05
-3.6 -0.85 2.49309e-05
-3.6 -0.8 2.49309e-05
-3.6 -0.75 2.49309e-05
-3.6 -0.7 2.49309e-05
-3.6 -0.65 2.49309e-05
-3.6 -0.6 2.49309e-05
-3.6 -0.55 2.49309e-05
-3.6 -0.5 2.49309e-05
-3.6 -0.45 2.49309e-05
-3.6 -0.4 2.49309e-05
-3.6 -0.35 2.49309e-05
-3.6 -0.3 2.49309e-05
-3.6 -0.25 2.49309e-05
-3.6 -0.2 2.49309e-05
-3.6 -0.15 2.49309e-05
-3.6 -0.1 2.49309e-05
-3.6 -0.05 2.49309e-05
-3.6 -5.13478e-16 2.49309e-05
-3.6 0.05 2.49309e-05
-3.6 0.1 2.49309e-05
-3.6 0.15 2.49309e-05
-3.6 0.2 2.49309e-05
-3.6 0.25 2.49309e-05
-3.6 0.3 2.49309e-05
-3.6 0.35 2.49309e-05
-3.6 0.4 2.49309e-05
-3.6 0.45 2.49309e-05
-3.6 0.5 2.49309e-05
-3.6 0.55 2.49309e-05
-3.6 0.6 2.49309e-05
-3.6 0.65 2.49309e-05
-3.6 0.7 2.49309e-05
-3.6 0.75 2.49309e-05
-3.6 0.8 2.49309e-05
-3.6 0.85 2.49309e-05
-3.6 0.9 2.49309e-05
-3.6 0.95 2.49309e-05
-3.6 1 2.49309e-05
-3.6 1.05 2.49309e-05
-3.6 1.1 2.49309e-05
-3.6 1.15 2.49309e-05
-3.6 1.2 2.49309e-05
-3.6 1.25 2.49309e-05
-3.6 1.3 2.49309e-05
-3.6 1.35 2.49309e-05
-3.6 1.4 2.49309e-05
-3.6 1.45 2.49309e-05
-3.6 1.5 2.49309e-05
-3.6 1.55 2.49309e-05
-3.6 1.6 2.49309e-05
-3.6 1.65 2.49309e-05
-3.6 1.7 2.49309e-05
-3.6 1.75 2.4931e-05
-3.6 1.8 2.4931e-05
-3.6 1.85 2.4931e-05
-3.6 1.9 2.49311e-05
-3.6 1.95 2.49311e-05
-3.6 2 2.49312e-05
-3.6 2.05 2.49313e-05
-3.6 2.1 2.49315e-05
-3.6 2.15 2.49317e-05
-3.6 2.2 2.49319e-05
-3.6 2.25 2.49323e-05
-3.6 2.3 2.49328e-05
-3.6 2.35 2.49334e-05
-3.6 2.4 2.49342e-05
-3.6 2.45 2.49353e-05
-3.6 2.5 2.49368e-05

-3.55 -2.5 2.49309e-05
-3.55 -2.45 2.49309e-05
-3.55 -2.4 2.49309e-05
-3.55 -2.35 2.49309e-05
-3.55 -2.3 2.49309e-05
-3.55 -2.25 2.49309e-05
-3.55 -2.2 2.49309e-05
-3.55 -2.15 2.49309e-05
-3.55 -2.1 2.49309e-05
-3.55 -2.05 2.49309e-05
-3.55 -2 2.49309e-05
-3.55 -1.95 2.49309e-05
-3.55 -1.9 2.49309e-05
-3.55 -1.85 2.49309e-05
-3.55 -1.8 2.49309e-05
-3.55 -1.75 2.49309e-05
-3.55 -1.7 2.49309e-05
-3.55 -1.65 2.49309e-05
-3.55 -1.6 2.49309e-05
-3.55 -1.55 2.49309e-05
-3.55 -1.5 2.49309e-05
-3.55 -1.45 2.49309e-05
-3.55 -1.4 2.49309e-05
-3.55 -1.35 2.49309e-05
-3.55 -1.3 2.49309e-05
-3.55 -1.25 2.49309e-05
-3.55 -1.2 2.49309e-05
-3.55 -1.15 2.49309e-05
-3.55 -1.1 2.49309e-05
-3.55 -1.05 2.49309e-05
-3.55 -1 2.49309e-05
-3.55 -0.95 2.49309e-05
-3.55 -0.9 2.49309e-05
-3.55 -0.85 2.49309e-05
-3.55 -0.8 2.49309e-05
-3.55 -0.75 2.49309e-05
-3.55 -0.7 2.49309e-05
-3.55 -0.65 2.49309e-05
-3.55 -0.6 2.49309e-05
-3.55 -0.55 2.49309e-05
-3.55 -0.5 2.49309e-05
-3.55 -0.45 2.49309e-05
-3.55 -0.4 2.49309e-05
-3.55 -0.35 2.49309e-05
-3.55 -0.3 2.49309e-05
-3.55 -0.25 2.49309e-05
-3.55 -0.2 2.49309e-05
-3.55 -0.15 2.49309e-05
-3.55 -0.1 2.49309e-05
-3.55 -0.05 2.49309e-05
-3.55 -5.13478e-16 2.49309e-05
-3.55 0.05 2.49309e-05
-3.55 0.1 2.49309e-05
-3.55 0.15 2.49309e-05
-3.55 0.2 2.49309e-05
-3.55 0.25 2.49309e-05
-3.55 0.3 2.49309e-05
-3.55 0.35 2.49309e-05
-3.55 0.4 2.49309e-05
-3.55 0.45 2.49309e-05
-3.55 0.5 2.49309e-05
-3.55 0.55 2.49309e-05
-3.55 0.6 2.49309e-05
-3.55 0.65 2.49309e-05
-3.55 0.7 2.49309e-05
-3.55 0.75 2.49309e-05
-3.55 0.8 2.49309e-05
-3.55 0.85 2.49309e-05
-3.55 0.9 2.49309e-05
-3.55 0.95 2.49309e-05
-3.55 1 2.49309e-05
-3.55 1.05 2.49309e-05
-3.55 1.1 2.49309e-05
-3.55 1.15 2.49309e-05
-3.55 1.2 2.49309e-05
-3.55 1.25 2.49309e-05
-3.55 1.3 2.49309e-05
-3.55 1.35 2.49309e-05
-3.55 1.4 2.49309e-05
-3.55 1.45 2.49309e-05
-3.55 1.5 2.49309e-05
-3.55 1.55 2.49309e-05
-3.55 1.6 2.49309e-05
-3.55 1.65 2.49309e-05
-3.55 1.7 2.4931e-05
-3.55 1.75 2.4931e-05
-3.55 1.8 2.4931e-05
-3.55 1.85 2.49311e-05
-3.55 1.9 2.49312e-05
-3.55 1.95 2.49313e-05
-3.55 2 2.49314e-05
-3.55 2.05 2.49316e-05
-3.55 2.1 2.49319e-05
-3.55 2.15 2.49322e-05
-3.55 2.2 2.49326e-05
-3.55 2.25 2.49332e-05
-3.55 2.3 2.49339e-05
-3.55 2.35 2.4935e-05
-3.55 2.4 2.49363e-05
-3.55 2.45 2.49381e-05
-3.55 2.5 2.49405e-05

-3.5 -2.5 2.49309e-05
-3.5 -2.45 2.49309e-05
-3.5 -2.4 2.49309e-05
-3.5 -2.35 2.49309e-05
-3.5 -2.3 2.49309e-05
-3.5 -2.25 2.49309e-05
-3.5 -2.2 2.49309e-05
-3.5 -2.15 2.49309e-05
-3.5 -2.1 2.49309e-05
-3.5 -2.05 2.49309e-05
-3.5 -2 2.49309e-05
-3.5 -1.95 2.49309e-05
-3.5 -1.9 2.49309e-05
-3.5 -1.85 2.49309e-05
-3.5 -1.8 2.49309e-05
-3.5 -1.75 2.49309e-05
-3.5 -1.7 2.49309e-05
-3.5 -1.65 2.49309e-05
-3.5 -1.6 2.49309e-05
-3.5 -1.55 2.49309e-05
-3.5 -1.5 2.49309e-05
-3.5 -1.45 2.49309e-05
-3.5 -1.4 2.49309e-05
-3.5 -1.35 2.49309e-05
-3.5 -1.3 2.49309e-05
-3.5 -1.25 2.49309e-05
-3.5 -1.2 2.49309e-05
-3.5 -1.15 2.49309e-05
-3.5 -1.1 2.49309e-05
-3.5 -1.05 2.49309e-05
-3.5 -1 2.49309e-05
-3.5 -0.95 2.49309e-05
-3.5 -0.9 2.49309e-05
-3.5 -0.85 2.49309e-05
-3.5 -0.8 2.49309e-05
-3.5 -0.75 2.49309e-05
-3.5 -0.7 2.49309e-05
-3.5 -0.65 2.49309e-05
-3.5 -0.6 2.49309e-05
-3.5 -0.55 2.49309e-05
-3.5 -0.5 2.49309e-05
-3.5 -0.45 2.49309e-05
-3.5 -0.4 2.49309e-05
-3.5 -0.35 2.49309e-05
-3.5 -0.3 2.49309e-05
-3.5 -0.25 2.49309e-05
-3.5 -0.2 2.49309e-05
-3.5 -0.15 2.49309e-05
-3.5 -0.1 2.49309e-05
-3.5 -0.05 2.49309e-05
-3.5 -5.13478e-16 2.49309e-05
-3.5 0.05 2.49309e-05
-3.5 0.1 2.49309e-05
-3.5 0.15 2.49309e-05
-3.5 0.2 2.49309e-05
-3.5 0.25 2.49309e-05
-3.5 0.3 2.49309e-05
-3.5 0.35 2.49309e-05
-3.5 0.4 2.49309e-05
-3.5 0.45 2.49309e-05
-3.5 0.5 2.49309e-05
-3.5 0.55 2.49309e-05
-3.5 0.6 2.49309e-05
-3.5 0.65 2.49309e-05
-3.5 0.7 2.49309e-05
-3.5 0.75 2.49309e-05
-3.5 0.8 2.49309e-05
-3.5 0.85 2.49309e-05
-3.5 0.9 2.49309e-05
-3.5 0.95 2.49309e-05
-3.5 1 2.49309e-05
-3.5 1.05 2.49309e-05
-3.5 1.1 2.49309e-05
-3.5 1.15 2.49309e-05
-3.5 1.2 2.49309e-05
-3.5 1.25 2.49309e-05
-3.5 1.3 2.49309e-05
-3.5 1.35 2.49309e-05
-3.5 1.4 2.49309e-05
-3.5 1.45 2.49309e-05
-3.5 1.5 2.49309e-05
-3.5 1.55 2.49309e-05
-3.5 1.6 2.4931e-05
-3.5 1.65 2.4931e-05
-3.5 1.7 2.4931e-05
-3.5 1.75 2.49311e-05
-3.5 1.8 2.49312e-05
-3.5 1.85 2.49313e-05
-3.5 1.9 2.49314e-05
-3.5 1.95 2.49315e-05
-3.5 2 2.49318e-05
-3.5 2.05 2.49321e-05
-3.5 2.1 2.49325e-05
-3.5 2.15 2.4933e-05
-3.5 2.2 2.49337e-05
-3.5 2.25 2.49346e-05
-3.5 2.3 2.49358e-05
-3.5 2.35 2.49375e-05
-3.5 2.4 2.49397e-05
-3.5 2.45 2.49426e-05
-3.5 2.5 2.49465e-05

-3.45 -2.5 2.49309e-05
-3.45 -2.45 2.49309e-05
-3.45 -2.4 2.49309e-05
-3.45 -2.35 2.49309e-05
-3.45 -2.3 2.49309e-05
-3.45 -2.25 2.49309e-05
-3.45 -2.2 2.49309e-05
-3.45 -2.15 2.49309e-05
-3.45 -2.1 2.49309e-05
-3.45 -2.05 2.49309e-05
-3.45 -2 2.49309e-05
-3.45 -1.95 2.49309e-05
-3.45 -1.9 2.49309e-05
-3.45 -1.85 2.49309e-05
-3.45 -1.8 2.49309e-05
-3.45 -1.75 2.49309e-05
-3.45 -1.7 2.49309e-05
-3.45 -1.65 2.49309e-05
-3.45 -1.6 2.49309e-05
-3.45 -1.55 2.49309e-05
-3.45 -1.5 2.49309e-05
-3.45 -1.45 2.49309e-05
-3.45 -1.4 2.49309e-05
-3.45 -1.35 2.49309e-05
-3.45 -1.3 2.49309e-05
-3.45 -1.25 2.49309e-05
-3.45 -1.2 2.49309e-05
-3.45 -1.15 2.49309e-05
-3.45 -1.1 2.49309e-05
-3.45 -1.05 2.49309e-05
-3.45 -1 2.49309e-05
-3.45 -0.95 2.49309e-05
-3.45 -0.9 2.49309e-05
-3.45 -0.85 2.49309e-05
-3.45 -0.8 2.49309e-05
-3.45 -0.75 2.49309e-05
-3.45 -0.7 2.49309e-05
-3.45 -0.65 2.49309e-05
-3.45 -0.6 2.49309e-05
-3.45 -0.55 2.49309e-05
-3.45 -0.5 2.49309e-05
-3.45 -0.45 2.49309e-05
-3.45 -0.4 2.49309e-05
-3.45 -0.35 2.49309e-05
-3.45 -0.3 2.49309e-05
-3.45 -0.25 2.49309e-05
-3.45 -0.2 2.49309e-05
-3.45 -0.15 2.49309e-05
-3.45 -0.1 2.49309e-05
-3.45 -0.05 2.49309e-05
-3.45 -5.13478e-16 2.49309e-05
-3.45 0.05 2.49309e-05
-3.45 0.1 2.49309e-05
-3.45 0.15 2.49309e-05
-3.45 0.2 2.49309e-05
-3.45 0.25 2.49309e-05
-3.45 0.3 2.49309e-05
-3.45 0.35 2.49309e-05
-3.45 0.4 2.49309e-05
-3.45 0.45 2.49309e-05
-3.45 0.5 2.49309e-05
-3.45 0.55 2.49309e-05
-3.45 0.6 2.49309e-05
-3.45 0.65 2.49309e-05
-3.45 0.7 2.49309e-05
-3.45 0.75 2.49309e-05
-3.45 0.8 2.49309e-05
-3.45 0.85 2.49309e-05
-3.45 0.9 2.49309e-05
-3.45 0.95 2.49309e-05
-3.45 1 2.49309e-05
-3.45 1.05 2.49309e-05
-3.45 1.1 2.49309e-05
-3.45 1.15 2.49309e-05
-3.45 1.2 2.49309e-05
-3.45 1.25 2.49309e-05
-3.45 1.3 2.49309e-05
-3.45 1.35 2.49309e-05
-3.45 1.4 2.49309e-05
-3.45 1.45 2.49309e-05
-3.45 1.5 2.4931e-05
-3.45 1.55 2.4931e-05
-3.45 1.6 2.4931e-05
-3.45 1.65 2.49311e-05
-3.45 1.7 2.49311e-05
-3.45 1.75 2.49312e-05
-3.45 1.8 2.49313e-05
-3.45 1.85 2.49315e-05
-3.45 1.9 2.49317e-05
-3.45 1.95 2.4932e-05
-3.45 2 2.49323e-05
-3.45 2.05 2.49328e-05
-3.45 2.1 2.49334e-05
-3.45 2.15 2.49343e-05
-3.45 2.2 2.49354e-05
-3.45 2.25 2.49369e-05
-3.45 2.3 2.49389e-05
-3.45 2.35 2.49416e-05
-3.45 2.4 2.49451e-05
-3.45 2.45 2.49498e-05
-3.45 2.5 2.49561e-05

-3.4 -2.5 2.49309e-05
-3.4 -2.45 2.49309e-05
-3.4 -2.4 2.49309e-05
-3.4 -2.35 2.49309e-05
-3.4 -2.3 2.49309e-05
-3.4 -2.25 2.49309e-05
-3.4 -2.2 2.49309e-05
-3.4 -2.15 2.49309e-05
-3.4 -2.1 2.49309e-05
-3.4 -2.05 2.49309e-05
-3.4 -2 2.49309e-05
-3.4 -1.95 2.49309e-05
-3.4 -1.9 2.49309e-05
-3.4 -1.85 2.49309e-05
-3.4 -1.8 2.49309e-05
-3.4 -1.75 2.49309e-05
-3.4 -1.7 2.49309e-05
-3.4 -1.65 2.49309e-05
-3.4 -1.6 2.49309e-05
-3.4 -1.55 2.49309e-05
-3.4 -1.5 2.49309e-05
-3.4 -1.45 2.49309e-05
-3.4 -1.4 2.49309e-05
-3.4 -1.35 2.49309e-05
-3.4 -1.3 2.49309e-05
-3.4 -1.25 2.49309e-05
-3.4 -1.2 2.49309e-05
-3.4 -1.15 2.49309e-05
-3.4 -1.1 2.49309e-05
-3.4 -1.05 2.49309e-05
-3.4 -1 2.49309e-05
-3.4 -0.95 2.49309e-05
-3.4 -0.9 2.49309e-05
-3.4 -0.85 2.49309e-05
-3.4 -0.8 2.49309e-05
-3.4 -0.75 2.49309e-05
-3.4 -0.7 2.49309e-05
-3.4 -0.65 2.49309e-05
-3.4 -0.6 2.49309e-05
-3.4 -0.55 2.49309e-05
-3.4 -0.5 2.49309e-05
-3.4 -0.45 2.49309e-05
-3.4 -0.4 2.49309e-05
-3.4 -0.35 2.49309e-05
-3.4 -0.3 2.49309e-05
-3.4 -0.25 2.49309e-05
-3.4 -0.2 2.49309e-05
-3.4 -0.15 2.49309e-05
-3.4 -0.1 2.49309e-05
-3.4 -0.05 2.49309e-05
-3.4 -5.13478e-16 2.49309e-05
-3.4 0.05 2.49309e-05
-3.4 0.1 2.49309e-05
-3.4 0.15 2.49309e-05
-3.4 0.2 2.49309e-05
-3.4 0.25 2.49309e-05
-3.4 0.3 2.49309e-05
-3.4 0.35 2.49309e-05
-3.4 0.4 2.49309e-05
-3.4 0.45 2.49309e-05
-3.4 0.5 2.49309e-05
-3.4 0.55 2.49309e-05
-3.4 0.6 2.49309e-05
-3.4 0.65 2.49309e-05
-3.4 0.7 2.49309e-05
-3.4 0.75 2.49309e-05
-3.4 0.8 2.49309e-05
-3.4 0.85 2.49309e-05
-3.4 0.9 2.49309e-05
-3.4 0.95 2.49309e-05
-3.4 1 2.49309e-05
-3.4 1.05 2.49309e-05
-3.4 1.1 2.49309e-05
-3.4 1.15 2.49309e-05
-3.4 1.2 2.49309e-05
-3.4 1.25 2.49309e-05
-3.4 1.3 2.49309e-05
-3.4 1.35 2.49309e-05
-3.4 1.4 2.49309e-05
-3.4 1.45 2.4931e-05
-3.4 1.5 2.4931e-05
-3.4 1.55 2.49311e-05
-3.4 1.6 2.49311e-05
-3.4 1.65 2.49312e-05
-3.4 1.7 2.49313e-05
-3.4 1.75 2.49314e-05
-3.4 1.8 2.49316e-05
-3.4 1.85 2.49319e-05
-3.4 1.9 2.49322e-05
-3.4 1.95 2.49326e-05
-3.4 2 2.49332e-05
-3.4 2.05 2.4934e-05
-3.4 2.1 2.4935e-05
-3.4 2.15 2.49364e-05
-3.4 2.2 2.49383e-05
-3.4 2.25 2.49407e-05
-3.4 2.3 2.49439e-05
-3.4 2.35 2.49482e-05
-3.4 2.4 2.4954e-05
-3.4 2.45 2.49616e-05
-3.4 2.5 2.49718e-05

-3.35 -2.5 2.49309e-05
-3.35 -2.45 2.49309e-05
-3.35 -2.4 2.49309e-05
-3.35 -2.35 2.49309e-05
-3.35 -2.3 2.49309e-05
-3.35 -2.25 2.49309e-05
-3.35 -2.2 2.49309e-05
-3.35 -2.15 2.49309e-05
-3.35 -2.1 2.49309e-05
-3.35 -2.05 2.49309e-05
-3.35 -2 2.49309e-05
-3.35 -1.95 2.49309e-05
-3.35 -1.9 2.49309e-05
-3.35 -1.85 2.49309e-05
-3.35 -1.8 2.49309e-05
-3.35 -1.75 2.49309e-05
-3.35 -1.7 2.49309e-05
-3.35 -1.65 2.49309e-05
-3.35 -1.6 2.49309e-05
-3.35 -1.55 2.49309e-05
-3.35 -1.5 2.49309e-05
-3.35 -1.45 2.49309e-05
-3.35 -1.4 2.49309e-05
-3.35 -1.35 2.49309e-05
-3.35 -1.3 2.49309e-05
-3.35 -1.25 2.49309e-05
-3.35 -1.2 2.49309e-05
-3.35 -1.15 2.49309e-05
-3.35 -1.1 2.49309e-05
-3.35 -1.05 2.49309e-05
-3.35 -1 2.49309e-05
-3.35 -0.95 2.49309e-05
-3.35 -0.9 2.49309e-05
-3.35 -0.85 2.49309e-05
-3.35 -0.8 2.49309e-05
-3.35 -0.75 2.49309e-05
-3.35 -0.7 2.49309e-05
-3.35 -0.65 2.49309e-05
-3.35 -0.6 2.49309e-05
-3.35 -0.55 2.49309e-05
-3.35 -0.5 2.49309e-05
-3.35 -0.45 2.49309e-05
-3.35 -0.4 2.49309e-05
-3.35 -0.35 2.49309e-05
-3.35 -0.3 2.49309e-05
-3.35 -0.25 2.49309e-05
-3.35 -0.2 2.49309e-05
-3.35 -0.15 2.49309e-05
-3.35 -0.1 2.49309e-05
-3.35 -0.05 2.49309e-05
-3.35 -5.13478e-16 2.49309e-05
-3.35 0.05 2.49309e-05
-3.35 0.1 2.49309e-05
-3.35 0.15 2.49309e-05
-3.35 0.2 2.49309e-05
-3.35 0.25 2.49309e-05
-3.35 0.3 2.49309e-05
-3.35 0.35 2.49309e-05
-3.35 0.4 2.49309e-05
-3.35 0.45 2.49309e-05
-3.35 0.5 2.49309e-05
-3.35 0.55 2.49309e-05
-3.35 0.6 2.49309e-05
-3.35 0.65 2.49309e-05
-3.35 0.7 2.49309e-05
-3.35 0.75 2.49309e-05
-3.35 0.8 2.49309e-05
-3.35 0.85 2.49309e-05
-3.35 0.9 2.49309e-05
-3.35 0.95 2.49309e-05
-3.35 1 2.49309e-05
-3.35 1.05 2.49309e-05
-3.35 1.1 2.49309e-05
-3.35 1.15 2.49309e-05
-3.35 1.2 2.49309e-05
-3.35 1.25 2.49309e-05
-3.35 1.3 2.49309e-05
-3.35 1.35 2.4931e-05
-3.35 1.4 2.4931e-05
-3.35 1.45 2.4931e-05
-3.35 1.5 2.49311e-05
-3.35 1.55 2.49312e-05
-3.35 1.6 2.49313e-05
-3.35 1.65 2.49314e-05
-3.35 1.7 2.49316e-05
-3.35 1.75 2.49318e-05
-3.35 1.8 2.49321e-05
-3.35 1.85 2.49325e-05
-3.35 1.9 2.4933e-05
-3.35 1.95 2.49337e-05
-3.35 2 2.49347e-05
-3.35 2.05 2.4936e-05
-3.35 2.1 2.49376e-05
-3.35 2.15 2.49399e-05
-3.35 2.2 2.49428e-05
-3.35 2.25 2.49468e-05
-3.35 2.3 2.4952e-05
-3.35 2.35 2.4959e-05
-3.35 2.4 2.49683e-05
-3.35 2.45 2.49807e-05
-3.35 2.5 2.49971e-05

-3.3 -2.5 2.49309e-05
-3.3 -2.45 2.49309e-05
-3.3 -2.4 2.49309e-05
-3.3 -2.35 2.49309e-05
-3.3 -2.3 2.49309e-05
-3.3 -2.25 2.49309e-05
-3.3 -2.2 2.49309e-05
-3.3 -2.15 2.49309e-05
-3.3 -2.1 2.49309e-05
-3.3 -2.05 2.49309e-05
-3.3 -2 2.49309e-05
-3.3 -1.95 2.49309e-05
-3.3 -1.9 2.49309e-05
-3.3 -1.85 2.49309e-05
-3.3 -1.8 2.49309e-05
-3.3 -1.75 2.49309e-05
-3.3 -1.7 2.49309e-05
-3.3 -1.65 2.49309e-05
-3.3 -1.6 2.49309e-05
-3.3 -1.55 2.49309e-05
-3.3 -1.5 2.49309e-05
-3.3 -1.45 2.49309e-05
-3.3 -1.4 2.49309e-05
-3.3 -1.35 2.49309e-05
-3.3 -1.3 2.49309e-05
-3.3 -1.25 2.49309e-05
-3.3 -1.2 2.49309e-05
-3.3 -1.15 2.49309e-05
-3.3 -1.1 2.49309e-05
-3.3 -1.05 2.49309e-05
-3.3 -1 2.49309e-05
-3.3 -0.95 2.49309e-05
-3.3 -0.9 2.49309e-05
-3.3 -0.85 2.49309e-05
-3.3 -0.8 2.49309e-05
-3.3 -0.75 2.49309e-05
-3.3 -0.7 2.49309e-05
-3.3 -0.65 2.49309e-05
-3.3 -0.6 2.49309e-05
-3.3 -0.55 2.49309e-05
-3.3 -0.5 2.49309e-05
-3.3 -0.45 2.49309e-05
-3.3 -0.4 2.49309e-05
-3.3 -0.35 2.49309e-05
-3.3 -0.3 2.49309e-05
-3.3 -0.25 2.49309e-05
-3.3 -0.2 2.49309e-05
-3.3 -0.15 2.49309e-05
-3.3 -0.1 2.49309e-05
-3.3 -0.05 2.49309e-05
-3.3 -5.13478e-16 2.49309e-05
-3.3 0.05 2.49309e-05
-3.3 0.1 2.49309e-05
-3.3 0.15 2.49309e-05
-3.3 0.2 2.49309e-05
-3.3 0.25 2.49309e-05
-3.3 0.3 2.49309e-05
-3.3 0.35 2.49309e-05
-3.3 0.4 2.49309e-05
-3.3 0.45 2.49309e-05
-3.3 0.5 2.49309e-05
-3.3 0.55 2.49309e-05
-3.3 0.6 2.49309e-05
-3.3 0.65 2.49309e-05
-3.3 0.7 2.49309e-05
-3.3 0.75 2.49309e-05
-3.3 0.8 2.49309e-05
-3.3 0.85 2.49309e-05
-3.3 0.9 2.49309e-05
-3.3 0.95 2.49309e-05
-3.3 1 2.49309e-05
-3.3 1.05 2.49309e-05
-3.3 1.1 2.49309e-05
-3.3 1.15 2.49309e-05
-3.3 1.2 2.49309e-05
-3.3 1.25 2.4931e-05
-3.3 1.3 2.4931e-05
-3.3 1.35 2.4931e-05
-3.3 1.4 2.49311e-05
-3.3 1.45 2.49311e-05
-3.3 1.5 2.49312e-05
-3.3 1.55 2.49313e-05
-3.3 1.6 2.49315e-05
-3.3 1.65 2.49317e-05
-3.3 1.7 2.4932e-05
-3.3 1.75 2.49324e-05
-3.3 1.8 2.49328e-05
-3.3 1.85 2.49335e-05
-3.3 1.9 2.49344e-05
-3.3 1.95 2.49355e-05
-3.3 2 2.49371e-05
-3.3 2.05 2.49391e-05
-3.3 2.1 2.49418e-05
-3.3 2.15 2.49454e-05
-3.3 2.2 2.49502e-05
-3.3 2.25 2.49566e-05
-3.3 2.3 2.49652e-05
-3.3 2.35 2.49765e-05
-3.3 2.4 2.49915e-05
-3.3 2.45 2.50116e-05
-3.3 2.5 2.50383e-05

-3.25 -2.5 2.49309e-05
-3.25 -2.45 2.49309e-05
-3.25 -2.4 2.49309e-05
-3.25 -2.35 2.49309e-05
-3.25 -2.3 2.49309e-05
-3.25 -2.25 2.49309e-05
-3.25 -2.2 2.49309e-05
-3.25 -2.15 2.49309e-05
-3.25 -2.1 2.49309e-05
-3.25 -2.05 2.49309e-05
-3.25 -2 2.49309e-05
-3.25 -1.95 2.49309e-05
-3.25 -1.9 2.49309e-05
-3.25 -1.85 2.49309e-05
-3.25 -1.8 2.49309e-05
-3.25 -1.75 2.49309e-05
-3.25 -1.7 2.49309e-05
-3.25 -1.65 2.49309e-05
-3.25 -1.6 2.49309e-05
-3.25 -1.55 2.49309e-05
-3.25 -1.5 2.49309e-05
-3.25 -1.45 2.49309e-05
-3.25 -1.4 2.49309e-05
-3.25 -1.35 2.49309e-05
-3.25 -1.3 2.49309e-05
-3.25 -1.25 2.49309e-05
-3.25 -1.2 2.49309e-05
-3.25 -1.15 2.49309e-05
-3.25 -1.1 2.49309e-05
-3.25 -1.05 2.49309e-05
-3.25 -1 2.49309e-05
-3.25 -0.95 2.49309e-05
-3.25 -0.9 2.49309e-05
-3.25 -0.85 2.49309e-05
-3.25 -0.8 2.49309e-05
-3.25 -0.75 2.49309e-05
-3.25 -0.7 2.49309e-05
-3.25 -0.65 2.49309e-05
-3.25 -0.6 2.49309e-05
-3.25 -0.55 2.49309e-05
-3.25 -0.5 2.49309e-05
-3.25 -0.45 2.49309e-05
-3.25 -0.4 2.49309e-05
-3.25 -0.35 2.49309e-05
-3.25 -0.3 2.49309e-05
-3.25 -0.25 2.49309e-05
-3.25 -0.2 2.49309e-05
-3.25 -0.15 2.49309e-05
-3.25 -0.1 2.49309e-05
-3.25 -0.05 2.49309e-05
-3.25 -5.13478e-16 2.49309e-05
-3.25 0.05 2.49309e-05
-3.25 0.1 2.49309e-05
-3.25 0.15 2.49309e-05
-3.25 0.2 2.49309e-05
-3.25 0.25 2.49309e-05
-3.25 0.3 2.49309e-05
-3.25 0.35 2.49309e-05
-3.25 0.4 2.49309e-05
-3.25 0.45 2.49309e-05
-3.25 0.5 2.49309e-05
-3.25 0.55 2.49309e-05
-3.25 0.6 2.49309e-05
-3.25 0.65 2.49309e-05
-3.25 0.7 2.49309e-05
-3.25 0.75 2.49309e-05
-3.25 0.8 2.49309e-05
-3.25 0.85 2.49309e-05
-3.25 0.9 2.49309e-05
-3.25 0.95 2.49309e-05
-3.25 1 2.49309e-05
-3.25 1.05 2.49309e-05
-3.25 1.1 2.49309e-05
-3.25 1.15 2.49309e-05
-3.25 1.2 2.4931e-05
-3.25 1.25 2.4931e-05
-3.25 1.3 2.49311e-05
-3.25 1.35 2.49311e-05
-3.25 1.4 2.49312e-05
-3.25 1.45 2.49313e-05
-3.25 1.5 2.49314e-05
-3.25 1.55 2.49316e-05
-3.25 1.6 2.49319e-05
-3.25 1.65 2.49322e-05
-3.25 1.7 2.49327e-05
-3.25 1.75 2.49333e-05
-3.25 1.8 2.49341e-05
-3.25 1.85 2.49351e-05
-3.25 1.9 2.49365e-05
-3.25 1.95 2.49384e-05
-3.25 2 2.49409e-05
-3.25 2.05 2.49442e-05
-3.25 2.1 2.49486e-05
-3.25 2.15 2.49545e-05
-3.25 2.2 2.49623e-05
-3.25 2.25 2.49726e-05
-3.25 2.3 2.49864e-05
-3.25 2.35 2.50048e-05
-3.25 2.4 2.50292e-05
-3.25 2.45 2.50617e-05
-3.25 2.5 2.5105e-05

-3.2 -2.5 2.49309e-05
-3.2 -2.45 2.49309e-05
-3.2 -2.4 2.49309e-05
-3.2 -2.35 2.49309e-05
-3.2 -2.3 2.49309e-05
-3.2 -2.25 2.49309e-05
-3.2 -2.2 2.49309e-05
-3.2 -2.15 2.49309e-05
-3.2 -2.1 2.49309e-05
-3.2 -2.05 2.49309e-05
-3.2 -2 2.49309e-05
-3.2 -1.95 2.49309e-05
-3.2 -1.9 2.49309e-05
-3.2 -1.85 2.49309e-05
-3.2 -1.8 2.49309e-05
-3.2 -1.75 2.49309e-05
-3.2 -1.7 2.49309e-05
-3.2 -1.65 2.49309e-05
-3.2 -1.6 2.49309e-05
-3.2 -1.55 2.49309e-05
-3.2 -1.5 2.49309e-05
-3.2 -1.45 2.49309e-05
-3.2 -1.4 2.49309e-05
-3.2 -1.35 2.49309e-05
-3.2 -1.3 2.49309e-05
-3.2 -1.25 2.49309e-05
-3.2 -1.2 2.49309e-05
-3.2 -1.15 2.49309e-05
-3.2 -1.1 2.49309e-05
-3.2 -1.05 2.49309e-05
-3.2 -1 2.49309e-05
-3.2 -0.95 2.49309e-05
-3.2 -0.9 2.49309e-05
-3.2 -0.85 2.49309e-05
-3.2 -0.8 2.49309e-05
-3.2 -0.75 2.49309e-05
-3.2 -0.7 2.49309e-05
-3.2 -0.65 2.49309e-05
-3.2 -0.6 2.49309e-05
-3.2 -0.55 2.49309e-05
-3.2 -0.5 2.49309e-05
-3.2 -0.45 2.49309e-05
-3.2 -0.4 2.49309e-05
-3.2 -0.35 2.49309e-05
-3.2 -0.3 2.49309e-05
-3.2 -0.25 2.49309e-05
-3.2 -0.2 2.49309e-05
-3.2 -0.15 2.49309e-05
-3.2 -0.1 2.49309e-05
-3.2 -0.05 2.49309e-05
-3.2 -5.13478e-16 2.49309e-05
-3.2 0.05 2.49309e-05
-3.2 0.1 2.49309e-05
-3.2 0.15 2.49309e-05
-3.2 0.2 2.49309e-05
-3.2 0.25 2.49309e-05
-3.2 0.3 2.49309e-05
-3.2 0.35 2.49309e-05
-3.2 0.4 2.49309e-05
-3.2 0.45 2.49309e-05
-3.2 0.5 2.49309e-05
-3.2 0.55 2.49309e-05
-3.2 0.6 2.49309e-05
-3.2 0.65 2.49309e-05
-3.2 0.7 2.49309e-05
-3.2 0.75 2.49309e-05
-3.2 0.8 2.49309e-05
-3.2 0.85 2.49309e-05
-3.2 0.9 2.49309e-05
-3.2 0.95 2.49309e-05
-3.2 1 2.49309e-05
-3.2 1.05 2.49309e-05
-3.2 1.1 2.4931e-05
-3.2 1.15 2.4931e-05
-3.2 1.2 2.4931e-05
-3.2 1.25 2.49311e-05
-3.2 1.3 2.49312e-05
-3.2 1.35 2.49313e-05
-3.2 1.4 2.49314e-05
-3.2 1.45 2.49316e-05
-3.2 1.5 2.49318e-05
-3.2 1.55 2.49321e-05
-3.2 1.6 2.49325e-05
-3.2 1.65 2.49331e-05
-3.2 1.7 2.49338e-05
-3.2 1.75 2.49348e-05
-3.2 1.8 2.49361e-05
-3.2 1.85 2.49378e-05
-3.2 1.9 2.49401e-05
-3.2 1.95 2.49431e-05
-3.2 2 2.49471e-05
-3.2 2.05 2.49525e-05
-3.2 2.1 2.49596e-05
-3.2 2.15 2.49691e-05
-3.2 2.2 2.49817e-05
-3.2 2.25 2.49985e-05
-3.2 2.3 2.50209e-05
-3.2 2.35 2.50506e-05
-3.2 2.4 2.50903e-05
-3.2 2.45 2.51431e-05
-3.2 2.5 2.52134e-05

-3.15 -2.5 2.49309e-05
-3.15 -2.45 2.49309e-05
-3.15 -2.4 2.49309e-05
-3.15 -2.35 2.49309e-05
-3.15 -2.3 2.49309e-05
-3.15 -2.25 2.49309e-05
-3.15 -2.2 2.49309e-05
-3.15 -2.15 2.49309e-05
-3.15 -2.1 2.49309e-05
-3.15 -2.05 2.49309e-05
-3.15 -2 2.49309e-05
-3.15 -1.95 2.49309e-05
-3.15 -1.9 2.49309e-05
-3.15 -1.85 2.49309e-05
-3.15 -1.8 2.49309e-05
-3.15 -1.75 2.49309e-05
-3.15 -1.7 2.49309e-05
-3.15 -1.65 2.49309e-05
-3.15 -1.6 2.49309e-05
-3.15 -1.55 2.49309e-05
-3.15 -1.5 2.49309e-05
-3.15 -1.45 2.49309e-05
-3.15 -1.4 2.49309e-05
-3.15 -1.35 2.49309e-05
-3.15 -1.3 2.49309e-05
-3.15 -1.25 2.49309e-05
-3.15 -1.2 2.49309e-05
-3.15 -1.15 2.49309e-05
-3.15 -1.1 2.49309e-05
-3.15 -1.05 2.49309e-05
-3.15 -1 2.49309e-05
-3.15 -0.95 2.49309e-05
-3.15 -0.9 2.49309e-05
-3.15 -0.85 2.49309e-05
-3.15 -0.8 2.49309e-05
-3.15 -0.75 2.49309e-05
-3.15 -0.7 2.49309e-05
-3.15 -0.65 2.49309e-05
-3.15 -0.6 2.49309e-05
-3.15 -0.55 2.49309e-05
-3.15 -0.5 2.49309e-05
-3.15 -0.45 2.49309e-05
-3.15 -0.4 2.49309e-05
-3.15 -0.35 2.49309e-05
-3.15 -0.3 2.49309e-05
-3.15 -0.25 2.49309e-05
-3.15 -0.2 2.49309e-05
-3.15 -0.15 2.49309e-05
-3.15 -0.1 2.49309e-05
-3.15 -0.05 2.49309e-05
-3.15 -5.13478e-16 2.49309e-05
-3.15 0.05 2.49309e-05
-3.15 0.1 2.49309e-05
-3.15 0.15 2.49309e-05
-3.15 0.2 2.49309e-05
-3.15 0.25 2.49309e-05
-3.15 0.3 2.49309e-05
-3.15 0.35 2.49309e-05
-3.15 0.4 2.49309e-05
-3.15 0.45 2.49309e-05
-3.15 0.5 2.49309e-05
-3.15 0.55 2.49309e-05
-3.15 0.6 2.49309e-05
-3.15 0.65 2.49309e-05
-3.15 0.7 2.49309e-05
-3.15 0.75 2.49309e-05
-3.15 0.8 2.49309e-05
-3.15 0.85 2.49309e-05
-3.15 0.9 2.49309e-05
-3.15 0.95 2.49309e-05
-3.15 1 2.4931e-05
-3.15 1.05 2.4931e-05
-3.15 1.1 2.4931e-05
-3.15 1.15 2.49311e-05
-3.15 1.2 2.49311e-05
-3.15 1.25 2.49312e-05
-3.15 1.3 2.49314e-05
-3.15 1.35 2.49315e-05
-3.15 1.4 2.49317e-05
-3.15 1.45 2.4932e-05
-3.15 1.5 2.49324e-05
-3.15 1.55 2.49329e-05
-3.15 1.6 2.49336e-05
-3.15 1.65 2.49344e-05
-3.15 1.7 2.49356e-05
-3.15 1.75 2.49372e-05
-3.15 1.8 2.49393e-05
-3.15 1.85 2.4942e-05
-3.15 1.9 2.49457e-05
-3.15 1.95 2.49506e-05
-3.15 2 2.49572e-05
-3.15 2.05 2.49659e-05
-3.15 2.1 2.49774e-05
-3.15 2.15 2.49928e-05
-3.15 2.2 2.50133e-05
-3.15 2.25 2.50405e-05
-3.15 2.3 2.50768e-05
-3.15 2.35 2.51251e-05
-3.15 2.4 2.51895e-05
-3.15 2.45 2.52753e-05
-3.15 2.5 2.53898e-05

-3.1 -2.5 2.49309e-05
-3.1 -2.45 2.49309e-05
-3.1 -2.4 2.49309e-05
-3.1 -2.35 2.49309e-05
-3.1 -2.3 2.49309e-05
-3.1 -2.25 2.49309e-05
-3.1 -2.2 2.49309e-05
-3.1 -2.15 2.49309e-05
-3.1 -2.1 2.49309e-05
-3.1 -2.05 2.49309e-05
-3.1 -2 2.49309e-05
-3.1 -1.95 2.49309e-05
-3.1 -1.9 2.49309e-05
-3.1 -1.85 2.49309e-05
-3.1 -1.8 2.49309e-05
-3.1 -1.75 2.49309e-05
-3.1 -1.7 2.49309e-05
-3.1 -1.65 2.49309e-05
-3.1 -1.6 2.49309e-05
-3.1 -1.55 2.49309e-05
-3.1 -1.5 2.49309e-05
-3.1 -1.45 2.49309e-05
-3.1 -1.4 2.49309e-05
-3.1 -1.35 2.49309e-05
-3.1 -1.3 2.49309e-05
-3.1 -1.25 2.49309e-05
-3.1 -1.2 2.49309e-05
-3.1 -1.15 2.49309e-05
-3.1 -1.1 2.49309e-05
-3.1 -1.05 2.49309e-05
-3.1 -1 2.49309e-05
-3.1 -0.95 2.49309e-05
-3.1 -0.9 2.49309e-05
-3.1 -0.85 2.49309e-05
-3.1 -0.8 2.49309e-05
-3.1 -0.75 2.49309e-05
-3.1 -0.7 2.49309e-05
-3.1 -0.65 2.49309e-05
-3.1 -0.6 2.49309e-05
-3.1 -0.55 2.49309e-05
-3.1 -0.5 2.49309e-05
-3.1 -0.45 2.49309e-05
-3.1 -0.4 2.49309e-05
-3.1 -0.35 2.49309e-05
-3.1 -0.3 2.49309e-05
-3.1 -0.25 2.49309e-05
-3.1 -0.2 2.49309e-05
-3.1 -0.15 2.49309e-05
-3.1 -0.1 2.49309e-05
-3.1 -0.05 2.49309e-05
-3.1 -5.13478e-16 2.49309e-05
-3.1 0.05 2.49309e-05
-3.1 0.1 2.49309e-05
-3.1 0.15 2.49309e-05
-3.1 0.2 2.49309e-05
-3.1 0.25 2.49309e-05
-3.1 0.3 2.49309e-05
-3.1 0.35 2.49309e-05
-3.1 0.4 2.49309e-05
-3.1 0.45 2.49309e-05
-3.1 0.5 2.49309e-05
-3.1 0.55 2.49309e-05
-3.1 0.6 2.49309e-05
-3.1 0.65 2.49309e-05
-3.1 0.7 2.49309e-05
-3.1 0.75 2.49309e-05
-3.1 0.8 2.49309e-05
-3.1 0.85 2.49309e-05
-3.1 0.9 2.4931e-05
-3.1 0.95 2.4931e-05
-3.1 1 2.4931e-05
-3.1 1.05 2.49311e-05
-3.1 1.1 2.49311e-05
-3.1 1.15 2.49312e-05
-3.1 1.2 2.49313e-05
-3.1 1.25 2.49315e-05
-3.1 1.3 2.49317e-05
-3.1 1.35 2.49319e-05
-3.1 1.4 2.49323e-05
-3.1 1.45 2.49327e-05
-3.1 1.5 2.49333e-05
-3.1 1.55 2.49341e-05
-3.1 1.6 2.49352e-05
-3.1 1.65 2.49367e-05
-3.1 1.7 2.49386e-05
-3.1 1.75 2.49411e-05
-3.1 1.8 2.49445e-05
-3.1 1.85 2.4949e-05
-3.1 1.9 2.4955e-05
-3.1 1.95 2.49629e-05
-3.1 2 2.49735e-05
-3.1 2.05 2.49876e-05
-3.1 2.1 2.50063e-05
-3.1 2.15 2.50313e-05
-3.1 2.2 2.50645e-05
-3.1 2.25 2.51087e-05
-3.1 2.3 2.51676e-05
-3.1 2.35 2.52461e-05
-3.1 2.4 2.53508e-05
-3.1 2.45 2.54907e-05
-3.1 2.5 2.56776e-05

-3.05 -2.5 2.49309e-05
-3.05 -2.45 2.49309e-05
-3.05 -2.4 2.49309e-05
-3.05 -2.35 2.49309e-05
-3.05 -2.3 2.49309e-05
-3.05 -2.25 2.49309e-05
-3.05 -2.2 2.49309e-05
-3.05 -2.15 2.49309e-05
-3.05 -2.1 2.49309e-05
-3.05 -2.05 2.49309e-05
-3.05 -2 2.49309e-05
-3.05 -1.95 2.49309e-05
-3.05 -1.9 2.49309e-05
-3.05 -1.85 2.49309e-05
-3.05 -1.8 2.49309e-05
-3.05 -1.75 2.49309e-05
-3.05 -1.7 2.49309e-05
-3.05 -1.65 2.49309e-05
-3.05 -1.6 2.49309e-05
-3.05 -1.55 2.49309e-05
-3.05 -1.5 2.49309e-05
-3.05 -1.45 2.49309e-05
-3.05 -1.4 2.49309e-05
-3.05 -1.35 2.49309e-05
-3.05 -1.3 2.49309e-05
-3.05 -1.25 2.49309e-05
-3.05 -1.2 2.49309e-05
-3.05 -1.15 2.49309e-05
-3.05 -1.1 2.49309e-05
-3.05 -1.05 2.49309e-05
-3.05 -1 2.49309e-05
-3.05 -0.95 2.49309e-05
-3.05 -0.9 2.49309e-05
-3.05 -0.85 2.49309e-05
-3.05 -0.8 2.49309e-05
-3.05 -0.75 2.49309e-05
-3.05 -0.7 2.49309e-05
-3.05 -0.65 2.49309e-05
-3.05 -0.6 2.49309e-05
-3.05 -0.55 2.49309e-05
-3.05 -0.5 2.49309e-05
-3.05 -0.45 2.49309e-05
-3.05 -0.4 2.49309e-05
-3.05 -0.35 2.49309e-05
-3.05 -0.3 2.49309e-05
-3.05 -0.25 2.49309e-05
-3.05 -0.2 2.49309e-05
-3.05 -0.15 2.49309e-05
-3.05 -0.1 2.49309e-05
-3.05 -0.05 2.49309e-05
-3.05 -5.13478e-16 2.49309e-05
-3.05 0.05 2.49309e-05
-3.05 0.1 2.49309e-05
-3.05 0.15 2.49309e-05
-3.05 0.2 2.49309e-05
-3.05 0.25 2.49309e-05
-3.05 0.3 2.49309e-05
-3.05 0.35 2.49309e-05
-3.05 0.4 2.49309e-05
-3.05 0.45 2.49309e-05
-3.05 0.5 2.49309e-05
-3.05 0.55 2.49309e-05
-3.05 0.6 2.49309e-05
-3.05 0.65 2.49309e-05
-3.05 0.7 2.49309e-05
-3.05 0.75 2.49309e-05
-3.05 0.8 2.49309e-05
-3.05 0.85 2.4931e-05
-3.05 0.9 2.4931e-05
-3.05 0.95 2.4931e-05
-3.05 1 2.49311e-05
-3.05 1.05 2.49312e-05
-3.05 1.1 2.49313e-05
-3.05 1.15 2.49314e-05
-3.05 1.2 2.49316e-05
-3.05 1.25 2.49318e-05
-3.05 1.3 2.49321e-05
-3.05 1.35 2.49326e-05
-3.05 1.4 2.49331e-05
-3.05 1.45 2.49339e-05
-3.05 1.5 2.49349e-05
-3.05 1.55 2.49362e-05
-3.05 1.6 2.49379e-05
-3.05 1.65 2.49402e-05
-3.05 1.7 2.49433e-05
-3.05 1.75 2.49475e-05
-3.05 1.8 2.49529e-05
-3.05 1.85 2.49602e-05
-3.05 1.9 2.49699e-05
-3.05 1.95 2.49828e-05
-3.05 2 2.49999e-05
-3.05 2.05 2.50228e-05
-3.05 2.1 2.50532e-05
-3.05 2.15 2.50936e-05
-3.05 2.2 2.51475e-05
-3.05 2.25 2.52194e-05
-3.05 2.3 2.53152e-05
-3.05 2.35 2.5443e-05
-3.05 2.4 2.56139e-05
-3.05 2.45 2.58427e-05
-3.05 2.5 2.61494e-05

-3 -2.5 2.49309e-05
-3 -2.45 2.49309e-05
-3 -2.4 2.49309e-05
-3 -2.35 2.49309e-05
-3 -2.3 2.49309e-05
-3 -2.25 2.49309e-05
-3 -2.2 2.49309e-05
-3 -2.15 2.49309e-05
-3 -2.1 2.49309e-05
-3 -2.05 2.49309e-05
-3 -2 2.49309e-05
-3 -1.95 2.49309e-05
-3 -1.9 2.49309e-05
-3 -1.85 2.49309e-05
-3 -1.8 2.49309e-05
-3 -1.75 2.49309e-05
-3 -1.7 2.49309e-05
-3 -1.65 2.49309e-05
-3 -1.6 2.49309e-05
-3 -1.55 2.49309e-05
-3 -1.5 2.49309e-05
-3 -1.45 2.49309e-05
-3 -1.4 2.49309e-05
-3 -1.35 2.49309e-05
-3 -1.3 2.49309e-05
-3 -1.25 2.49309e-05
-3 -1.2 2.49309e-05
-3 -1.15 2.49309e-05
-3 -1.1 2.49309e-05
-3 -1.05 2.49309e-05
-3 -1 2.49309e-05
-3 -0.95 2.49309e-05
-3 -0.9 2.49309e-05
-3 -0.85 2.49309e-05
-3 -0.8 2.49309e-05
-3 -0.75 2.49309e-05
-3 -0.7 2.49309e-05
-3 -0.65 2.49309e-05
-3 -0.6 2.49309e-05
-3 -0.55 2.49309e-05
-3 -0.5 2.49309e-05
-3 -0.45 2.49309e-05
-3 -0.4 2.49309e-05
-3 -0.35 2.49309e-05
-3 -0.3 2.49309e-05
-3 -0.25 2.49309e-05
-3 -0.2 2.49309e-05
-3 -0.15 2.49309e-05
-3 -0.1 2.49309e-05
-3 -0.05 2.49309e-05
-3 -5.13478e-16 2.49309e-05
-3 0.05 2.49309e-05
-3 0.1 2.49309e-05
-3 0.15 2.49309e-05
-3 0.2 2.49309e-05
-3 0.25 2.49309e-05
-3 0.3 2.49309e-05
-3 0.35 2.49309e-05
-3 0.4 2.49309e-05
-3 0.45 2.49309e-05
-3 0.5 2.49309e-05
-3 0.55 2.49309e-05
-3 0.6 2.49309e-05
-3 0.65 2.49309e-05
-3 0.7 2.49309e-05
-3 0.75 2.4931e-05
-3 0.8 2.4931e-05
-3 0.85 2.4931e-05
-3 0.9 2.49311e-05
-3 0.95 2.49312e-05
-3 1 2.49312e-05
-3 1.05 2.49314e-05
-3 1.1 2.49315e-05
-3 1.15 2.49317e-05
-3 1.2 2.4932e-05
-3 1.25 2.49324e-05
-3 1.3 2.49329e-05
-3 1.35 2.49336e-05
-3 1.4 2.49345e-05
-3 1.45 2.49357e-05
-3 1.5 2.49373e-05
-3 1.55 2.49395e-05
-3 1.6 2.49423e-05
-3 1.65 2.49461e-05
-3 1.7 2.49511e-05
-3 1.75 2.49577e-05
-3 1.8 2.49666e-05
-3 1.85 2.49784e-05
-3 1.9 2.49941e-05
-3 1.95 2.5015e-05
-3 2 2.50428e-05
-3 2.05 2.50799e-05
-3 2.1 2.51292e-05
-3 2.15 2.51949e-05
-3 2.2 2.52826e-05
-3 2.25 2.53995e-05
-3 2.3 2.55557e-05
-3 2.35 2.57647e-05
-3 2.4 2.60447e-05
-3 2.45 2.64211e-05
-3 2.5 2.69283e-05

-2.95 -2.5 2.49309e-05
-2.95 -2.45 2.49309e-05
-2.95 -2.4 2.49309e-05
-2.95 -2.35 2.49309e-05
-2.95 -2.3 2.49309e-05
-2.95 -2.25 2.49309e-05
-2.95 -2.2 2.49309e-05
-2.95 -2.15 2.49309e-05
-2.95 -2.1 2.49309e-05
-2.95 -2.05 2.49309e-05
-2.95 -2 2.49309e-05
-2.95 -1.95 2.49309e-05
-2.95 -1.9 2.49309e-05
-2.95 -1.85 2.49309e-05
-2.95 -1.8 2.49309e-05
-2.95 -1.75 2.49309e-05
-2.95 -1.7 2.49309e-05
-2.95 -1.65 2.49309e-05
-2.95 -1.6 2.49309e-05
-2.95 -1.55 2.49309e-05
-2.95 -1.5 2.49309e-05
-2.95 -1.45 2.49309e-05
-2.95 -1.4 2.49309e-05
-2.95 -1.35 2.49309e-05
-2.95 -1.3 2.49309e-05
-2.95 -1.25 2.49309e-05
-2.95 -1.2 2.49309e-05
-2.95 -1.15 2.49309e-05
-2.95 -1.1 2.49309e-05
-2.95 -1.05 2.49309e-05
-2.95 -1 2.49309e-05
-2.95 -0.95 2.49309e-05
-2.95 -0.9 2.49309e-05
-2.95 -0.85 2.49309e-05
-2.95 -0.8 2.49309e-05
-2.95 -0.75 2.49309e-05
-2.95 -0.7 2.49309e-05
-2.95 -0.65 2.49309e-05
-2.95 -0.6 2.49309e-05
-2.95 -0.55 2.49309e-05
-2.95 -0.5 2.49309e-05
-2.95 -0.45 2.49309e-05
-2.95 -0.4 2.49309e-05
-2.95 -0.35 2.49309e-05
-2.95 -0.3 2.49309e-05
-2.95 -0.25 2.49309e-05
-2.95 -0.2 2.49309e-05
-2.95 -0.15 2.49309e-05
-2.95 -0.1 2.49309e-05
-2.95 -0.05 2.49309e-05
-2.95 -5.13478e-16 2.49309e-05
-2.95 0.05 2.49309e-05
-2.95 0.1 2.49309e-05
-2.95 0.15 2.49309e-05
-2.95 0.2 2.49309e-05
-2.95 0.25 2.49309e-05
-2.95 0.3 2.49309e-05
-2.95 0.35 2.49309e-05
-2.95 0.4 2.49309e-05
-2.95 0.45 2.49309e-05
-2.95 0.5 2.49309e-05
-2.95 0.55 2.49309e-05
-2.95 0.6 2.49309e-05
-2.95 0.65 2.4931e-05
-2.95 0.7 2.4931e-05
-2.95 0.75 2.4931e-05
-2.95 0.8 2.49311e-05
-2.95 0.85 2.49311e-05
-2.95 0.9 2.49312e-05
-2.95 0.95 2.49313e-05
-2.95 1 2.49315e-05
-2.95 1.05 2.49317e-05
-2.95 1.1 2.49319e-05
-2.95 1.15 2.49323e-05
-2.95 1.2 2.49328e-05
-2.95 1.25 2.49334e-05
-2.95 1.3 2.49342e-05
-2.95 1.35 2.49353e-05
-2.95 1.4 2.49368e-05
-2.95 1.45 2.49387e-05
-2.95 1.5 2.49413e-05
-2.95 1.55 2.49448e-05
-2.95 1.6 2.49494e-05
-2.95 1.65 2.49555e-05
-2.95 1.7 2.49636e-05
-2.95 1.75 2.49744e-05
-2.95 1.8 2.49888e-05
-2.95 1.85 2.50079e-05
-2.95 1.9 2.50334e-05
-2.95 1.95 2.50673e-05
-2.95 2 2.51124e-05
-2.95 2.05 2.51725e-05
-2.95 2.1 2.52527e-05
-2.95 2.15 2.53597e-05
-2.95 2.2 2.55025e-05
-2.95 2.25 2.56935e-05
-2.95 2.3 2.59492e-05
-2.95 2.35 2.62926e-05
-2.95 2.4 2.67549e-05
-2.95 2.45 2.738e-05
-2.95 2.5 2.82295e-05

-2.9 -2.5 2.49309e-05
-2.9 -2.45 2.49309e-05
-2.9 -2.4 2.49309e-05
-2.9 -2.35 2.49309e-05
-2.9 -2.3 2.49309e-05
-2.9 -2.25 2.49309e-05
-2.9 -2.2 2.49309e-05
-2.9 -2.15 2.49309e-05
-2.9 -2.1 2.49309e-05
-2.9 -2.05 2.49309e-05
-2.9 -2 2.49309e-05
-2.9 -1.95 2.49309e-05
-2.9 -1.9 2.49309e-05
-2.9 -1.85 2.49309e-05
-2.9 -1.8 2.49309e-05
-2.9 -1.75 2.49309e-05
-2.9 -1.7 2.49309e-05
-2.9 -1.65 2.49309e-05
-2.9 -1.6 2.49309e-05
-2.9 -1.55 2.49309e-05
-2.9 -1.5 2.49309e-05
-2.9 -1.45 2.49309e-05
-2.9 -1.4 2.49309e-05
-2.9 -1.35 2.49309e-05
-2.9 -1.3 2.49309e-05
-2.9 -1.25 2.49309e-05
-2.9 -1.2 2.49309e-05
-2.9 -1.15 2.49309e-05
-2.9 -1.1 2.49309e-05
-2.9 -1.05 2.49309e-05
-2.9 -1 2.49309e-05
-2.9 -0.95 2.49309e-05
-2.9 -0.9 2.49309e-05
-2.9 -0.85 2.49309e-05
-2.9 -0.8 2.49309e-05
-2.9 -0.75 2.49309e-05
-2.9 -0.7 2.49309e-05
-2.9 -0.65 2.49309e-05
-2.9 -0.6 2.49309e-05
-2.9 -0.55 2.49309e-05
-2.9 -0.5 2.49309e-05
-2.9 -0.45 2.49309e-05
-2.9 -0.4 2.49309e-05
-2.9 -0.35 2.49309e-05
-2.9 -0.3 2.49309e-05
-2.9 -0.25 2.49309e-05
-2.9 -0.2 2.49309e-05
-2.9 -0.15 2.49309e-05
-2.9 -0.1 2.49309e-05
-2.9 -0.05 2.49309e-05
-2.9 -5.13478e-16 2.49309e-05
-2.9 0.05 2.49309e-05
-2.9 0.1 2.49309e-05
-2.9 0.15 2.49309e-05
-2.9 0.2 2.49309e-05
-2.9 0.25 2.49309e-05
-2.9 0.3 2.49309e-05
-2.9 0.35 2.49309e-05
-2.9 0.4 2.49309e-05
-2.9 0.45 2.49309e-05
-2.9 0.5 2.49309e-05
-2.9 0.55 2.49309e-05
-2.9 0.6 2.4931e-05
-2.9 0.65 2.4931e-05
-2.9 0.7 2.4931e-05
-2.9 0.75 2.49311e-05
-2.9 0.8 2.49312e-05
-2.9 0.85 2.49313e-05
-2.9 0.9 2.49314e-05
-2.9 0.95 2.49316e-05
-2.9 1 2.49318e-05
-2.9 1.05 2.49322e-05
-2.9 1.1 2.49326e-05
-2.9 1.15 2.49332e-05
-2.9 1.2 2.49339e-05
-2.9 1.25 2.49349e-05
-2.9 1.3 2.49363e-05
-2.9 1.35 2.49381e-05
-2.9 1.4 2.49404e-05
-2.9 1.45 2.49436e-05
-2.9 1.5 2.49478e-05
-2.9 1.55 2.49534e-05
-2.9 1.6 2.49608e-05
-2.9 1.65 2.49707e-05
-2.9 1.7 2.49839e-05
-2.9 1.75 2.50014e-05
-2.9 1.8 2.50247e-05
-2.9 1.85 2.50557e-05
-2.9 1.9 2.5097e-05
-2.9 1.95 2.51521e-05
-2.9 2 2.52254e-05
-2.9 2.05 2.53233e-05
-2.9 2.1 2.54538e-05
-2.9 2.15 2.56284e-05
-2.9 2.2 2.5862e-05
-2.9 2.25 2.61754e-05
-2.9 2.3 2.6597e-05
-2.9 2.35 2.71661e-05
-2.9 2.4 2.79382e-05
-2.9 2.45 2.89925e-05
-2.9 2.5 3.0444e-05

-2.85 -2.5 2.49309e-05
-2.85 -2.45 2.49309e-05
-2.85 -2.4 2.49309e-05
-2.85 -2.35 2.49309e-05
-2.85 -2.3 2.49309e-05
-2.85 -2.25 2.49309e-05
-2.85 -2.2 2.49309e-05
-2.85 -2.15 2.49309e-05
-2.85 -2.1 2.49309e-05
-2.85 -2.05 2.49309e-05
-2.85 -2 2.49309e-05
-2.85 -1.95 2.49309e-05
-2.85 -1.9 2.49309e-05
-2.85 -1.85 2.49309e-05
-2.85 -1.8 2.49309e-05
-2.85 -1.75 2.49309e-05
-2.85 -1.7 2.49309e-05
-2.85 -1.65 2.49309e-05
-2.85 -1.6 2.49309e-05
-2.85 -1.55 2.49309e-05
-2.85 -1.5 2.49309e-05
-2.85 -1.45 2.49309e-05
-2.85 -1.4 2.49309e-05
-2.85 -1.35 2.49309e-05
-2.85 -1.3 2.49309e-05
-2.85 -1.25 2.49309e-05
-2.85 -1.2 2.49309e-05
-2.85 -1.15 2.49309e-05
-2.85 -1.1 2.49309e-05
-2.85 -1.05 2.49309e-05
-2.85 -1 2.49309e-05
-2.85 -0.95 2.49309e-05
-2.85 -0.9 2.49309e-05
-2.85 -0.85 2.49309e-05
-2.85 -0.8 2.49309e-05
-2.85 -0.75 2.49309e-05
-2.85 -0.7 2.49309e-05
-2.85 -0.65 2.49309e-05
-2.85 -0.6 2.49309e-05
-2.85 -0.55 2.49309e-05
-2.85 -0.5 2.49309e-05
-2.85 -0.45 2.49309e-05
-2.85 -0.4 2.49309e-05
-2.85 -0.35 2.49309e-05
-2.85 -0.3 2.49309e-05
-2.85 -0.25 2.49309e-05
-2.85 -0.2 2.49309e-05
-2.85 -0.15 2.49309e-05
-2.85 -0.1 2.49309e-05
-2.85 -0.05 2.49309e-05
-2.85 -5.13478e-16 2.49309e-05
-2.85 0.05 2.49309e-05
-2.85 0.1 2.49309e-05
-2.85 0.15 2.49309e-05
-2.85 0.2 2.49309e-05
-2.85 0.25 2.49309e-05
-2.85 0.3 2.49309e-05
-2.85 0.35 2.49309e-05
-2.85 0.4 2.49309e-05
-2.85 0.45 2.49309e-05
-2.85 0.5 2.4931e-05
-2.85 0.55 2.4931e-05
-2.85 0.6 2.4931e-05
-2.85 0.65 2.49311e-05
-2.85 0.7 2.49312e-05
-2.85 0.75 2.49313e-05
-2.85 0.8 2.49314e-05
-2.85 0.85 2.49315e-05
-2.85 0.9 2.49318e-05
-2.85 0.95 2.49321e-05
-2.85 1 2.49325e-05
-2.85 1.05 2.4933e-05
-2.85 1.1 2.49337e-05
-2.85 1.15 2.49346e-05
-2.85 1.2 2.49358e-05
-2.85 1.25 2.49375e-05
-2.85 1.3 2.49396e-05
-2.85 1.35 2.49425e-05
-2.85 1.4 2.49464e-05
-2.85 1.45 2.49515e-05
-2.85 1.5 2.49583e-05
-2.85 1.55 2.49673e-05
-2.85 1.6 2.49794e-05
-2.85 1.65 2.49954e-05
-2.85 1.7 2.50168e-05
-2.85 1.75 2.50452e-05
-2.85 1.8 2.5083e-05
-2.85 1.85 2.51333e-05
-2.85 1.9 2.52005e-05
-2.85 1.95 2.529e-05
-2.85 2 2.54094e-05
-2.85 2.05 2.55689e-05
-2.85 2.1 2.57824e-05
-2.85 2.15 2.60685e-05
-2.85 2.2 2.6453e-05
-2.85 2.25 2.69714e-05
-2.85 2.3 2.76737e-05
-2.85 2.35 2.86304e-05
-2.85 2.4 2.99439e-05
-2.85 2.45 3.17656e-05
-2.85 2.5 3.43251e-05

-2.8 -2.5 2.49309e-05
-2.8 -2.45 2.49309e-05
-2.8 -2.4 2.49309e-05
-2.8 -2.35 2.49309e-05
-2.8 -2.3 2.49309e-05
-2.8 -2.25 2.49309e-05
-2.8 -2.2 2.49309e-05
-2.8 -2.15 2.49309e-05
-2.8 -2.1 2.49309e-05
-2.8 -2.05 2.49309e-05
-2.8 -2 2.49309e-05
-2.8 -1.95 2.49309e-05
-2.8 -1.9 2.49309e-05
-2.8 -1.85 2.49309e-05
-2.8 -1.8 2.49309e-05
-2.8 -1.75 2.49309e-05
-2.8 -1.7 2.49309e-05
-2.8 -1.65 2.49309e-05
-2.8 -1.6 2.49309e-05
-2.8 -1.55 2.49309e-05
-2.8 -1.5 2.49309e-05
-2.8 -1.45 2.49309e-05
-2.8 -1.4 2.49309e-05
-2.8 -1.35 2.49309e-05
-2.8 -1.3 2.49309e-05
-2.8 -1.25 2.49309e-05
-2.8 -1.2 2.49309e-05
-2.8 -1.15 2.49309e-05
-2.8 -1.1 2.49309e-05
-2.8 -1.05 2.49309e-05
-2.8 -1 2.49309e-05
-2.8 -0.95 2.49309e-05
-2.8 -0.9 2.49309e-05
-2.8 -0.85 2.49309e-05
-2.8 -0.8 2.49309e-05
-2.8 -0.75 2.49309e-05
-2.8 -0.7 2.49309e-05
-2.8 -0.65 2.49309e-05
-2.8 -0.6 2.49309e-05
-2.8 -0.55 2.49309e-05
-2.8 -0.5 2.49309e-05
-2.8 -0.45 2.49309e-05
-2.8 -0.4 2.49309e-05
-2.8 -0.35 2.49309e-05
-2.8 -0.3 2.49309e-05
-2.8 -0.25 2.49309e-05
-2.8 -0.2 2.49309e-05
-2.8 -0.15 2.49309e-05
-2.8 -0.1 2.49309e-05
-2.8 -0.05 2.49309e-05
-2.8 -5.13478e-16 2.49309e-05
-2.8 0.05 2.49309e-05
-2.8 0.1 2.49309e-05
-2.8 0.15 2.49309e-05
-2.8 0.2 2.49309e-05
-2.8 0.25 2.49309e-05
-2.8 0.3 2.49309e-05
-2.8 0.35 2.49309e-05
-2.8 0.4 2.4931e-05
-2.8 0.45 2.4931e-05
-2.8 0.5 2.4931e-05
-2.8 0.55 2.49311e-05
-2.8 0.6 2.49311e-05
-2.8 0.65 2.49312e-05
-2.8 0.7 2.49313e-05
-2.8 0.75 2.49315e-05
-2.8 0.8 2.49317e-05
-2.8 0.85 2.4932e-05
-2.8 0.9 2.49323e-05
-2.8 0.95 2.49328e-05
-2.8 1 2.49334e-05
-2.8 1.05 2.49343e-05
-2.8 1.1 2.49354e-05
-2.8 1.15 2.49369e-05
-2.8 1.2 2.49389e-05
-2.8 1.25 2.49415e-05
-2.8 1.3 2.49451e-05
-2.8 1.35 2.49497e-05
-2.8 1.4 2.4956e-05
-2.8 1.45 2.49643e-05
-2.8 1.5 2.49753e-05
-2.8 1.55 2.499e-05
-2.8 1.6 2.50095e-05
-2.8 1.65 2.50355e-05
-2.8 1.7 2.50701e-05
-2.8 1.75 2.51162e-05
-2.8 1.8 2.51776e-05
-2.8 1.85 2.52595e-05
-2.8 1.9 2.53687e-05
-2.8 1.95 2.55146e-05
-2.8 2 2.57096e-05
-2.8 2.05 2.59709e-05
-2.8 2.1 2.63217e-05
-2.8 2.15 2.67942e-05
-2.8 2.2 2.74332e-05
-2.8 2.25 2.83021e-05
-2.8 2.3 2.94919e-05
-2.8 2.35 3.11363e-05
-2.8 2.4 3.34367e-05
-2.8 2.45 3.67052e-05
-2.8 2.5 4.14431e-05

-2.75 -2.5 2.49309e-05
-2.75 -2.45 2.49309e-05
-2.75 -2.4 2.49309e-05
-2.75 -2.35 2.49309e-05
-2.75 -2.3 2.49309e-05
-2.75 -2.25 2.49309e-05
-2.75 -2.2 2.49309e-05
-2.75 -2.15 2.49309e-05
-2.75 -2.1 2.49309e-05
-2.75 -2.05 2.49309e-05
-2.75 -2 2.49309e-05
-2.75 -1.95 2.49309e-05
-2.75 -1.9 2.49309e-05
-2.75 -1.85 2.49309e-05
-2.75 -1.8 2.49309e-05
-2.75 -1.75 2.49309e-05
-2.75 -1.7 2.49309e-05
-2.75 -1.65 2.49309e-05
-2.75 -1.6 2.49309e-05
-2.75 -1.55 2.49309e-05
-2.75 -1.5 2.49309e-05
-2.75 -1.45 2.49309e-05
-2.75 -1.4 2.49309e-05
-2.75 -1.35 2.49309e-05
-2.75 -1.3 2.49309e-05
-2.75 -1.25 2.49309e-05
-2.75 -1.2 2.49309e-05
-2.75 -1.15 2.49309e-05
-2.75 -1.1 2.49309e-05
-2.75 -1.05 2.49309e-05
-2.75 -1 2.49309e-05
-2.75 -0.95 2.49309e-05
-2.75 -0.9 2.49309e-05
-2.75 -0.85 2.49309e-05
-2.75 -0.8 2.49309e-05
-2.75 -0.75 2.49309e-05
-2.75 -0.7 2.49309e-05
-2.75 -0.65 2.49309e-05
-2.75 -0.6 2.49309e-05
-2.75 -0.55 2.49309e-05
-2.75 -0.5 2.49309e-05
-2.75 -0.45 2.49309e-05
-2.75 -0.4 2.49309e-05
-2.75 -0.35 2.49309e-05
-2.75 -0.3 2.49309e-05
-2.75 -0.25 2.49309e-05
-2.75 -0.2 2.49309e-05
-2.75 -0.15 2.49309e-05
-2.75 -0.1 2.49309e-05
-2.75 -0.05 2.49309e-05
-2.75 -5.13478e-16 2.49309e-05
-2.75 0.05 2.49309e-05
-2.75 0.1 2.49309e-05
-2.75 0.15 2.49309e-05
-2.75 0.2 2.49309e-05
-2.75 0.25 2.49309e-05
-2.75 0.3 2.49309e-05
-2.75 0.35 2.4931e-05
-2.75 0.4 2.4931e-05
-2.75 0.45 2.49311e-05
-2.75 0.5 2.49311e-05
-2.75 0.55 2.49312e-05
-2.75 0.6 2.49313e-05
-2.75 0.65 2.49314e-05
-2.75 0.7 2.49316e-05
-2.75 0.75 2.49319e-05
-2.75 0.8 2.49322e-05
-2.75 0.85 2.49326e-05
-2.75 0.9 2.49332e-05
-2.75 0.95 2.4934e-05
-2.75 1 2.4935e-05
-2.75 1.05 2.49364e-05
-2.75 1.1 2.49382e-05
-2.75 1.15 2.49406e-05
-2.75 1.2 2.49439e-05
-2.75 1.25 2.49482e-05
-2.75 1.3 2.49539e-05
-2.75 1.35 2.49614e-05
-2.75 1.4 2.49715e-05
-2.75 1.45 2.4985e-05
-2.75 1.5 2.50029e-05
-2.75 1.55 2.50267e-05
-2.75 1.6 2.50583e-05
-2.75 1.65 2.51005e-05
-2.75 1.7 2.51567e-05
-2.75 1.75 2.52316e-05
-2.75 1.8 2.53315e-05
-2.75 1.85 2.54649e-05
-2.75 1.9 2.56431e-05
-2.75 1.95 2.58818e-05
-2.75 2 2.6202e-05
-2.75 2.05 2.66327e-05
-2.75 2.1 2.72145e-05
-2.75 2.15 2.80041e-05
-2.75 2.2 2.90828e-05
-2.75 2.25 3.0569e-05
-2.75 2.3 3.26395e-05
-2.75 2.35 3.55661e-05
-2.75 2.4 3.978e-05
-2.75 2.45 4.59919e-05
-2.75 2.5 5.54227e-05

-2.7 -2.5 2.49309e-05
-2.7 -2.45 2.49309e-05
-2.7 -2.4 2.49309e-05
-2.7 -2.35 2.49309e-05
-2.7 -2.3 2.49309e-05
-2.7 -2.25 2.49309e-05
-2.7 -2.2 2.49309e-05
-2.7 -2.15 2.49309e-05
-2.7 -2.1 2.49309e-05
-2.7 -2.05 2.49309e-05
-2.7 -2 2.49309e-05
-2.7 -1.95 2.49309e-05
-2.7 -1.9 2.49309e-05
-2.7 -1.85 2.49309e-05
-2.7 -1.8 2.49309e-05
-2.7 -1.75 2.49309e-05
-2.7 -1.7 2.49309e-05
-2.7 -1.65 2.49309e-05
-2.7 -1.6 2.49309e-05
-2.7 -1.55 2.49309e-05
-2.7 -1.5 2.49309e-05
-2.7 -1.45 2.49309e-05
-2.7 -1.4 2.49309e-05
-2.7 -1.35 2.49309e-05
-2.7 -1.3 2.49309e-05
-2.7 -1.25 2.49309e-05
-2.7 -1.2 2.49309e-05
-2.7 -1.15 2.49309e-05
-2.7 -1.1 2.49309e-05
-2.7 -1.05 2.49309e-05
-2.7 -1 2.49309e-05
-2.7 -0.95 2.49309e-05
-2.7 -0.9 2.49309e-05
-2.7 -0.85 2.49309e-05
-2.7 -0.8 2.49309e-05
-2.7 -0.75 2.49309e-05
-2.7 -0.7 2.49309e-05
-2.7 -0.65 2.49309e-05
-2.7 -0.6 2.49309e-05
-2.7 -0.55 2.49309e-05
-2.7 -0.5 2.49309e-05
-2.7 -0.45 2.49309e-05
-2.7 -0.4 2.49309e-05
-2.7 -0.35 2.49309e-05
-2.7 -0.3 2.49309e-05
-2.7 -0.25 2.49309e-05
-2.7 -0.2 2.49309e-05
-2.7 -0.15 2.49309e-05
-2.7 -0.1 2.49309e-05
-2.7 -0.05 2.49309e-05
-2.7 -5.13478e-16 2.49309e-05
-2.7 0.05 2.49309e-05
-2.7 0.1 2.49309e-05
-2.7 0.15 2.49309e-05
-2.7 0.2 2.49309e-05
-2.7 0.25 2.4931e-05
-2.7 0.3 2.4931e-05
-2.7 0.35 2.4931e-05
-2.7 0.4 2.49311e-05
-2.7 0.45 2.49312e-05
-2.7 0.5 2.49313e-05
-2.7 0.55 2.49314e-05
-2.7 0.6 2.49316e-05
-2.7 0.65 2.49318e-05
-2.7 0.7 2.49321e-05
-2.7 0.75 2.49325e-05
-2.7 0.8 2.4933e-05
-2.7 0.85 2.49337e-05
-2.7 0.9 2.49347e-05
-2.7 0.95 2.49359e-05
-2.7 1 2.49376e-05
-2.7 1.05 2.49398e-05
-2.7 1.1 2.49428e-05
-2.7 1.15 2.49467e-05
-2.7 1.2 2.49519e-05
-2.7 1.25 2.49589e-05
-2.7 1.3 2.49681e-05
-2.7 1.35 2.49804e-05
-2.7 1.4 2.49968e-05
-2.7 1.45 2.50186e-05
-2.7 1.5 2.50476e-05
-2.7 1.55 2.50862e-05
-2.7 1.6 2.51376e-05
-2.7 1.65 2.52061e-05
-2.7 1.7 2.52975e-05
-2.7 1.75 2.54195e-05
-2.7 1.8 2.55824e-05
-2.7 1.85 2.58004e-05
-2.7 1.9 2.60927e-05
-2.7 1.95 2.64856e-05
-2.7 2 2.70155e-05
-2.7 2.05 2.77335e-05
-2.7 2.1 2.87123e-05
-2.7 2.15 3.00568e-05
-2.7 2.2 3.19231e-05
-2.7 2.25 3.45482e-05
-2.7 2.3 3.83044e-05
-2.7 2.35 4.37984e-05
-2.7 2.4 5.2058e-05
-2.7 2.45 6.49044e-05
-2.7 2.5 8.57183e-05

-2.65 -2.5 2.49309e-05
-2.65 -2.45 2.49309e-05
-2.65 -2.4 2.49309e-05
-2.65 -2.35 2.49309e-05
-2.65 -2.3 2.49309e-05
-2.65 -2.25 2.49309e-05
-2.65 -2.2 2.49309e-05
-2.65 -2.15 2.49309e-05
-2.65 -2.1 2.49309e-05
-2.65 -2.05 2.49309e-05
-2.65 -2 2.49309e-05
-2.65 -1.95 2.49309e-05
-2.65 -1.9 2.49309e-05
-2.65 -1.85 2.49309e-05
-2.65 -1.8 2.49309e-05
-2.65 -1.75 2.49309e-05
-2.65 -1.7 2.49309e-05
-2.65 -1.65 2.49309e-05
-2.65 -1.6 2.49309e-05
-2.65 -1.55 2.49309e-05
-2.65 -1.5 2.49309e-05
-2.65 -1.45 2.49309e-05
-2.65 -1.4 2.49309e-05
-2.65 -1.35 2.49309e-05
-2.65 -1.3 2.49309e-05
-2.65 -1.25 2.49309e-05
-2.65 -1.2 2.49309e-05
-2.65 -1.15 2.49309e-05
-2.65 -1.1 2.49309e-05
-2.65 -1.05 2.49309e-05
-2.65 -1 2.49309e-05
-2.65 -0.95 2.49309e-05
-2.65 -0.9 2.49309e-05
-2.65 -0.85 2.49309e-05
-2.65 -0.8 2.49309e-05
-2.65 -0.75 2.49309e-05
-2.65 -0.7 2.49309e-05
-2.65 -0.65 2.49309e-05
-2.65 -0.6 2.49309e-05
-2.65 -0.55 2.49309e-05
-2.65 -0.5 2.49309e-05
-2.65 -0.45 2.49309e-05
-2.65 -0.4 2.49309e-05
-2.65 -0.35 2.49309e-05
-2.65 -0.3 2.49309e-05
-2.65 -0.25 2.49309e-05
-2.65 -0.2 2.49309e-05
-2.65 -0.15 2.49309e-05
-2.65 -0.1 2.49309e-05
-2.65 -0.05 2.49309e-05
-2.65 -5.13478e-16 2.49309e-05
-2.65 0.05 2.49309e-05
-2.65 0.1 2.49309e-05
-2.65 0.15 2.4931e-05
-2.65 0.2 2.4931e-05
-2.65 0.25 2.4931e-05
-2.65 0.3 2.49311e-05
-2.65 0.35 2.49311e-05
-2.65 0.4 2.49312e-05
-2.65 0.45 2.49313e-05
-2.65 0.5 2.49315e-05
-2.65 0.55 2.49317e-05
-2.65 0.6 2.4932e-05
-2.65 0.65 2.49323e-05
-2.65 0.7 2.49328e-05
-2.65 0.75 2.49335e-05
-2.65 0.8 2.49344e-05
-2.65 0.85 2.49355e-05
-2.65 0.9 2.4937e-05
-2.65 0.95 2.49391e-05
-2.65 1 2.49418e-05
-2.65 1.05 2.49454e-05
-2.65 1.1 2.49501e-05
-2.65 1.15 2.49565e-05
-2.65 1.2 2.4965e-05
-2.65 1.25 2.49762e-05
-2.65 1.3 2.49912e-05
-2.65 1.35 2.50112e-05
-2.65 1.4 2.50377e-05
-2.65 1.45 2.5073e-05
-2.65 1.5 2.51201e-05
-2.65 1.55 2.51828e-05
-2.65 1.6 2.52664e-05
-2.65 1.65 2.53779e-05
-2.65 1.7 2.55269e-05
-2.65 1.75 2.57261e-05
-2.65 1.8 2.5993e-05
-2.65 1.85 2.63514e-05
-2.65 1.9 2.68343e-05
-2.65 1.95 2.74876e-05
-2.65 2 2.83763e-05
-2.65 2.05 2.9594e-05
-2.65 2.1 3.12782e-05
-2.65 2.15 3.36367e-05
-2.65 2.2 3.6992e-05
-2.65 2.25 4.18638e-05
-2.65 2.3 4.91212e-05
-2.65 2.35 6.02828e-05
-2.65 2.4 7.81267e-05
-2.65 2.45 0.000107984
-2.65 2.5 0.000160583

-2.6 -2.5 2.49309e-05
-2.6 -2.45 2.49309e-05
-2.6 -2.4 2.49309e-05
-2.6 -2.35 2.49309e-05
-2.6 -2.3 2.49309e-05
-2.6 -2.25 2.49309e-05
-2.6 -2.2 2.49309e-05
-2.6 -2.15 2.49309e-05
-2.6 -2.1 2.49309e-05
-2.6 -2.05 2.49309e-05
-2.6 -2 2.49309e-05
-2.6 -1.95 2.49309e-05
-2.6 -1.9 2.49309e-05
-2.6 -1.85 2.49309e-05
-2.6 -1.8 2.49309e-05
-2.6 -1.75 2.49309e-05
-2.6 -1.7 2.49309e-05
-2.6 -1.65 2.49309e-05
-2.6 -1.6 2.49309e-05
-2.6 -1.55 2.49309e-05
-2.6 -1.5 2.49309e-05
-2.6 -1.45 2.49309e-05
-2.6 -1.4 2.49309e-05
-2.6 -1.35 2.49309e-05
-2.6 -1.3 2.49309e-05
-2.6 -1.25 2.49309e-05
-2.6 -1.2 2.49309e-05
-2.6 -1.15 2.49309e-05
-2.6 -1.1 2.49309e-05
-2.6 -1.05 2.49309e-05
-2.6 -1 2.49309e-05
-2.6 -0.95 2.49309e-05
-2.6 -0.9 2.49309e-05
-2.6 -0.85 2.49309e-05
-2.6 -0.8 2.49309e-05
-2.6 -0.75 2.49309e-05
-2.6 -0.7 2.49309e-05
-2.6 -0.65 2.49309e-05
-2.6 -0.6 2.49309e-05
-2.6 -0.55 2.49309e-05
-2.6 -0.5 2.49309e-05
-2.6 -0.45 2.49309e-05
-2.6 -0.4 2.49309e-05
-2.6 -0.35 2.49309e-05
-2.6 -0.3 2.49309e-05
-2.6 -0.25 2.49309e-05
-2.6 -0.2 2.49309e-05
-2.6 -0.15 2.49309e-05
-2.6 -0.1 2.49309e-05
-2.6 -0.05 2.49309e-05
-2.6 -5.13478e-16 2.49309e-05
-2.6 0.05 2.49309e-05
-2.6 0.1 2.4931e-05
-2.6 0.15 2.4931e-05
-2.6 0.2 2.49311e-05
-2.6 0.25 2.49311e-05
-2.6 0.3 2.49312e-05
-2.6 0.35 2.49313e-05
-2.6 0.4 2.49314e-05
-2.6 0.45 2.49316e-05
-2.6 0.5 2.49319e-05
-2.6 0.55 2.49322e-05
-2.6 0.6 2.49327e-05
-2.6 0.65 2.49333e-05
-2.6 0.7 2.49341e-05
-2.6 0.75 2.49351e-05
-2.6 0.8 2.49365e-05
-2.6 0.85 2.49384e-05
-2.6 0.9 2.49408e-05
-2.6 0.95 2.49441e-05
-2.6 1 2.49485e-05
-2.6 1.05 2.49543e-05
-2.6 1.1 2.49621e-05
-2.6 1.15 2.49724e-05
-2.6 1.2 2.49861e-05
-2.6 1.25 2.50044e-05
-2.6 1.3 2.50287e-05
-2.6 1.35 2.5061e-05
-2.6 1.4 2.51041e-05
-2.6 1.45 2.51615e-05
-2.6 1.5 2.52379e-05
-2.6 1.55 2.534e-05
-2.6 1.6 2.54762e-05
-2.6 1.65 2.56582e-05
-2.6 1.7 2.5902e-05
-2.6 1.75 2.62291e-05
-2.6 1.8 2.66693e-05
-2.6 1.85 2.7264e-05
-2.6 1.9 2.80715e-05
-2.6 1.95 2.91752e-05
-2.6 2 3.0697e-05
-2.6 2.05 3.28191e-05
-2.6 2.1 3.58221e-05
-2.6 2.15 4.01527e-05
-2.6 2.2 4.65489e-05
-2.6 2.25 5.62827e-05
-2.6 2.3 7.16473e-05
-2.6 2.35 9.69786e-05
-2.6 2.4 0.000140877
-2.6 2.45 0.000221189
-2.6 2.5 0.000376408

-2.55 -2.5 2.49309e-05
-2.55 -2.45 2.49309e-05
-2.55 -2.4 2.49309e-05
-2.55 -2.35 2.49309e-05
-2.55 -2.3 2.49309e-05
-2.55 -2.25 2.49309e-05
-2.55 -2.2 2.49309e-05
-2.55 -2.15 2.49309e-05
-2.55 -2.1 2.49309e-05
-2.55 -2.05 2.49309e-05
-2.55 -2 2.49309e-05
-2.55 -1.95 2.49309e-05
-2.55 -1.9 2.49309e-05
-2.55 -1.85 2.49309e-05
-2.55 -1.8 2.49309e-05
-2.55 -1.75 2.49309e-05
-2.55 -1.7 2.49309e-05
-2.55 -1.65 2.49309e-05
-2.55 -1.6 2.49309e-05
-2.55 -1.55 2.49309e-05
-2.55 -1.5 2.49309e-05
-2.55 -1.45 2.49309e-05
-2.55 -1.4 2.49309e-05
-2.55 -1.35 2.49309e-05
-2.55 -1.3 2.49309e-05
-2.55 -1.25 2.49309e-05
-2.55 -1.2 2.49309e-05
-2.55 -1.15 2.49309e-05
-2.55 -1.1 2.49309e-05
-2.55 -1.05 2.49309e-05
-2.55 -1 2.49309e-05
-2.55 -0.95 2.49309e-05
-2.55 -0.9 2.49309e-05
-2.55 -0.85 2.49309e-05
-2.55 -0.8 2.49309e-05
-2.55 -0.75 2.49309e-05
-2.55 -0.7 2.49309e-05
-2.55 -0.65 2.49309e-05
-2.55 -0.6 2.49309e-05
-2.55 -0.55 2.49309e-05
-2.55 -0.5 2.49309e-05
-2.55 -0.45 2.49309e-05
-2.55 -0.4 2.49309e-05
-2.55 -0.35 2.49309e-05
-2.55 -0.3 2.49309e-05
-2.55 -0.25 2.49309e-05
-2.55 -0.2 2.49309e-05
-2.55 -0.15 2.49309e-05
-2.55 -0.1 2.49309e-05
-2.55 -0.05 2.49309e-05
-2.55 -5.13478e-16 2.4931e-05
-2.55 0.05 2.4931e-05
-2.55 0.1 2.4931e-05
-2.55 0.15 2.49311e-05
-2.55 0.2 2.49312e-05
-2.55 0.25 2.49313e-05
-2.55 0.3 2.49314e-05
-2.55 0.35 2.49316e-05
-2.55 0.4 2.49318e-05
-2.55 0.45 2.49321e-05
-2.55 0.5 2.49325e-05
-2.55 0.55 2.49331e-05
-2.55 0.6 2.49338e-05
-2.55 0.65 2.49348e-05
-2.55 0.7 2.4936e-05
-2.55 0.75 2.49377e-05
-2.55 0.8 2.494e-05
-2.55 0.85 2.4943e-05
-2.55 0.9 2.4947e-05
-2.55 0.95 2.49524e-05
-2.55 1 2.49595e-05
-2.55 1.05 2.49689e-05
-2.55 1.1 2.49815e-05
-2.55 1.15 2.49982e-05
-2.55 1.2 2.50204e-05
-2.55 1.25 2.505e-05
-2.55 1.3 2.50894e-05
-2.55 1.35 2.51419e-05
-2.55 1.4 2.52119e-05
-2.55 1.45 2.53052e-05
-2.55 1.5 2.54298e-05
-2.55 1.55 2.55962e-05
-2.55 1.6 2.58189e-05
-2.55 1.65 2.61175e-05
-2.55 1.7 2.65189e-05
-2.55 1.75 2.70606e-05
-2.55 1.8 2.77948e-05
-2.55 1.85 2.8796e-05
-2.55 1.9 3.01725e-05
-2.55 1.95 3.20846e-05
-2.55 2 3.47771e-05
-2.55 2.05 3.86354e-05
-2.55 2.1 4.42888e-05
-2.55 2.15 5.2807e-05
-2.55 2.2 6.6092e-05
-2.55 2.25 8.76862e-05
-2.55 2.3 0.000124514
-2.55 2.35 0.000190753
-2.55 2.4 0.00031665
-2.55 2.45 0.000568705
-2.55 2.5 0.00109486

-2.5 -2.5 2.49309e-05
-2.5 -2.45 2.49309e-05
-2.5 -2.4 2.49309e-05
-2.5 -2.35 2.49309e-05
-2.5 -2.3 2.49309e-05
-2.5 -2.25 2.49309e-05
-2.5 -2.2 2.49309e-05
-2.5 -2.15 2.49309e-05
-2.5 -2.1 2.49309e-05
-2.5 -2.05 2.49309e-05
-2.5 -2 2.49309e-05
-2.5 -1.95 2.49309e-05
-2.5 -1.9 2.49309e-05
-2.5 -1.85 2.49309e-05
-2.5 -1.8 2.49309e-05
-2.5 -1.75 2.49309e-05
-2.5 -1.7 2.49309e-05
-2.5 -1.65 2.49309e-05
-2.5 -1.6 2.49309e-05
-2.5 -1.55 2.49309e-05
-2.5 -1.5 2.49309e-05
-2.5 -1.45 2.49309e-05
-2.5 -1.4 2.49309e-05
-2.5 -1.35 2.49309e-05
-2.5 -1.3 2.49309e-05
-2.5 -1.25 2.49309e-05
-2.5 -1.2 2.49309e-05
-2.5 -1.15 2.49309e-05
-2.5 -1.1 2.49309e-05
-2.5 -1.05 2.49309e-05
-2.5 -1 2.49309e-05
-2.5 -0.95 2.49309e-05
-2.5 -0.9 2.49309e-05
-2.5 -0.85 2.49309e-05
-2.5 -0.8 2.49309e-05
-2.5 -0.75 2.49309e-05
-2.5 -0.7 2.49309e-05
-2.5 -0.65 2.49309e-05
-2.5 -0.6 2.49309e-05
-2.5 -0.55 2.49309e-05
-2.5 -0.5 2.49309e-05
-2.5 -0.45 2.49309e-05
-2.5 -0.4 2.49309e-05
-2.5 -0.35 2.49309e-05
-2.5 -0.3 2.49309e-05
-2.5 -0.25 2.49309e-05
-2.5 -0.2 2.49309e-05
-2.5 -0.15 2.49309e-05
-2.5 -0.1 2.4931e-05
-2.5 -0.05 2.4931e-05
-2.5 -5.13478e-16 2.4931e-05
-2.5 0.05 2.49311e-05
-2.5 0.1 2.49311e-05
-2.5 0.15 2.49312e-05
-2.5 0.2 2.49314e-05
-2.5 0.25 2.49315e-05
-2.5 0.3 2.49317e-05
-2.5 0.35 2.4932e-05
-2.5 0.4 2.49324e-05
-2.5 0.45 2.49329e-05
-2.5 0.5 2.49335e-05
-2.5 0.55 2.49344e-05
-2.5 0.6 2.49356e-05
-2.5 0.65 2.49372e-05
-2.5 0.7 2.49392e-05
-2.5 0.75 2.4942e-05
-2.5 0.8 2.49457e-05
-2.5 0.85 2.49505e-05
-2.5 0.9 2.4957e-05
-2.5 0.95 2.49657e-05
-2.5 1 2.49772e-05
-2.5 1.05 2.49925e-05
-2.5 1.1 2.50128e-05
-2.5 1.15 2.50399e-05
-2.5 1.2 2.5076e-05
-2.5 1.25 2.51241e-05
-2.5 1.3 2.51881e-05
-2.5 1.35 2.52735e-05
-2.5 1.4 2.53874e-05
-2.5 1.45 2.55395e-05
-2.5 1.5 2.5743e-05
-2.5 1.55 2.60156e-05
-2.5 1.6 2.63818e-05
-2.5 1.65 2.68754e-05
-2.5 1.7 2.75433e-05
-2.5 1.75 2.84523e-05
-2.5 1.8 2.96985e-05
-2.5 1.85 3.14237e-05
-2.5 1.9 3.38418e-05
-2.5 1.95 3.72867e-05
-2.5 2 4.22967e-05
-2.5 2.05 4.97759e-05
-2.5 2.1 6.13082e-05
-2.5 2.15 7.98016e-05
-2.5 2.2 0.000110856
-2.5 2.25 0.000165778
-2.5 2.3 0.000268406
-2.5 2.35 0.000470748
-2.5 2.4 0.000888365
-2.5 2.45 0.00177655
-2.5 2.5 0.00367775

-2.45 -2.5 2.49309e-05
-2.45 -2.45 2.49309e-05
-2.45 -2.4 2.49309e-05
-2.45 -2.35 2.49309e-05
-2.45 -2.3 2.49309e-05
-2.45 -2.25 2.49309e-05
-2.45 -2.2 2.49309e-05
-2.45 -2.15 2.49309e-05
-2.45 -2.1 2.49309e-05
-2.45 -2.05 2.49309e-05
-2.45 -2 2.49309e-05
-2.45 -1.95 2.49309e-05
-2.45 -1.9 2.49309e-05
-2.45 -1.85 2.49309e-05
-2.45 -1.8 2.49309e-05
-2.45 -1.75 2.49309e-05
-2.45 -1.7 2.49309e-05
-2.45 -1.65 2.49309e-05
-2.45 -1.6 2.49309e-05
-2.45 -1.55 2.49309e-05
-2.45 -1.5 2.49309e-05
-2.45 -1.45 2.49309e-05
-2.45 -1.4 2.49309e-05
-2.45 -1.35 2.49309e-05
-2.45 -1.3 2.49309e-05
-2.45 -1.25 2.49309e-05
-2.45 -1.2 2.49309e-05
-2.45 -1.15 2.49309e-05
-2.45 -1.1 2.49309e-05
-2.45 -1.05 2.49309e-05
-2.45 -1 2.49309e-05
-2.45 -0.95 2.49309e-05
-2.45 -0.9 2.49309e-05
-2.45 -0.85 2.49309e-05
-2.45 -0.8 2.49309e-05
-2.45 -0.75 2.49309e-05
-2.45 -0.7 2.49309e-05
-2.45 -0.65 2.49309e-05
-2.45 -0.6 2.49309e-05
-2.45 -0.55 2.49309e-05
-2.45 -0.5 2.49309e-05
-2.45 -0.45 2.49309e-05
-2.45 -0.4 2.49309e-05
-2.45 -0.35 2.49309e-05
-2.45 -0.3 2.49309e-05
-2.45 -0.25 2.49309e-05
-2.45 -0.2 2.4931e-05
-2.45 -0.15 2.4931e-05
-2.45 -0.1 2.4931e-05
-2.45 -0.05 2.49311e-05
-2.45 -5.13478e-16 2.49311e-05
-2.45 0.05 2.49312e-05
-2.45 0.1 2.49313e-05
-2.45 0.15 2.49315e-05
-2.45 0.2 2.49317e-05
-2.45 0.25 2.49319e-05
-2.45 0.3 2.49323e-05
-2.45 0.35 2.49327e-05
-2.45 0.4 2.49333e-05
-2.45 0.45 2.49341e-05
-2.45 0.5 2.49352e-05
-2.45 0.55 2.49366e-05
-2.45 0.6 2.49385e-05
-2.45 0.65 2.49411e-05
-2.45 0.7 2.49444e-05
-2.45 0.75 2.49489e-05
-2.45 0.8 2.49548e-05
-2.45 0.85 2.49627e-05
-2.45 0.9 2.49733e-05
-2.45 0.95 2.49873e-05
-2.45 1 2.50059e-05
-2.45 1.05 2.50307e-05
-2.45 1.1 2.50637e-05
-2.45 1.15 2.51077e-05
-2.45 1.2 2.51663e-05
-2.45 1.25 2.52444e-05
-2.45 1.3 2.53486e-05
-2.45 1.35 2.54877e-05
-2.45 1.4 2.56736e-05
-2.45 1.45 2.59226e-05
-2.45 1.5 2.62568e-05
-2.45 1.55 2.67067e-05
-2.45 1.6 2.73147e-05
-2.45 1.65 2.81405e-05
-2.45 1.7 2.92699e-05
-2.45 1.75 3.08282e-05
-2.45 1.8 3.30032e-05
-2.45 1.85 3.6085e-05
-2.45 1.9 4.05361e-05
-2.45 1.95 4.71231e-05
-2.45 2 5.71716e-05
-2.45 2.05 7.30794e-05
-2.45 2.1 9.93962e-05
-2.45 2.15 0.000145177
-2.45 2.2 0.000229271
-2.45 2.25 0.000392426
-2.45 2.3 0.000724867
-2.45 2.35 0.00142689
-2.45 2.4 0.00293102
-2.45 2.45 0.00611045
-2.45 2.5 0.0125333

-2.4 -2.5 2.49309e-05
-2.4 -2.45 2.49309e-05
-2.4 -2.4 2.49309e-05
-2.4 -2.35 2.49309e-05
-2.4 -2.3 2.49309e-05
-2.4 -2.25 2.49309e-05
-2.4 -2.2 2.49309e-05
-2.4 -2.15 2.49309e-05
-2.4 -2.1 2.49309e-05
-2.4 -2.05 2.49309e-05
-2.4 -2 2.49309e-05
-2.4 -1.95 2.49309e-05
-2.4 -1.9 2.49309e-05
-2.4 -1.85 2.49309e-05
-2.4 -1.8 2.49309e-05
-2.4 -1.75 2.49309e-05
-2.4 -1.7 2.49309e-05
-2.4 -1.65 2.49309e-05
-2.4 -1.6 2.49309e-05
-2.4 -1.55 2.49309e-05
-2.4 -1.5 2.49309e-05
-2.4 -1.45 2.49309e-05
-2.4 -1.4 2.49309e-05
-2.4 -1.35 2.49309e-05
-2.4 -1.3 2.49309e-05
-2.4 -1.25 2.49309e-05
-2.4 -1.2 2.49309e-05
-2.4 -1.15 2.49309e-05
-2.4 -1.1 2.49309e-05
-2.4 -1.05 2.49309e-05
-2.4 -1 2.49309e-05
-2.4 -0.95 2.49309e-05
-2.4 -0.9 2.49309e-05
-2.4 -0.85 2.49309e-05
-2.4 -0.8 2.49309e-05
-2.4 -0.75 2.49309e-05
-2.4 -0.7 2.49309e-05
-2.4 -0.65 2.49309e-05
-2.4 -0.6 2.49309e-05
-2.4 -0.55 2.49309e-05
-2.4 -0.5 2.49309e-05
-2.4 -0.45 2.49309e-05
-2.4 -0.4 2.49309e-05
-2.4 -0.35 2.49309e-05
-2.4 -0.3 2.49309e-05
-2.4 -0.25 2.4931e-05
-2.4 -0.2 2.4931e-05
-2.4 -0.15 2.4931e-05
-2.4 -0.1 2.49311e-05
-2.4 -0.05 2.49312e-05
-2.4 -5.13478e-16 2.49313e-05
-2.4 0.05 2.49314e-05
-2.4 0.1 2.49316e-05
-2.4 0.15 2.49318e-05
-2.4 0.2 2.49321e-05
-2.4 0.25 2.49326e-05
-2.4 0.3 2.49331e-05
-2.4 0.35 2.49338e-05
-2.4 0.4 2.49348e-05
-2.4 0.45 2.49361e-05
-2.4 0.5 2.49379e-05
-2.4 0.55 2.49402e-05
-2.4 0.6 2.49433e-05
-2.4 0.65 2.49474e-05
-2.4 0.7 2.49528e-05
-2.4 0.75 2.49601e-05
-2.4 0.8 2.49697e-05
-2.4 0.85 2.49825e-05
-2.4 0.9 2.49996e-05
-2.4 0.95 2.50223e-05
-2.4 1 2.50525e-05
-2.4 1.05 2.50928e-05
-2.4 1.1 2.51464e-05
-2.4 1.15 2.52178e-05
-2.4 1.2 2.53131e-05
-2.4 1.25 2.54403e-05
-2.4 1.3 2.56102e-05
-2.4 1.35 2.58377e-05
-2.4 1.4 2.61428e-05
-2.4 1.45 2.6553e-05
-2.4 1.5 2.71066e-05
-2.4 1.55 2.78574e-05
-2.4 1.6 2.88817e-05
-2.4 1.65 3.02909e-05
-2.4 1.7 3.22501e-05
-2.4 1.75 3.50121e-05
-2.4 1.8 3.89757e-05
-2.4 1.85 4.47939e-05
-2.4 1.9 5.35805e-05
-2.4 1.95 6.7322e-05
-2.4 2 8.97315e-05
-2.4 2.05 0.000128092
-2.4 2.1 0.000197363
-2.4 2.15 0.000329545
-2.4 2.2 0.000595104
-2.4 2.25 0.00115079
-2.4 2.3 0.00233928
-2.4 2.35 0.00487034
-2.4 2.4 0.0100736
-2.4 2.45 0.0200724
-2.4 2.5 0.0375204

-2.35 -2.5 2.49309e-05
-2.35 -2.45 2.49309e-05
-2.35 -2.4 2.49309e-05
-2.35 -2.35 2.49309e-05
-2.35 -2.3 2.49309e-05
-2.35 -2.25 2.49309e-05
-2.35 -2.2 2.49309e-05
-2.35 -2.15 2.49309e-05
-2.35 -2.1 2.49309e-05
-2.35 -2.05 2.49309e-05
-2.35 -2 2.49309e-05
-2.35 -1.95 2.49309e-05
-2.35 -1.9 2.49309e-05
-2.35 -1.85 2.49309e-05
-2.35 -1.8 2.49309e-05
-2.35 -1.75 2.49309e-05
-2.35 -1.7 2.49309e-05
-2.35 -1.65 2.49309e-05
-2.35 -1.6 2.49309e-05
-2.35 -1.55 2.49309e-05
-2.35 -1.5 2.49309e-05
-2.35 -1.45 2.49309e-05
-2.35 -1.4 2.49309e-05
-2.35 -1.35 2.49309e-05
-2.35 -1.3 2.49309e-05
-2.35 -1.25 2.49309e-05
-2.35 -1.2 2.49309e-05
-2.35 -1.15 2.49309e-05
-2.35 -1.1 2.49309e-05
-2.35 -1.05 2.49309e-05
-2.35 -1 2.49309e-05
-2.35 -0.95 2.49309e-05
-2.35 -0.9 2.49309e-05
-2.35 -0.85 2.49309e-05
-2.35 -0.8 2.49309e-05
-2.35 -0.75 2.49309e-05
-2.35 -0.7 2.49309e-05
-2.35 -0.65 2.49309e-05
-2.35 -0.6 2.49309e-05
-2.35 -0.55 2.49309e-05
-2.35 -0.5 2.49309e-05
-2.35 -0.45 2.49309e-05
-2.35 -0.4 2.49309e-05
-2.35 -0.35 2.4931e-05
-2.35 -0.3 2.4931e-05
-2.35 -0.25 2.4931e-05
-2.35 -0.2 2.49311e-05
-2.35 -0.15 2.49311e-05
-2.35 -0.1 2.49312e-05
-2.35 -0.05 2.49314e-05
-2.35 -5.13478e-16 2.49315e-05
-2.35 0.05 2.49317e-05
-2.35 0.1 2.4932e-05
-2.35 0.15 2.49324e-05
-2.35 0.2 2.49329e-05
-2.35 0.25 2.49336e-05
-2.35 0.3 2.49345e-05
-2.35 0.35 2.49357e-05
-2.35 0.4 2.49373e-05
-2.35 0.45 2.49394e-05
-2.35 0.5 2.49422e-05
-2.35 0.55 2.4946e-05
-2.35 0.6 2.4951e-05
-2.35 0.65 2.49576e-05
-2.35 0.7 2.49664e-05
-2.35 0.75 2.49781e-05
-2.35 0.8 2.49938e-05
-2.35 0.85 2.50146e-05
-2.35 0.9 2.50422e-05
-2.35 0.95 2.50791e-05
-2.35 1 2.51281e-05
-2.35 1.05 2.51935e-05
-2.35 1.1 2.52807e-05
-2.35 1.15 2.5397e-05
-2.35 1.2 2.55523e-05
-2.35 1.25 2.57602e-05
-2.35 1.3 2.60387e-05
-2.35 1.35 2.64129e-05
-2.35 1.4 2.69173e-05
-2.35 1.45 2.76002e-05
-2.35 1.5 2.853e-05
-2.35 1.55 2.98056e-05
-2.35 1.6 3.15727e-05
-2.35 1.65 3.40523e-05
-2.35 1.7 3.75894e-05
-2.35 1.75 4.27425e-05
-2.35 1.8 5.04514e-05
-2.35 1.85 6.23691e-05
-2.35 1.9 8.15403e-05
-2.35 1.95 0.000113849
-2.35 2 0.000171214
-2.35 2.05 0.000278837
-2.35 2.1 0.000491808
-2.35 2.15 0.000932599
-2.35 2.2 0.00187133
-2.35 2.25 0.00387948
-2.35 2.3 0.00806751
-2.35 2.35 0.0163125
-2.35 2.4 0.0311759
-2.35 2.45 0.0551199
-2.35 2.5 0.0890847

-2.3 -2.5 2.49309e-05
-2.3 -2.45 2.49309e-05
-2.3 -2.4 2.49309e-05
-2.3 -2.35 2.49309e-05
-2.3 -2.3 2.49309e-05
-2.3 -2.25 2.49309e-05
-2.3 -2.2 2.49309e-05
-2.3 -2.15 2.49309e-05
-2.3 -2.1 2.49309e-05
-2.3 -2.05 2.49309e-05
-2.3 -2 2.49309e-05
-2.3 -1.95 2.49309e-05
-2.3 -1.9 2.49309e-05
-2.3 -1.85 2.49309e-05
-2.3 -1.8 2.49309e-05
-2.3 -1.75 2.49309e-05
-2.3 -1.7 2.49309e-05
-2.3 -1.65 2.49309e-05
-2.3 -1.6 2.49309e-05
-2.3 -1.55 2.49309e-05
-2.3 -1.5 2.49309e-05
-2.3 -1.45 2.49309e-05
-2.3 -1.4 2.49309e-05
-2.3 -1.35 2.49309e-05
-2.3 -1.3 2.49309e-05
-2.3 -1.25 2.49309e-05
-2.3 -1.2 2.49309e-05
-2.3 -1.15 2.49309e-05
-2.3 -1.1 2.49309e-05
-2.3 -1.05 2.49309e-05
-2.3 -1 2.49309e-05
-2.3 -0.95 2.49309e-05
-2.3 -0.9 2.49309e-05
-2.3 -0.85 2.49309e-05
-2.3 -0.8 2.49309e-05
-2.3 -0.75 2.49309e-05
-2.3 -0.7 2.49309e-05
-2.3 -0.65 2.49309e-05
-2.3 -0.6 2.49309e-05
-2.3 -0.55 2.49309e-05
-2.3 -0.5 2.49309e-05
-2.3 -0.45 2.4931e-05
-2.3 -0.4 2.4931e-05
-2.3 -0.35 2.4931e-05
-2.3 -0.3 2.49311e-05
-2.3 -0.25 2.49311e-05
-2.3 -0.2 2.49312e-05
-2.3 -0.15 2.49313e-05
-2.3 -0.1 2.49315e-05
-2.3 -0.05 2.49317e-05
-2.3 -5.13478e-16 2.49319e-05
-2.3 0.05 2.49323e-05
-2.3 0.1 2.49327e-05
-2.3 0.15 2.49334e-05
-2.3 0.2 2.49342e-05
-2.3 0.25 2.49353e-05
-2.3 0.3 2.49367e-05
-2.3 0.35 2.49387e-05
-2.3 0.4 2.49413e-05
-2.3 0.45 2.49447e-05
-2.3 0.5 2.49493e-05
-2.3 0.55 2.49553e-05
-2.3 0.6 2.49634e-05
-2.3 0.65 2.49742e-05
-2.3 0.7 2.49885e-05
-2.3 0.75 2.50075e-05
-2.3 0.8 2.50328e-05
-2.3 0.85 2.50665e-05
-2.3 0.9 2.51114e-05
-2.3 0.95 2.51712e-05
-2.3 1 2.5251e-05
-2.3 1.05 2.53574e-05
-2.3 1.1 2.54994e-05
-2.3 1.15 2.56893e-05
-2.3 1.2 2.59437e-05
-2.3 1.25 2.62852e-05
-2.3 1.3 2.67449e-05
-2.3 1.35 2.73664e-05
-2.3 1.4 2.8211e-05
-2.3 1.45 2.93667e-05
-2.3 1.5 3.09625e-05
-2.3 1.55 3.31921e-05
-2.3 1.6 3.6355e-05
-2.3 1.65 4.09304e-05
-2.3 1.7 4.77151e-05
-2.3 1.75 5.80904e-05
-2.3 1.8 7.45645e-05
-2.3 1.85 0.000101912
-2.3 1.9 0.00014967
-2.3 1.95 0.000237749
-2.3 2 0.000409291
-2.3 2.05 0.00075992
-2.3 2.1 0.00150173
-2.3 2.15 0.00309116
-2.3 2.2 0.0064435
-2.3 2.25 0.0131849
-2.3 2.3 0.0257104
-2.3 2.35 0.0466457
-2.3 2.4 0.0775608
-2.3 2.45 0.117632
-2.3 2.5 0.163484

-2.25 -2.5 2.49309e-05
-2.25 -2.45 2.49309e-05
-2.25 -2.4 2.49309e-05
-2.25 -2.35 2.49309e-05
-2.25 -2.3 2.49309e-05
-2.25 -2.25 2.49309e-05
-2.25 -2.2 2.49309e-05
-2.25 -2.15 2.49309e-05
-2.25 -2.1 2.49309e-05
-2.25 -2.05 2.49309e-05
-2.25 -2 2.49309e-05
-2.25 -1.95 2.49309e-05
-2.25 -1.9 2.49309e-05
-2.25 -1.85 2.49309e-05
-2.25 -1.8 2.49309e-05
-2.25 -1.75 2.49309e-05
-2.25 -1.7 2.49309e-05
-2.25 -1.65 2.49309e-05
-2.25 -1.6 2.49309e-05
-2.25 -1.55 2.49309e-05
-2.25 -1.5 2.49309e-05
-2.25 -1.45 2.49309e-05
-2.25 -1.4 2.49309e-05
-2.25 -1.35 2.49309e-05
-2.25 -1.3 2.49309e-05
-2.25 -1.25 2.49309e-05
-2.25 -1.2 2.49309e-05
-2.25 -1.15 2.49309e-05
-2.25 -1.1 2.49309e-05
-2.25 -1.05 2.49309e-05
-2.25 -1 2.49309e-05
-2.25 -0.95 2.49309e-05
-2.25 -0.9 2.49309e-05
-2.25 -0.85 2.49309e-05
-2.25 -0.8 2.49309e-05
-2.25 -0.75 2.49309e-05
-2.25 -0.7 2.49309e-05
-2.25 -0.65 2.49309e-05
-2.25 -0.6 2.49309e-05
-2.25 -0.55 2.49309e-05
-2.25 -0.5 2.4931e-05
-2.25 -0.45 2.4931e-05
-2.25 -0.4 2.4931e-05
-2.25 -0.35 2.49311e-05
-2.25 -0.3 2.49312e-05
-2.25 -0.25 2.49313e-05
-2.25 -0.2 2.49314e-05
-2.25 -0.15 2.49316e-05
-2.25 -0.1 2.49318e-05
-2.25 -0.05 2.49322e-05
-2.25 -5.13478e-16 2.49326e-05
-2.25 0.05 2.49332e-05
-2.25 0.1 2.49339e-05
-2.25 0.15 2.49349e-05
-2.25 0.2 2.49363e-05
-2.25 0.25 2.4938e-05
-2.25 0.3 2.49404e-05
-2.25 0.35 2.49435e-05
-2.25 0.4 2.49477e-05
-2.25 0.45 2.49533e-05
-2.25 0.5 2.49607e-05
-2.25 0.55 2.49705e-05
-2.25 0.6 2.49836e-05
-2.25 0.65 2.5001e-05
-2.25 0.7 2.50242e-05
-2.25 0.75 2.50551e-05
-2.25 0.8 2.50961e-05
-2.25 0.85 2.51509e-05
-2.25 0.9 2.52238e-05
-2.25 0.95 2.53211e-05
-2.25 1 2.5451e-05
-2.25 1.05 2.56246e-05
-2.25 1.1 2.5857e-05
-2.25 1.15 2.61686e-05
-2.25 1.2 2.65878e-05
-2.25 1.25 2.71537e-05
-2.25 1.3 2.79214e-05
-2.25 1.35 2.89695e-05
-2.25 1.4 3.04121e-05
-2.25 1.45 3.24198e-05
-2.25 1.5 3.52533e-05
-2.25 1.55 3.93256e-05
-2.25 1.6 4.53143e-05
-2.25 1.65 5.43794e-05
-2.25 1.7 6.85962e-05
-2.25 1.75 9.18578e-05
-2.25 1.8 0.000131826
-2.25 1.85 0.000204289
-2.25 1.9 0.000343109
-2.25 1.95 0.000622956
-2.25 2 0.0012099
-2.25 2.05 0.00246605
-2.25 2.1 0.00513725
-2.25 2.15 0.0106076
-2.25 2.2 0.021056
-2.25 2.25 0.0391438
-2.25 2.3 0.0669319
-2.25 2.35 0.104429
-2.25 2.4 0.148964
-2.25 2.45 0.19613
-2.25 2.5 0.24157

-2.2 -2.5 2.49309e-05
-2.2 -2.45 2.49309e-05
-2.2 -2.4 2.49309e-05
-2.2 -2.35 2.49309e-05
-2.2 -2.3 2.49309e-05
-2.2 -2.25 2.49309e-05
-2.2 -2.2 2.49309e-05
-2.2 -2.15 2.49309e-05
-2.2 -2.1 2.49309e-05
-2.2 -2.05 2.49309e-05
-2.2 -2 2.49309e-05
-2.2 -1.95 2.49309e-05
-2.2 -1.9 2.49309e-05
-2.2 -1.85 2.49309e-05
-2.2 -1.8 2.49309e-05
-2.2 -1.75 2.49309e-05
-2.2 -1.7 2.49309e-05
-2.2 -1.65 2.49309e-05
-2.2 -1.6 2.49309e-05
-2.2 -1.55 2.49309e-05
-2.2 -1.5 2.49309e-05
-2.2 -1.45 2.49309e-05
-2.2 -1.4 2.49309e-05
-2.2 -1.35 2.49309e-05
-2.2 -1.3 2.49309e-05
-2.2 -1.25 2.49309e-05
-2.2 -1.2 2.49309e-05
-2.2 -1.15 2.49309e-05
-2.2 -1.1 2.49309e-05
-2.2 -1.05 2.49309e-05
-2.2 -1 2.49309e-05
-2.2 -0.95 2.49309e-05
-2.2 -0.9 2.49309e-05
-2.2 -0.85 2.49309e-05
-2.2 -0.8 2.49309e-05
-2.2 -0.75 2.49309e-05
-2.2 -0.7 2.49309e-05
-2.2 -0.65 2.49309e-05
-2.2 -0.6 2.4931e-05
-2.2 -0.55 2.4931e-05
-2.2 -0.5 2.4931e-05
-2.2 -0.45 2.49311e-05
-2.2 -0.4 2.49312e-05
-2.2 -0.35 2.49312e-05
-2.2 -0.3 2.49314e-05
-2.2 -0.25 2.49315e-05
-2.2 -0.2 2.49318e-05
-2.2 -0.15 2.49321e-05
-2.2 -0.1 2.49324e-05
-2.2 -0.05 2.4933e-05
-2.2 -5.13478e-16 2.49337e-05
-2.2 0.05 2.49346e-05
-2.2 0.1 2.49358e-05
-2.2 0.15 2.49374e-05
-2.2 0.2 2.49396e-05
-2.2 0.25 2.49425e-05
-2.2 0.3 2.49463e-05
-2.2 0.35 2.49514e-05
-2.2 0.4 2.49581e-05
-2.2 0.45 2.49672e-05
-2.2 0.5 2.49791e-05
-2.2 0.55 2.49951e-05
-2.2 0.6 2.50163e-05
-2.2 0.65 2.50446e-05
-2.2 0.7 2.50822e-05
-2.2 0.75 2.51323e-05
-2.2 0.8 2.5199e-05
-2.2 0.85 2.5288e-05
-2.2 0.9 2.54068e-05
-2.2 0.95 2.55655e-05
-2.2 1 2.57777e-05
-2.2 1.05 2.60623e-05
-2.2 1.1 2.64446e-05
-2.2 1.15 2.69602e-05
-2.2 1.2 2.76584e-05
-2.2 1.25 2.86095e-05
-2.2 1.3 2.99152e-05
-2.2 1.35 3.17254e-05
-2.2 1.4 3.42683e-05
-2.2 1.45 3.79005e-05
-2.2 1.5 4.32013e-05
-2.2 1.55 5.11485e-05
-2.2 1.6 6.34671e-05
-2.2 1.65 8.33459e-05
-2.2 1.7 0.000116968
-2.2 1.75 0.000176902
-2.2 1.8 0.000289795
-2.2 1.85 0.000514009
-2.2 1.9 0.000979332
-2.2 1.95 0.00197152
-2.2 2 0.00409235
-2.2 2.05 0.0085017
-2.2 2.1 0.0171355
-2.2 2.15 0.0325844
-2.2 2.2 0.0572519
-2.2 2.25 0.0919124
-2.2 2.3 0.134695
-2.2 2.35 0.18155
-2.2 2.4 0.227922
-2.2 2.45 0.270304
-2.2 2.5 0.306818

-2.15 -2.5 2.49309e-05
-2.15 -2.45 2.49309e-05
-2.15 -2.4 2.49309e-05
-2.15 -2.35 2.49309e-05
-2.15 -2.3 2.49309e-05
-2.15 -2.25 2.49309e-05
-2.15 -2.2 2.49309e-05
-2.15 -2.15 2.49309e-05
-2.15 -2.1 2.49309e-05
-2.15 -2.05 2.49309e-05
-2.15 -2 2.49309e-05
-2.15 -1.95 2.49309e-05
-2.15 -1.9 2.49309e-05
-2.15 -1.85 2.49309e-05
-2.15 -1.8 2.49309e-05
-2.15 -1.75 2.49309e-05
-2.15 -1.7 2.49309e-05
-2.15 -1.65 2.49309e-05
-2.15 -1.6 2.49309e-05
-2.15 -1.55 2.49309e-05
-2.15 -1.5 2.49309e-05
-2.15 -1.45 2.49309e-05
-2.15 -1.4 2.49309e-05
-2.15 -1.35 2.49309e-05
-2.15 -1.3 2.49309e-05
-2.15 -1.25 2.49309e-05
-2.15 -1.2 2.49309e-05
-2.15 -1.15 2.49309e-05
-2.15 -1.1 2.49309e-05
-2.15 -1.05 2.49309e-05
-2.15 -1 2.49309e-05
-2.15 -0.95 2.49309e-05
-2.15 -0.9 2.49309e-05
-2.15 -0.85 2.49309e-05
-2.15 -0.8 2.49309e-05
-2.15 -0.75 2.49309e-05
-2.15 -0.7 2.4931e-05
-2.15 -0.65 2.4931e-05
-2.15 -0.6 2.4931e-05
-2.15 -0.55 2.49311e-05
-2.15 -0.5 2.49311e-05
-2.15 -0.45 2.49312e-05
-2.15 -0.4 2.49313e-05
-2.15 -0.35 2.49315e-05
-2.15 -0.3 2.49317e-05
-2.15 -0.25 2.4932e-05
-2.15 -0.2 2.49323e-05
-2.15 -0.15 2.49328e-05
-2.15 -0.1 2.49334e-05
-2.15 -0.05 2.49343e-05
-2.15 -5.13478e-16 2.49354e-05
-2.15 0.05 2.49369e-05
-2.15 0.1 2.49388e-05
-2.15 0.15 2.49415e-05
-2.15 0.2 2.4945e-05
-2.15 0.25 2.49496e-05
-2.15 0.3 2.49558e-05
-2.15 0.35 2.49641e-05
-2.15 0.4 2.49751e-05
-2.15 0.45 2.49897e-05
-2.15 0.5 2.50091e-05
-2.15 0.55 2.50349e-05
-2.15 0.6 2.50694e-05
-2.15 0.65 2.51152e-05
-2.15 0.7 2.51763e-05
-2.15 0.75 2.52577e-05
-2.15 0.8 2.53664e-05
-2.15 0.85 2.55114e-05
-2.15 0.9 2.57054e-05
-2.15 0.95 2.59652e-05
-2.15 1 2.63141e-05
-2.15 1.05 2.6784e-05
-2.15 1.1 2.74193e-05
-2.15 1.15 2.82831e-05
-2.15 1.2 2.94658e-05
-2.15 1.25 3.11001e-05
-2.15 1.3 3.33858e-05
-2.15 1.35 3.66323e-05
-2.15 1.4 4.13362e-05
-2.15 1.45 4.83255e-05
-2.15 1.5 5.90405e-05
-2.15 1.55 7.6105e-05
-2.15 1.6 0.000104532
-2.15 1.65 0.000154366
-2.15 1.7 0.000246645
-2.15 1.75 0.000427053
-2.15 1.8 0.000796934
-2.15 1.85 0.00158085
-2.15 1.9 0.00326026
-2.15 1.95 0.00679404
-2.15 2 0.0138669
-2.15 2.05 0.0269182
-2.15 2.1 0.0485476
-2.15 2.15 0.0801889
-2.15 2.2 0.120818
-2.15 2.25 0.166914
-2.15 2.3 0.21388
-2.15 2.35 0.257773
-2.15 2.4 0.296208
-2.15 2.45 0.328324
-2.15 2.5 0.354299

-2.1 -2.5 2.49309e-05
-2.1 -2.45 2.49309e-05
-2.1 -2.4 2.49309e-05
-2.1 -2.35 2.49309e-05
-2.1 -2.3 2.49309e-05
-2.1 -2.25 2.49309e-05
-2.1 -2.2 2.49309e-05
-2.1 -2.15 2.49309e-05
-2.1 -2.1 2.49309e-05
-2.1 -2.05 2.49309e-05
-2.1 -2 2.49309e-05
-2.1 -1.95 2.49309e-05
-2.1 -1.9 2.49309e-05
-2.1 -1.85 2.49309e-05
-2.1 -1.8 2.49309e-05
-2.1 -1.75 2.49309e-05
-2.1 -1.7 2.49309e-05
-2.1 -1.65 2.49309e-05
-2.1 -1.6 2.49309e-05
-2.1 -1.55 2.49309e-05
-2.1 -1.5 2.49309e-05
-2.1 -1.45 2.49309e-05
-2.1 -1.4 2.49309e-05
-2.1 -1.35 2.49309e-05
-2.1 -1.3 2.49309e-05
-2.1 -1.25 2.49309e-05
-2.1 -1.2 2.49309e-05
-2.1 -1.15 2.49309e-05
-2.1 -1.1 2.49309e-05
-2.1 -1.05 2.49309e-05
-2.1 -1 2.49309e-05
-2.1 -0.95 2.49309e-05
-2.1 -0.9 2.49309e-05
-2.1 -0.85 2.49309e-05
-2.1 -0.8 2.49309e-05
-2.1 -0.75 2.4931e-05
-2.1 -0.7 2.4931e-05
-2.1 -0.65 2.4931e-05
-2.1 -0.6 2.49311e-05
-2.1 -0.55 2.49312e-05
-2.1 -0.5 2.49313e-05
-2.1 -0.45 2.49314e-05
-2.1 -0.4 2.49316e-05
-2.1 -0.35 2.49319e-05
-2.1 -0.3 2.49322e-05
-2.1 -0.25 2.49326e-05
-2.1 -0.2 2.49332e-05
-2.1 -0.15 2.4934e-05
-2.1 -0.1 2.4935e-05
-2.1 -0.05 2.49364e-05
-2.1 -5.13478e-16 2.49382e-05
-2.1 0.05 2.49406e-05
-2.1 0.1 2.49438e-05
-2.1 0.15 2.49481e-05
-2.1 0.2 2.49537e-05
-2.1 0.25 2.49613e-05
-2.1 0.3 2.49713e-05
-2.1 0.35 2.49847e-05
-2.1 0.4 2.50025e-05
-2.1 0.45 2.50261e-05
-2.1 0.5 2.50577e-05
-2.1 0.55 2.50996e-05
-2.1 0.6 2.51555e-05
-2.1 0.65 2.523e-05
-2.1 0.7 2.53294e-05
-2.1 0.75 2.5462e-05
-2.1 0.8 2.56393e-05
-2.1 0.85 2.58766e-05
-2.1 0.9 2.6195e-05
-2.1 0.95 2.66234e-05
-2.1 1 2.72019e-05
-2.1 1.05 2.79869e-05
-2.1 1.1 2.90592e-05
-2.1 1.15 3.05364e-05
-2.1 1.2 3.25938e-05
-2.1 1.25 3.5501e-05
-2.1 1.3 3.96853e-05
-2.1 1.35 4.58505e-05
-2.1 1.4 5.52047e-05
-2.1 1.45 6.99166e-05
-2.1 1.5 9.40688e-05
-2.1 1.55 0.000135724
-2.1 1.6 0.000211549
-2.1 1.65 0.000357379
-2.1 1.7 0.000652345
-2.1 1.75 0.00127237
-2.1 1.8 0.0026
-2.1 1.85 0.00541854
-2.1 1.9 0.0111676
-2.1 1.95 0.02208
-2.1 2 0.0408192
-2.1 2.05 0.069344
-2.1 2.1 0.107472
-2.1 2.15 0.152356
-2.1 2.2 0.199533
-2.1 2.25 0.244709
-2.1 2.3 0.284986
-2.1 2.35 0.319074
-2.1 2.4 0.346888
-2.1 2.45 0.369019
-2.1 2.5 0.386328

-2.05 -2.5 2.49309e-05
-2.05 -2.45 2.49309e-05
-2.05 -2.4 2.49309e-05
-2.05 -2.35 2.49309e-05
-2.05 -2.3 2.49309e-05
-2.05 -2.25 2.49309e-05
-2.05 -2.2 2.49309e-05
-2.05 -2.15 2.49309e-05
-2.05 -2.1 2.49309e-05
-2.05 -2.05 2.49309e-05
-2.05 -2 2.49309e-05
-2.05 -1.95 2.49309e-05
-2.05 -1.9 2.49309e-05
-2.05 -1.85 2.49309e-05
-2.05 -1.8 2.49309e-05
-2.05 -1.75 2.49309e-05
-2.05 -1.7 2.49309e-05
-2.05 -1.65 2.49309e-05
-2.05 -1.6 2.49309e-05
-2.05 -1.55 2.49309e-05
-2.05 -1.5 2.49309e-05
-2.05 -1.45 2.49309e-05
-2.05 -1.4 2.49309e-05
-2.05 -1.35 2.49309e-05
-2.05 -1.3 2.49309e-05
-2.05 -1.25 2.49309e-05
-2.05 -1.2 2.49309e-05
-2.05 -1.15 2.49309e-05
-2.05 -1.1 2.49309e-05
-2.05 -1.05 2.49309e-05
-2.05 -1 2.49309e-05
-2.05 -0.95 2.49309e-05
-2.05 -0.9 2.49309e-05
-2.05 -0.85 2.4931e-05
-2.05 -0.8 2.4931e-05
-2.05 -0.75 2.4931e-05
-2.05 -0.7 2.49311e-05
-2.05 -0.65 2.49312e-05
-2.05 -0.6 2.49313e-05
-2.05 -0.55 2.49314e-05
-2.05 -0.5 2.49316e-05
-2.05 -0.45 2.49318e-05
-2.05 -0.4 2.49321e-05
-2.05 -0.35 2.49325e-05
-2.05 -0.3 2.4933e-05
-2.05 -0.25 2.49337e-05
-2.05 -0.2 2.49347e-05
-2.05 -0.15 2.49359e-05
-2.05 -0.1 2.49376e-05
-2.05 -0.05 2.49398e-05
-2.05 -5.13478e-16 2.49427e-05
-2.05 0.05 2.49466e-05
-2.05 0.1 2.49518e-05
-2.05 0.15 2.49587e-05
-2.05 0.2 2.49679e-05
-2.05 0.25 2.49801e-05
-2.05 0.3 2.49964e-05
-2.05 0.35 2.50181e-05
-2.05 0.4 2.50469e-05
-2.05 0.45 2.50853e-05
-2.05 0.5 2.51365e-05
-2.05 0.55 2.52047e-05
-2.05 0.6 2.52955e-05
-2.05 0.65 2.54168e-05
-2.05 0.7 2.55789e-05
-2.05 0.75 2.57957e-05
-2.05 0.8 2.60864e-05
-2.05 0.85 2.64771e-05
-2.05 0.9 2.7004e-05
-2.05 0.95 2.77179e-05
-2.05 1 2.86909e-05
-2.05 1.05 3.00274e-05
-2.05 1.1 3.1882e-05
-2.05 1.15 3.44899e-05
-2.05 1.2 3.82203e-05
-2.05 1.25 4.36739e-05
-2.05 1.3 5.18681e-05
-2.05 1.35 6.46038e-05
-2.05 1.4 8.52213e-05
-2.05 1.45 0.000120221
-2.05 1.5 0.000182857
-2.05 1.55 0.000301311
-2.05 1.6 0.000537416
-2.05 1.65 0.00102871
-2.05 1.7 0.00207741
-2.05 1.75 0.00431691
-2.05 1.8 0.00895781
-2.05 1.85 0.0179944
-2.05 1.9 0.0340423
-2.05 1.95 0.0594378
-2.05 2 0.0947839
-2.05 2.05 0.138016
-2.05 2.1 0.184983
-2.05 2.15 0.231165
-2.05 2.2 0.273165
-2.05 2.25 0.30922
-2.05 2.3 0.338933
-2.05 2.35 0.362735
-2.05 2.4 0.381438
-2.05 2.45 0.395941
-2.05 2.5 0.407086

-2 -2.5 2.49309e-05
-2 -2.45 2.49309e-05
-2 -2.4 2.49309e-05
-2 -2.35 2.49309e-05
-2 -2.3 2.49309e-05
-2 -2.25 2.49309e-05
-2 -2.2 2.49309e-05
-2 -2.15 2.49309e-05
-2 -2.1 2.49309e-05
-2 -2.05 2.49309e-05
-2 -2 2.49309e-05
-2 -1.95 2.49309e-05
-2 -1.9 2.49309e-05
-2 -1.85 2.49309e-05
-2 -1.8 2.49309e-05
-2 -1.75 2.49309e-05
-2 -1.7 2.49309e-05
-2 -1.65 2.49309e-05
-2 -1.6 2.49309e-05
-2 -1.55 2.49309e-05
-2 -1.5 2.49309e-05
-2 -1.45 2.49309e-05
-2 -1.4 2.49309e-05
-2 -1.35 2.49309e-05
-2 -1.3 2.49309e-05
-2 -1.25 2.49309e-05
-2 -1.2 2.49309e-05
-2 -1.15 2.49309e-05
-2 -1.1 2.49309e-05
-2 -1.05 2.49309e-05
-2 -1 2.49309e-05
-2 -0.95 2.4931e-05
-2 -0.9 2.4931e-05
-2 -0.85 2.4931e-05
-2 -0.8 2.49311e-05
-2 -0.75 2.49311e-05
-2 -0.7 2.49312e-05
-2 -0.65 2.49313e-05
-2 -0.6 2.49315e-05
-2 -0.55 2.49317e-05
-2 -0.5 2.4932e-05
-2 -0.45 2.49323e-05
-2 -0.4 2.49328e-05
-2 -0.35 2.49335e-05
-2 -0.3 2.49343e-05
-2 -0.25 2.49355e-05
-2 -0.2 2.4937e-05
-2 -0.15 2.4939e-05
-2 -0.1 2.49417e-05
-2 -0.05 2.49453e-05
-2 -5.13478e-16 2.495e-05
-2 0.05 2.49564e-05
-2 0.1 2.49648e-05
-2 0.15 2.4976e-05
-2 0.2 2.49909e-05
-2 0.25 2.50107e-05
-2 0.3 2.50371e-05
-2 0.35 2.50723e-05
-2 0.4 2.51191e-05
-2 0.45 2.51815e-05
-2 0.5 2.52646e-05
-2 0.55 2.53755e-05
-2 0.6 2.55237e-05
-2 0.65 2.57218e-05
-2 0.7 2.59872e-05
-2 0.75 2.63437e-05
-2 0.8 2.68239e-05
-2 0.85 2.74734e-05
-2 0.9 2.8357e-05
-2 0.95 2.95673e-05
-2 1 3.12412e-05
-2 1.05 3.35844e-05
-2 1.1 3.69171e-05
-2 1.15 4.17538e-05
-2 1.2 4.89551e-05
-2 1.25 6.00231e-05
-2 1.3 7.77034e-05
-2 1.35 0.00010726
-2 1.4 0.000159276
-2 1.45 0.000255984
-2 1.5 0.000445763
-2 1.55 0.000836023
-2 1.6 0.00166447
-2 1.65 0.00343881
-2 1.7 0.00716286
-2 1.75 0.0145802
-2 1.8 0.0281717
-2 1.85 0.0505034
-2 1.9 0.0828656
-2 1.95 0.124034
-2 2 0.170349
-2 2.05 0.217209
-2 2.1 0.260765
-2 2.15 0.298754
-2 2.2 0.33041
-2 2.25 0.355963
-2 2.3 0.376146
-2 2.35 0.391853
-2 2.4 0.403953
-2 2.45 0.41321
-2 2.5 0.420258

-1.95 -2.5 2.49309e-05
-1.95 -2.45 2.49309e-05
-1.95 -2.4 2.49309e-05
-1.95 -2.35 2.49309e-05
-1.95 -2.3 2.49309e-05
-1.95 -2.25 2.49309e-05
-1.95 -2.2 2.49309e-05
-1.95 -2.15 2.49309e-05
-1.95 -2.1 2.49309e-05
-1.95 -2.05 2.49309e-05
-1.95 -2 2.49309e-05
-1.95 -1.95 2.49309e-05
-1.95 -1.9 2.49309e-05
-1.95 -1.85 2.49309e-05
-1.95 -1.8 2.49309e-05
-1.95 -1.75 2.49309e-05
-1.95 -1.7 2.49309e-05
-1.95 -1.65 2.49309e-05
-1.95 -1.6 2.49309e-05
-1.95 -1.55 2.49309e-05
-1.95 -1.5 2.49309e-05
-1.95 -1.45 2.49309e-05
-1.95 -1.4 2.49309e-05
-1.95 -1.35 2.49309e-05
-1.95 -1.3 2.49309e-05
-1.95 -1.25 2.49309e-05
-1.95 -1.2 2.49309e-05
-1.95 -1.15 2.49309e-05
-1.95 -1.1 2.49309e-05
-1.95 -1.05 2.49309e-05
-1.95 -1 2.4931e-05
-1.95 -0.95 2.4931e-05
-1.95 -0.9 2.49311e-05
-1.95 -0.85 2.49311e-05
-1.95 -0.8 2.49312e-05
-1.95 -0.75 2.49313e-05
-1.95 -0.7 2.49314e-05
-1.95 -0.65 2.49316e-05
-1.95 -0.6 2.49319e-05
-1.95 -0.55 2.49322e-05
-1.95 -0.5 2.49327e-05
-1.95 -0.45 2.49333e-05
-1.95 -0.4 2.4934e-05
-1.95 -0.35 2.49351e-05
-1.95 -0.3 2.49365e-05
-1.95 -0.25 2.49383e-05
-1.95 -0.2 2.49408e-05
-1.95 -0.15 2.49441e-05
-1.95 -0.1 2.49484e-05
-1.95 -0.05 2.49542e-05
-1.95 -5.13478e-16 2.49619e-05
-1.95 0.05 2.49722e-05
-1.95 0.1 2.49858e-05
-1.95 0.15 2.5004e-05
-1.95 0.2 2.50281e-05
-1.95 0.25 2.50603e-05
-1.95 0.3 2.51032e-05
-1.95 0.35 2.51602e-05
-1.95 0.4 2.52363e-05
-1.95 0.45 2.53378e-05
-1.95 0.5 2.54732e-05
-1.95 0.55 2.56543e-05
-1.95 0.6 2.58967e-05
-1.95 0.65 2.6222e-05
-1.95 0.7 2.66598e-05
-1.95 0.75 2.72511e-05
-1.95 0.8 2.80539e-05
-1.95 0.85 2.91511e-05
-1.95 0.9 3.06636e-05
-1.95 0.95 3.27722e-05
-1.95 1 3.57552e-05
-1.95 1.05 4.00553e-05
-1.95 1.1 4.64032e-05
-1.95 1.15 5.60575e-05
-1.95 1.2 7.12851e-05
-1.95 1.25 9.63686e-05
-1.95 1.3 0.000139794
-1.95 1.35 0.00021916
-1.95 1.4 0.000372395
-1.95 1.45 0.000683362
-1.95 1.5 0.0013384
-1.95 1.55 0.00274151
-1.95 1.6 0.00571489
-1.95 1.65 0.0117546
-1.95 1.7 0.0231455
-1.95 1.75 0.0425472
-1.95 1.8 0.071808
-1.95 1.85 0.110551
-1.95 1.9 0.155761
-1.95 1.95 0.202924
-1.95 2 0.247822
-1.95 2.05 0.287676
-1.95 2.1 0.3213
-1.95 2.15 0.348677
-1.95 2.2 0.370428
-1.95 2.25 0.387422
-1.95 2.3 0.40055
-1.95 2.35 0.410612
-1.95 2.4 0.418283
-1.95 2.45 0.424108
-1.95 2.5 0.428521

-1.9 -2.5 2.49309e-05
-1.9 -2.45 2.49309e-05
-1.9 -2.4 2.49309e-05
-1.9 -2.35 2.49309e-05
-1.9 -2.3 2.49309e-05
-1.9 -2.25 2.49309e-05
-1.9 -2.2 2.49309e-05
-1.9 -2.15 2.49309e-05
-1.9 -2.1 2.49309e-05
-1.9 -2.05 2.49309e-05
-1.9 -2 2.49309e-05
-1.9 -1.95 2.49309e-05
-1.9 -1.9 2.49309e-05
-1.9 -1.85 2.49309e-05
-1.9 -1.8 2.49309e-05
-1.9 -1.75 2.49309e-05
-1.9 -1.7 2.49309e-05
-1.9 -1.65 2.49309e-05
-1.9 -1.6 2.49309e-05
-1.9 -1.55 2.49309e-05
-1.9 -1.5 2.49309e-05
-1.9 -1.45 2.49309e-05
-1.9 -1.4 2.49309e-05
-1.9 -1.35 2.49309e-05
-1.9 -1.3 2.49309e-05
-1.9 -1.25 2.49309e-05
-1.9 -1.2 2.49309e-05
-1.9 -1.15 2.49309e-05
-1.9 -1.1 2.4931e-05
-1.9 -1.05 2.4931e-05
-1.9 -1 2.4931e-05
-1.9 -0.95 2.49311e-05
-1.9 -0.9 2.49312e-05
-1.9 -0.85 2.49313e-05
-1.9 -0.8 2.49314e-05
-1.9 -0.75 2.49316e-05
-1.9 -0.7 2.49318e-05
-1.9 -0.65 2.49321e-05
-1.9 -0.6 2.49325e-05
-1.9 -0.55 2.49331e-05
-1.9 -0.5 2.49338e-05
-1.9 -0.45 2.49347e-05
-1.9 -0.4 2.4936e-05
-1.9 -0.35 2.49377e-05
-1.9 -0.3 2.494e-05
-1.9 -0.25 2.4943e-05
-1.9 -0.2 2.49469e-05
-1.9 -0.15 2.49522e-05
-1.9 -0.1 2.49593e-05
-1.9 -0.05 2.49687e-05
-1.9 -5.13478e-16 2.49812e-05
-1.9 0.05 2.49978e-05
-1.9 0.1 2.50199e-05
-1.9 0.15 2.50494e-05
-1.9 0.2 2.50886e-05
-1.9 0.25 2.51408e-05
-1.9 0.3 2.52104e-05
-1.9 0.35 2.53032e-05
-1.9 0.4 2.54271e-05
-1.9 0.45 2.55926e-05
-1.9 0.5 2.58141e-05
-1.9 0.55 2.6111e-05
-1.9 0.6 2.65102e-05
-1.9 0.65 2.70488e-05
-1.9 0.7 2.77788e-05
-1.9 0.75 2.87742e-05
-1.9 0.8 3.01423e-05
-1.9 0.85 3.20424e-05
-1.9 0.9 3.47173e-05
-1.9 0.95 3.85489e-05
-1.9 1 4.41605e-05
-1.9 1.05 5.26109e-05
-1.9 1.1 6.57807e-05
-1.9 1.15 8.71698e-05
-1.9 1.2 0.000123613
-1.9 1.25 0.000189092
-1.9 1.3 0.000313417
-1.9 1.35 0.000562101
-1.9 1.4 0.00108088
-1.9 1.45 0.00218933
-1.9 1.5 0.00455377
-1.9 1.55 0.00943677
-1.9 1.6 0.0188904
-1.9 1.65 0.0355502
-1.9 1.7 0.0616774
-1.9 1.75 0.0976979
-1.9 1.8 0.141356
-1.9 1.85 0.188412
-1.9 1.9 0.234385
-1.9 1.95 0.275994
-1.9 2 0.311589
-1.9 2.05 0.340852
-1.9 2.1 0.364254
-1.9 2.15 0.382622
-1.9 2.2 0.396854
-1.9 2.25 0.407786
-1.9 2.3 0.416132
-1.9 2.35 0.422477
-1.9 2.4 0.427286
-1.9 2.45 0.430924
-1.9 2.5 0.433672

-1.85 -2.5 2.49309e-05
-1.85 -2.45 2.49309e-05
-1.85 -2.4 2.49309e-05
-1.85 -2.35 2.49309e-05
-1.85 -2.3 2.49309e-05
-1.85 -2.25 2.49309e-05
-1.85 -2.2 2.49309e-05
-1.85 -2.15 2.49309e-05
-1.85 -2.1 2.49309e-05
-1.85 -2.05 2.49309e-05
-1.85 -2 2.49309e-05
-1.85 -1.95 2.49309e-05
-1.85 -1.9 2.49309e-05
-1.85 -1.85 2.49309e-05
-1.85 -1.8 2.49309e-05
-1.85 -1.75 2.49309e-05
-1.85 -1.7 2.49309e-05
-1.85 -1.65 2.49309e-05
-1.85 -1.6 2.49309e-05
-1.85 -1.55 2.49309e-05
-1.85 -1.5 2.49309e-05
-1.85 -1.45 2.49309e-05
-1.85 -1.4 2.49309e-05
-1.85 -1.35 2.49309e-05
-1.85 -1.3 2.49309e-05
-1.85 -1.25 2.49309e-05
-1.85 -1.2 2.4931e-05
-1.85 -1.15 2.4931e-05
-1.85 -1.1 2.4931e-05
-1.85 -1.05 2.49311e-05
-1.85 -1 2.49311e-05
-1.85 -0.95 2.49312e-05
-1.85 -0.9 2.49314e-05
-1.85 -0.85 2.49315e-05
-1.85 -0.8 2.49317e-05
-1.85 -0.75 2.4932e-05
-1.85 -0.7 2.49324e-05
-1.85 -0.65 2.49329e-05
-1.85 -0.6 2.49335e-05
-1.85 -0.55 2.49344e-05
-1.85 -0.5 2.49356e-05
-1.85 -0.45 2.49371e-05
-1.85 -0.4 2.49392e-05
-1.85 -0.35 2.49419e-05
-1.85 -0.3 2.49456e-05
-1.85 -0.25 2.49504e-05
-1.85 -0.2 2.49569e-05
-1.85 -0.15 2.49655e-05
-1.85 -0.1 2.49769e-05
-1.85 -0.05 2.49921e-05
-1.85 -5.13478e-16 2.50124e-05
-1.85 0.05 2.50394e-05
-1.85 0.1 2.50752e-05
-1.85 0.15 2.5123e-05
-1.85 0.2 2.51867e-05
-1.85 0.25 2.52716e-05
-1.85 0.3 2.53849e-05
-1.85 0.35 2.55362e-05
-1.85 0.4 2.57386e-05
-1.85 0.45 2.60097e-05
-1.85 0.5 2.63739e-05
-1.85 0.55 2.68647e-05
-1.85 0.6 2.75288e-05
-1.85 0.65 2.84325e-05
-1.85 0.7 2.96712e-05
-1.85 0.75 3.13857e-05
-1.85 0.8 3.37882e-05
-1.85 0.85 3.72097e-05
-1.85 0.9 4.21835e-05
-1.85 0.95 4.96045e-05
-1.85 1 6.10395e-05
-1.85 1.05 7.93622e-05
-1.85 1.1 0.000110102
-1.85 1.15 0.000164411
-1.85 1.2 0.00026579
-1.85 1.25 0.000465477
-1.85 1.3 0.000877309
-1.85 1.35 0.00175287
-1.85 1.4 0.0036273
-1.85 1.45 0.00755077
-1.85 1.5 0.015326
-1.85 1.55 0.0294718
-1.85 1.6 0.0525133
-1.85 1.65 0.0855898
-1.85 1.7 0.127277
-1.85 1.75 0.173786
-1.85 1.8 0.220519
-1.85 1.85 0.263727
-1.85 1.9 0.301267
-1.85 1.95 0.332464
-1.85 2 0.357599
-1.85 2.05 0.377427
-1.85 2.1 0.392844
-1.85 2.15 0.404714
-1.85 2.2 0.413791
-1.85 2.25 0.420699
-1.85 2.3 0.42594
-1.85 2.35 0.429907
-1.85 2.4 0.432904
-1.85 2.45 0.435167
-1.85 2.5 0.436873

-1.8 -2.5 2.49309e-05
-1.8 -2.45 2.49309e-05
-1.8 -2.4 2.49309e-05
-1.8 -2.35 2.49309e-05
-1.8 -2.3 2.49309e-05
-1.8 -2.25 2.49309e-05
-1.8 -2.2 2.49309e-05
-1.8 -2.15 2.49309e-05
-1.8 -2.1 2.49309e-05
-1.8 -2.05 2.49309e-05
-1.8 -2 2.49309e-05
-1.8 -1.95 2.49309e-05
-1.8 -1.9 2.49309e-05
-1.8 -1.85 2.49309e-05
-1.8 -1.8 2.49309e-05
-1.8 -1.75 2.49309e-05
-1.8 -1.7 2.49309e-05
-1.8 -1.65 2.49309e-05
-1.8 -1.6 2.49309e-05
-1.8 -1.55 2.49309e-05
-1.8 -1.5 2.49309e-05
-1.8 -1.45 2.49309e-05
-1.8 -1.4 2.49309e-05
-1.8 -1.35 2.49309e-05
-1.8 -1.3 2.49309e-05
-1.8 -1.25 2.4931e-05
-1.8 -1.2 2.4931e-05
-1.8 -1.15 2.49311e-05
-1.8 -1.1 2.49311e-05
-1.8 -1.05 2.49312e-05
-1.8 -1 2.49313e-05
-1.8 -0.95 2.49315e-05
-1.8 -0.9 2.49316e-05
-1.8 -0.85 2.49319e-05
-1.8 -0.8 2.49322e-05
-1.8 -0.75 2.49327e-05
-1.8 -0.7 2.49333e-05
-1.8 -0.65 2.49341e-05
-1.8 -0.6 2.49352e-05
-1.8 -0.55 2.49366e-05
-1.8 -0.5 2.49385e-05
-1.8 -0.45 2.4941e-05
-1.8 -0.4 2.49443e-05
-1.8 -0.35 2.49488e-05
-1.8 -0.3 2.49547e-05
-1.8 -0.25 2.49626e-05
-1.8 -0.2 2.4973e-05
-1.8 -0.15 2.4987e-05
-1.8 -0.1 2.50055e-05
-1.8 -0.05 2.50302e-05
-1.8 -5.13478e-16 2.5063e-05
-1.8 0.05 2.51068e-05
-1.8 0.1 2.5165e-05
-1.8 0.15 2.52427e-05
-1.8 0.2 2.53463e-05
-1.8 0.25 2.54847e-05
-1.8 0.3 2.56696e-05
-1.8 0.35 2.59172e-05
-1.8 0.4 2.62496e-05
-1.8 0.45 2.66969e-05
-1.8 0.5 2.73014e-05
-1.8 0.55 2.81225e-05
-1.8 0.6 2.92452e-05
-1.8 0.65 3.07939e-05
-1.8 0.7 3.29551e-05
-1.8 0.75 3.60163e-05
-1.8 0.8 4.04358e-05
-1.8 0.85 4.69729e-05
-1.8 0.9 5.69388e-05
-1.8 0.95 7.27039e-05
-1.8 1 9.87614e-05
-1.8 1.05 0.000144046
-1.8 1.1 0.000227142
-1.8 1.15 0.000388202
-1.8 1.2 0.000716102
-1.8 1.25 0.00140819
-1.8 1.3 0.002891
-1.8 1.35 0.00602703
-1.8 1.4 0.0123695
-1.8 1.45 0.0242536
-1.8 1.5 0.0443281
-1.8 1.55 0.0743232
-1.8 1.6 0.113665
-1.8 1.65 0.159175
-1.8 1.7 0.206303
-1.8 1.75 0.250908
-1.8 1.8 0.290332
-1.8 1.85 0.323494
-1.8 1.9 0.350436
-1.8 1.95 0.371811
-1.8 2 0.388495
-1.8 2.05 0.401375
-1.8 2.1 0.411243
-1.8 2.15 0.418763
-1.8 2.2 0.424473
-1.8 2.25 0.428797
-1.8 2.3 0.432067
-1.8 2.35 0.434535
-1.8 2.4 0.436397
-1.8 2.45 0.437802
-1.8 2.5 0.438861

-1.75 -2.5 2.49309e-05
-1.75 -2.45 2.49309e-05
-1.75 -2.4 2.49309e-05
-1.75 -2.35 2.49309e-05
-1.75 -2.3 2.49309e-05
-1.75 -2.25 2.49309e-05
-1.75 -2.2 2.49309e-05
-1.75 -2.15 2.49309e-05
-1.75 -2.1 2.49309e-05
-1.75 -2.05 2.49309e-05
-1.75 -2 2.49309e-05
-1.75 -1.95 2.49309e-05
-1.75 -1.9 2.49309e-05
-1.75 -1.85 2.49309e-05
-1.75 -1.8 2.49309e-05
-1.75 -1.75 2.49309e-05
-1.75 -1.7 2.49309e-05
-1.75 -1.65 2.49309e-05
-1.75 -1.6 2.49309e-05
-1.75 -1.55 2.49309e-05
-1.75 -1.5 2.49309e-05
-1.75 -1.45 2.49309e-05
-1.75 -1.4 2.49309e-05
-1.75 -1.35 2.4931e-05
-1.75 -1.3 2.4931e-05
-1.75 -1.25 2.4931e-05
-1.75 -1.2 2.49311e-05
-1.75 -1.15 2.49312e-05
-1.75 -1.1 2.49313e-05
-1.75 -1.05 2.49314e-05
-1.75 -1 2.49316e-05
-1.75 -0.95 2.49318e-05
-1.75 -0.9 2.49321e-05
-1.75 -0.85 2.49325e-05
-1.75 -0.8 2.49331e-05
-1.75 -0.75 2.49338e-05
-1.75 -0.7 2.49348e-05
-1.75 -0.65 2.49361e-05
-1.75 -0.6 2.49378e-05
-1.75 -0.55 2.49401e-05
-1.75 -0.5 2.49432e-05
-1.75 -0.45 2.49473e-05
-1.75 -0.4 2.49527e-05
-1.75 -0.35 2.49599e-05
-1.75 -0.3 2.49695e-05
-1.75 -0.25 2.49822e-05
-1.75 -0.2 2.49992e-05
-1.75 -0.15 2.50218e-05
-1.75 -0.1 2.50519e-05
-1.75 -0.05 2.50919e-05
-1.75 -5.13478e-16 2.51452e-05
-1.75 0.05 2.52163e-05
-1.75 0.1 2.53111e-05
-1.75 0.15 2.54375e-05
-1.75 0.2 2.56066e-05
-1.75 0.25 2.58328e-05
-1.75 0.3 2.61362e-05
-1.75 0.35 2.65441e-05
-1.75 0.4 2.70946e-05
-1.75 0.45 2.78411e-05
-1.75 0.5 2.88594e-05
-1.75 0.55 3.026e-05
-1.75 0.6 3.22069e-05
-1.75 0.65 3.49507e-05
-1.75 0.7 3.88868e-05
-1.75 0.75 4.46618e-05
-1.75 0.8 5.3378e-05
-1.75 0.85 6.69995e-05
-1.75 0.9 8.91947e-05
-1.75 0.95 0.000127151
-1.75 1 0.000195623
-1.75 1.05 0.000326146
-1.75 1.1 0.000588137
-1.75 1.15 0.00113602
-1.75 1.2 0.0023076
-1.75 1.25 0.00480354
-1.75 1.3 0.00993951
-1.75 1.35 0.0198245
-1.75 1.4 0.0371088
-1.75 1.45 0.0639704
-1.75 1.5 0.100653
-1.75 1.55 0.144714
-1.75 1.6 0.191835
-1.75 1.65 0.237582
-1.75 1.7 0.278791
-1.75 1.75 0.313925
-1.75 1.8 0.342739
-1.75 1.85 0.365747
-1.75 1.9 0.383784
-1.75 1.95 0.39775
-1.75 2 0.408472
-1.75 2.05 0.416655
-1.75 2.1 0.422874
-1.75 2.15 0.427588
-1.75 2.2 0.431153
-1.75 2.25 0.433846
-1.75 2.3 0.435878
-1.75 2.35 0.43741
-1.75 2.4 0.438566
-1.75 2.45 0.439438
-1.75 2.5 0.440096

-1.7 -2.5 2.49309e-05
-1.7 -2.45 2.49309e-05
-1.7 -2.4 2.49309e-05
-1.7 -2.35 2.49309e-05
-1.7 -2.3 2.49309e-05
-1.7 -2.25 2.49309e-05
-1.7 -2.2 2.49309e-05
-1.7 -2.15 2.49309e-05
-1.7 -2.1 2.49309e-05
-1.7 -2.05 2.49309e-05
-1.7 -2 2.49309e-05
-1.7 -1.95 2.49309e-05
-1.7 -1.9 2.49309e-05
-1.7 -1.85 2.49309e-05
-1.7 -1.8 2.49309e-05
-1.7 -1.75 2.49309e-05
-1.7 -1.7 2.49309e-05
-1.7 -1.65 2.49309e-05
-1.7 -1.6 2.49309e-05
-1.7 -1.55 2.49309e-05
-1.7 -1.5 2.49309e-05
-1.7 -1.45 2.4931e-05
-1.7 -1.4 2.4931e-05
-1.7 -1.35 2.4931e-05
-1.7 -1.3 2.49311e-05
-1.7 -1.25 2.49311e-05
-1.7 -1.2 2.49312e-05
-1.7 -1.15 2.49314e-05
-1.7 -1.1 2.49315e-05
-1.7 -1.05 2.49317e-05
-1.7 -1 2.4932e-05
-1.7 -0.95 2.49324e-05
-1.7 -0.9 2.49329e-05
-1.7 -0.85 2.49336e-05
-1.7 -0.8 2.49345e-05
-1.7 -0.75 2.49357e-05
-1.7 -0.7 2.49373e-05
-1.7 -0.65 2.49394e-05
-1.7 -0.6 2.49422e-05
-1.7 -0.55 2.49459e-05
-1.7 -0.5 2.49508e-05
-1.7 -0.45 2.49574e-05
-1.7 -0.4 2.49662e-05
-1.7 -0.35 2.49779e-05
-1.7 -0.3 2.49934e-05
-1.7 -0.25 2.50141e-05
-1.7 -0.2 2.50416e-05
-1.7 -0.15 2.50783e-05
-1.7 -0.1 2.51271e-05
-1.7 -0.05 2.51921e-05
-1.7 -5.13478e-16 2.52788e-05
-1.7 0.05 2.53945e-05
-1.7 0.1 2.5549e-05
-1.7 0.15 2.57557e-05
-1.7 0.2 2.60327e-05
-1.7 0.25 2.64048e-05
-1.7 0.3 2.69064e-05
-1.7 0.35 2.75854e-05
-1.7 0.4 2.85097e-05
-1.7 0.45 2.97776e-05
-1.7 0.5 3.15338e-05
-1.7 0.55 3.39973e-05
-1.7 0.6 3.75103e-05
-1.7 0.65 4.26259e-05
-1.7 0.7 5.02745e-05
-1.7 0.75 6.20911e-05
-1.7 0.8 8.10842e-05
-1.7 0.85 0.000113062
-1.7 0.9 0.000169783
-1.7 0.95 0.000276088
-1.7 1 0.000486252
-1.7 1.05 0.00092092
-1.7 1.1 0.0018463
-1.7 1.15 0.00382624
-1.7 1.2 0.00795863
-1.7 1.25 0.0161053
-1.7 1.3 0.0308194
-1.7 1.35 0.0545772
-1.7 1.4 0.0883606
-1.7 1.45 0.130547
-1.7 1.5 0.177224
-1.7 1.55 0.22381
-1.7 1.6 0.266659
-1.7 1.65 0.303747
-1.7 1.7 0.334486
-1.7 1.75 0.359207
-1.7 1.8 0.378684
-1.7 1.85 0.393816
-1.7 1.9 0.405459
-1.7 1.95 0.41436
-1.7 2 0.421132
-1.7 2.05 0.426269
-1.7 2.1 0.430156
-1.7 2.15 0.433093
-1.7 2.2 0.43531
-1.7 2.25 0.436983
-1.7 2.3 0.438244
-1.7 2.35 0.439196
-1.7 2.4 0.439914
-1.7 2.45 0.440457
-1.7 2.5 0.440868

-1.65 -2.5 2.49309e-05
-1.65 -2.45 2.49309e-05
-1.65 -2.4 2.49309e-05
-1.65 -2.35 2.49309e-05
-1.65 -2.3 2.49309e-05
-1.65 -2.25 2.49309e-05
-1.65 -2.2 2.49309e-05
-1.65 -2.15 2.49309e-05
-1.65 -2.1 2.49309e-05
-1.65 -2.05 2.49309e-05
-1.65 -2 2.49309e-05
-1.65 -1.95 2.49309e-05
-1.65 -1.9 2.49309e-05
-1.65 -1.85 2.49309e-05
-1.65 -1.8 2.49309e-05
-1.65 -1.75 2.49309e-05
-1.65 -1.7 2.49309e-05
-1.65 -1.65 2.49309e-05
-1.65 -1.6 2.49309e-05
-1.65 -1.55 2.4931e-05
-1.65 -1.5 2.4931e-05
-1.65 -1.45 2.4931e-05
-1.65 -1.4 2.49311e-05
-1.65 -1.35 2.49311e-05
-1.65 -1.3 2.49312e-05
-1.65 -1.25 2.49313e-05
-1.65 -1.2 2.49315e-05
-1.65 -1.15 2.49317e-05
-1.65 -1.1 2.49319e-05
-1.65 -1.05 2.49323e-05
-1.65 -1 2.49327e-05
-1.65 -0.95 2.49334e-05
-1.65 -0.9 2.49342e-05
-1.65 -0.85 2.49353e-05
-1.65 -0.8 2.49367e-05
-1.65 -0.75 2.49386e-05
-1.65 -0.7 2.49412e-05
-1.65 -0.65 2.49446e-05
-1.65 -0.6 2.49492e-05
-1.65 -0.55 2.49552e-05
-1.65 -0.5 2.49632e-05
-1.65 -0.45 2.49739e-05
-1.65 -0.4 2.49881e-05
-1.65 -0.35 2.50071e-05
-1.65 -0.3 2.50323e-05
-1.65 -0.25 2.50658e-05
-1.65 -0.2 2.51105e-05
-1.65 -0.15 2.517e-05
-1.65 -0.1 2.52493e-05
-1.65 -0.05 2.53551e-05
-1.65 -5.13478e-16 2.54963e-05
-1.65 0.05 2.56852e-05
-1.65 0.1 2.59382e-05
-1.65 0.15 2.62778e-05
-1.65 0.2 2.67349e-05
-1.65 0.25 2.73529e-05
-1.65 0.3 2.81926e-05
-1.65 0.35 2.93414e-05
-1.65 0.4 3.09274e-05
-1.65 0.45 3.31428e-05
-1.65 0.5 3.62844e-05
-1.65 0.55 4.08273e-05
-1.65 0.6 4.75602e-05
-1.65 0.65 5.78497e-05
-1.65 0.7 7.41751e-05
-1.65 0.75 0.000101252
-1.65 0.8 0.000148488
-1.65 0.85 0.000235516
-1.65 0.9 0.000404843
-1.65 0.95 0.000750667
-1.65 1 0.00148197
-1.65 1.05 0.00304888
-1.65 1.1 0.00635569
-1.65 1.15 0.0130135
-1.65 1.2 0.0254052
-1.65 1.25 0.0461625
-1.65 1.3 0.076889
-1.65 1.35 0.116813
-1.65 1.4 0.162598
-1.65 1.45 0.209668
-1.65 1.5 0.253966
-1.65 1.55 0.292955
-1.65 1.6 0.325654
-1.65 1.65 0.352166
-1.65 1.7 0.37317
-1.65 1.75 0.389549
-1.65 1.8 0.402185
-1.65 1.85 0.411862
-1.65 1.9 0.419234
-1.65 1.95 0.424831
-1.65 2 0.429069
-1.65 2.05 0.432273
-1.65 2.1 0.434692
-1.65 2.15 0.436517
-1.65 2.2 0.437893
-1.65 2.25 0.438931
-1.65 2.3 0.439715
-1.65 2.35 0.440307
-1.65 2.4 0.440755
-1.65 2.45 0.441096
-1.65 2.5 0.441356

-1.6 -2.5 2.49309e-05
-1.6 -2.45 2.49309e-05
-1.6 -2.4 2.49309e-05
-1.6 -2.35 2.49309e-05
-1.6 -2.3 2.49309e-05
-1.6 -2.25 2.49309e-05
-1.6 -2.2 2.49309e-05
-1.6 -2.15 2.49309e-05
-1.6 -2.1 2.49309e-05
-1.6 -2.05 2.49309e-05
-1.6 -2 2.49309e-05
-1.6 -1.95 2.49309e-05
-1.6 -1.9 2.49309e-05
-1.6 -1.85 2.49309e-05
-1.6 -1.8 2.49309e-05
-1.6 -1.75 2.49309e-05
-1.6 -1.7 2.49309e-05
-1.6 -1.65 2.49309e-05
-1.6 -1.6 2.4931e-05
-1.6 -1.55 2.4931e-05
-1.6 -1.5 2.4931e-05
-1.6 -1.45 2.49311e-05
-1.6 -1.4 2.49312e-05
-1.6 -1.35 2.49313e-05
-1.6 -1.3 2.49314e-05
-1.6 -1.25 2.49316e-05
-1.6 -1.2 2.49318e-05
-1.6 -1.15 2.49322e-05
-1.6 -1.1 2.49326e-05
-1.6 -1.05 2.49331e-05
-1.6 -1 2.49339e-05
-1.6 -0.95 2.49349e-05
-1.6 -0.9 2.49362e-05
-1.6 -0.85 2.4938e-05
-1.6 -0.8 2.49403e-05
-1.6 -0.75 2.49435e-05
-1.6 -0.7 2.49476e-05
-1.6 -0.65 2.49531e-05
-1.6 -0.6 2.49605e-05
-1.6 -0.55 2.49703e-05
-1.6 -0.5 2.49833e-05
-1.6 -0.45 2.50006e-05
-1.6 -0.4 2.50237e-05
-1.6 -0.35 2.50544e-05
-1.6 -0.3 2.50953e-05
-1.6 -0.25 2.51497e-05
-1.6 -0.2 2.52223e-05
-1.6 -0.15 2.53191e-05
-1.6 -0.1 2.54482e-05
-1.6 -0.05 2.56209e-05
-1.6 -5.13478e-16 2.58519e-05
-1.6 0.05 2.61619e-05
-1.6 0.1 2.65787e-05
-1.6 0.15 2.71415e-05
-1.6 0.2 2.79047e-05
-1.6 0.25 2.89466e-05
-1.6 0.3 3.03805e-05
-1.6 0.35 3.23755e-05
-1.6 0.4 3.51903e-05
-1.6 0.45 3.92341e-05
-1.6 0.5 4.51782e-05
-1.6 0.55 5.41702e-05
-1.6 0.6 6.82622e-05
-1.6 0.65 9.12996e-05
-1.6 0.7 0.000130844
-1.6 0.75 0.000202466
-1.6 0.8 0.000339533
-1.6 0.85 0.000615605
-1.6 0.9 0.00119429
-1.6 0.95 0.00243258
-1.6 1 0.00506684
-1.6 1.05 0.010467
-1.6 1.1 0.0207977
-1.6 1.15 0.0387188
-1.6 1.2 0.0663164
-1.6 1.25 0.103648
-1.6 1.3 0.148089
-1.6 1.35 0.195249
-1.6 1.4 0.240754
-1.6 1.45 0.281555
-1.6 1.5 0.316227
-1.6 1.55 0.344597
-1.6 1.6 0.367213
-1.6 1.65 0.384925
-1.6 1.7 0.39863
-1.6 1.75 0.409145
-1.6 1.8 0.417168
-1.6 1.85 0.423264
-1.6 1.9 0.427884
-1.6 1.95 0.431377
-1.6 2 0.434016
-1.6 2.05 0.436007
-1.6 2.1 0.43751
-1.6 2.15 0.438643
-1.6 2.2 0.439498
-1.6 2.25 0.440144
-1.6 2.3 0.440632
-1.6 2.35 0.441003
-1.6 2.4 0.441286
-1.6 2.45 0.441503
-1.6 2.5 0.441672

-1.55 -2.5 2.49309e-05
-1.55 -2.45 2.49309e-05
-1.55 -2.4 2.49309e-05
-1.55 -2.35 2.49309e-05
-1.55 -2.3 2.49309e-05
-1.55 -2.25 2.49309e-05
-1.55 -2.2 2.49309e-05
-1.55 -2.15 2.49309e-05
-1.55 -2.1 2.49309e-05
-1.55 -2.05 2.49309e-05
-1.55 -2 2.49309e-05
-1.55 -1.95 2.49309e-05
-1.55 -1.9 2.49309e-05
-1.55 -1.85 2.49309e-05
-1.55 -1.8 2.49309e-05
-1.55 -1.75 2.49309e-05
-1.55 -1.7 2.4931e-05
-1.55 -1.65 2.4931e-05
-1.55 -1.6 2.4931e-05
-1.55 -1.55 2.49311e-05
-1.55 -1.5 2.49312e-05
-1.55 -1.45 2.49312e-05
-1.55 -1.4 2.49314e-05
-1.55 -1.35 2.49315e-05
-1.55 -1.3 2.49318e-05
-1.55 -1.25 2.4932e-05
-1.55 -1.2 2.49324e-05
-1.55 -1.15 2.4933e-05
-1.55 -1.1 2.49336e-05
-1.55 -1.05 2.49346e-05
-1.55 -1 2.49358e-05
-1.55 -0.95 2.49374e-05
-1.55 -0.9 2.49395e-05
-1.55 -0.85 2.49424e-05
-1.55 -0.8 2.49462e-05
-1.55 -0.75 2.49513e-05
-1.55 -0.7 2.4958e-05
-1.55 -0.65 2.4967e-05
-1.55 -0.6 2.49789e-05
-1.55 -0.55 2.49947e-05
-1.55 -0.5 2.50159e-05
-1.55 -0.45 2.50439e-05
-1.55 -0.4 2.50814e-05
-1.55 -0.35 2.51312e-05
-1.55 -0.3 2.51976e-05
-1.55 -0.25 2.52861e-05
-1.55 -0.2 2.54042e-05
-1.55 -0.15 2.5562e-05
-1.55 -0.1 2.57732e-05
-1.55 -0.05 2.60561e-05
-1.55 -5.13478e-16 2.64364e-05
-1.55 0.05 2.6949e-05
-1.55 0.1 2.76432e-05
-1.55 0.15 2.85888e-05
-1.55 0.2 2.98866e-05
-1.55 0.25 3.16855e-05
-1.55 0.3 3.42119e-05
-1.55 0.35 3.78192e-05
-1.55 0.4 4.30813e-05
-1.55 0.45 5.0966e-05
-1.55 0.5 6.31794e-05
-1.55 0.55 8.28721e-05
-1.55 0.6 0.000116149
-1.55 0.65 0.000175405
-1.55 0.7 0.000286907
-1.55 0.75 0.000508152
-1.55 0.8 0.000966993
-1.55 0.85 0.00194507
-1.55 0.9 0.00403617
-1.55 0.95 0.0083873
-1.55 1 0.0169191
-1.55 1.05 0.0322153
-1.55 1.1 0.0566952
-1.55 1.15 0.0911768
-1.55 1.2 0.13384
-1.55 1.25 0.180662
-1.55 1.3 0.22708
-1.55 1.35 0.26956
-1.55 1.4 0.306192
-1.55 1.45 0.336476
-1.55 1.5 0.360788
-1.55 1.55 0.379919
-1.55 1.6 0.39477
-1.55 1.65 0.406191
-1.55 1.7 0.414918
-1.55 1.75 0.421557
-1.55 1.8 0.426591
-1.55 1.85 0.430401
-1.55 1.9 0.433279
-1.55 1.95 0.435452
-1.55 2 0.437091
-1.55 2.05 0.438328
-1.55 2.1 0.439261
-1.55 2.15 0.439965
-1.55 2.2 0.440498
-1.55 2.25 0.440902
-1.55 2.3 0.44121
-1.55 2.35 0.441446
-1.55 2.4 0.441629
-1.55 2.45 0.441772
-1.55 2.5 0.441887

-1.5 -2.5 2.49309e-05
-1.5 -2.45 2.49309e-05
-1.5 -2.4 2.49309e-05
-1.5 -2.35 2.49309e-05
-1.5 -2.3 2.49309e-05
-1.5 -2.25 2.49309e-05
-1.5 -2.2 2.49309e-05
-1.5 -2.15 2.49309e-05
-1.5 -2.1 2.49309e-05
-1.5 -2.05 2.49309e-05
-1.5 -2 2.49309e-05
-1.5 -1.95 2.49309e-05
-1.5 -1.9 2.49309e-05
-1.5 -1.85 2.49309e-05
-1.5 -1.8 2.4931e-05
-1.5 -1.75 2.4931e-05
-1.5 -1.7 2.4931e-05
-1.5 -1.65 2.49311e-05
-1.5 -1.6 2.49311e-05
-1.5 -1.55 2.49312e-05
-1.5 -1.5 2.49313e-05
-1.5 -1.45 2.49315e-05
-1.5 -1.4 2.49317e-05
-1.5 -1.35 2.49319e-05
-1.5 -1.3 2.49323e-05
-1.5 -1.25 2.49328e-05
-1.5 -1.2 2.49334e-05
-1.5 -1.15 2.49342e-05
-1.5 -1.1 2.49354e-05
-1.5 -1.05 2.49368e-05
-1.5 -1 2.49388e-05
-1.5 -0.95 2.49414e-05
-1.5 -0.9 2.49449e-05
-1.5 -0.85 2.49495e-05
-1.5 -0.8 2.49557e-05
-1.5 -0.75 2.49639e-05
-1.5 -0.7 2.49748e-05
-1.5 -0.65 2.49893e-05
-1.5 -0.6 2.50087e-05
-1.5 -0.55 2.50344e-05
-1.5 -0.5 2.50686e-05
-1.5 -0.45 2.51142e-05
-1.5 -0.4 2.5175e-05
-1.5 -0.35 2.5256e-05
-1.5 -0.3 2.5364e-05
-1.5 -0.25 2.55083e-05
-1.5 -0.2 2.57012e-05
-1.5 -0.15 2.59596e-05
-1.5 -0.1 2.63066e-05
-1.5 -0.05 2.67738e-05
-1.5 -5.13478e-16 2.74055e-05
-1.5 0.05 2.82643e-05
-1.5 0.1 2.944e-05
-1.5 0.15 3.10642e-05
-1.5 0.2 3.33352e-05
-1.5 0.25 3.65598e-05
-1.5 0.3 4.12301e-05
-1.5 0.35 4.81657e-05
-1.5 0.4 5.87916e-05
-1.5 0.45 7.5701e-05
-1.5 0.5 0.000103844
-1.5 0.55 0.000153131
-1.5 0.6 0.000244302
-1.5 0.65 0.000422368
-1.5 0.7 0.000787163
-1.5 0.75 0.00155995
-1.5 0.8 0.00321562
-1.5 0.85 0.00670163
-1.5 0.9 0.0136875
-1.5 0.95 0.0266013
-1.5 1 0.0480505
-1.5 1.05 0.0795044
-1.5 1.1 0.119991
-1.5 1.15 0.166027
-1.5 1.2 0.213018
-1.5 1.25 0.256995
-1.5 1.3 0.295545
-1.5 1.35 0.327781
-1.5 1.4 0.353867
-1.5 1.45 0.374504
-1.5 1.5 0.390584
-1.5 1.55 0.40298
-1.5 1.6 0.412469
-1.5 1.65 0.419697
-1.5 1.7 0.425182
-1.5 1.75 0.429335
-1.5 1.8 0.432475
-1.5 1.85 0.434845
-1.5 1.9 0.436634
-1.5 1.95 0.437983
-1.5 2 0.439002
-1.5 2.05 0.43977
-1.5 2.1 0.440352
-1.5 2.15 0.440792
-1.5 2.2 0.441127
-1.5 2.25 0.441384
-1.5 2.3 0.441582
-1.5 2.35 0.441737
-1.5 2.4 0.441861
-1.5 2.45 0.441962
-1.5 2.5 0.442048

-1.45 -2.5 2.49309e-05
-1.45 -2.45 2.49309e-05
-1.45 -2.4 2.49309e-05
-1.45 -2.35 2.49309e-05
-1.45 -2.3 2.49309e-05
-1.45 -2.25 2.49309e-05
-1.45 -2.2 2.49309e-05
-1.45 -2.15 2.49309e-05
-1.45 -2.1 2.49309e-05
-1.45 -2.05 2.49309e-05
-1.45 -2 2.49309e-05
-1.45 -1.95 2.49309e-05
-1.45 -1.9 2.49309e-05
-1.45 -1.85 2.4931e-05
-1.45 -1.8 2.4931e-05
-1.45 -1.75 2.4931e-05
-1.45 -1.7 2.49311e-05
-1.45 -1.65 2.49312e-05
-1.45 -1.6 2.49313e-05
-1.45 -1.55 2.49314e-05
-1.45 -1.5 2.49316e-05
-1.45 -1.45 2.49319e-05
-1.45 -1.4 2.49322e-05
-1.45 -1.35 2.49326e-05
-1.45 -1.3 2.49332e-05
-1.45 -1.25 2.4934e-05
-1.45 -1.2 2.4935e-05
-1.45 -1.15 2.49363e-05
-1.45 -1.1 2.49381e-05
-1.45 -1.05 2.49405e-05
-1.45 -1 2.49437e-05
-1.45 -0.95 2.4948e-05
-1.45 -0.9 2.49536e-05
-1.45 -0.85 2.49611e-05
-1.45 -0.8 2.49711e-05
-1.45 -0.75 2.49844e-05
-1.45 -0.7 2.50021e-05
-1.45 -0.65 2.50256e-05
-1.45 -0.6 2.5057e-05
-1.45 -0.55 2.50987e-05
-1.45 -0.5 2.51543e-05
-1.45 -0.45 2.52284e-05
-1.45 -0.4 2.53272e-05
-1.45 -0.35 2.54591e-05
-1.45 -0.3 2.56355e-05
-1.45 -0.25 2.58715e-05
-1.45 -0.2 2.61881e-05
-1.45 -0.15 2.66141e-05
-1.45 -0.1 2.71893e-05
-1.45 -0.05 2.79699e-05
-1.45 -5.13478e-16 2.90358e-05
-1.45 0.05 3.05039e-05
-1.45 0.1 3.25484e-05
-1.45 0.15 3.54363e-05
-1.45 0.2 3.95913e-05
-1.45 0.25 4.57103e-05
-1.45 0.3 5.49886e-05
-1.45 0.35 6.95704e-05
-1.45 0.4 9.34884e-05
-1.45 0.45 0.000134699
-1.45 0.5 0.000209638
-1.45 0.55 0.000353617
-1.45 0.6 0.000644588
-1.45 0.65 0.00125587
-1.45 0.7 0.00256463
-1.45 0.75 0.00534435
-1.45 0.8 0.0110202
-1.45 0.85 0.0218111
-1.45 0.9 0.0403808
-1.45 0.95 0.0687151
-1.45 1 0.106682
-1.45 1.05 0.151478
-1.45 1.1 0.198655
-1.45 1.15 0.243901
-1.45 1.2 0.284287
-1.45 1.25 0.318495
-1.45 1.3 0.346424
-1.45 1.35 0.368654
-1.45 1.4 0.386046
-1.45 1.45 0.399493
-1.45 1.5 0.409805
-1.45 1.55 0.417671
-1.45 1.6 0.423646
-1.45 1.65 0.428174
-1.45 1.7 0.431598
-1.45 1.75 0.434184
-1.45 1.8 0.436135
-1.45 1.85 0.437608
-1.45 1.9 0.438719
-1.45 1.95 0.439558
-1.45 2 0.440192
-1.45 2.05 0.440672
-1.45 2.1 0.441037
-1.45 2.15 0.441316
-1.45 2.2 0.441531
-1.45 2.25 0.441699
-1.45 2.3 0.441832
-1.45 2.35 0.441941
-1.45 2.4 0.442032
-1.45 2.45 0.442112
-1.45 2.5 0.442186

-1.4 -2.5 2.49309e-05
-1.4 -2.45 2.49309e-05
-1.4 -2.4 2.49309e-05
-1.4 -2.35 2.49309e-05
-1.4 -2.3 2.49309e-05
-1.4 -2.25 2.49309e-05
-1.4 -2.2 2.49309e-05
-1.4 -2.15 2.49309e-05
-1.4 -2.1 2.49309e-05
-1.4 -2.05 2.49309e-05
-1.4 -2 2.49309e-05
-1.4 -1.95 2.4931e-05
-1.4 -1.9 2.4931e-05
-1.4 -1.85 2.4931e-05
-1.4 -1.8 2.49311e-05
-1.4 -1.75 2.49312e-05
-1.4 -1.7 2.49313e-05
-1.4 -1.65 2.49314e-05
-1.4 -1.6 2.49315e-05
-1.4 -1.55 2.49318e-05
-1.4 -1.5 2.49321e-05
-1.4 -1.45 2.49325e-05
-1.4 -1.4 2.4933e-05
-1.4 -1.35 2.49337e-05
-1.4 -1.3 2.49346e-05
-1.4 -1.25 2.49359e-05
-1.4 -1.2 2.49375e-05
-1.4 -1.15 2.49397e-05
-1.4 -1.1 2.49426e-05
-1.4 -1.05 2.49465e-05
-1.4 -1 2.49517e-05
-1.4 -0.95 2.49586e-05
-1.4 -0.9 2.49677e-05
-1.4 -0.85 2.49799e-05
-1.4 -0.8 2.49961e-05
-1.4 -0.75 2.50176e-05
-1.4 -0.7 2.50463e-05
-1.4 -0.65 2.50845e-05
-1.4 -0.6 2.51354e-05
-1.4 -0.55 2.52032e-05
-1.4 -0.5 2.52936e-05
-1.4 -0.45 2.54142e-05
-1.4 -0.4 2.55754e-05
-1.4 -0.35 2.5791e-05
-1.4 -0.3 2.60801e-05
-1.4 -0.25 2.64686e-05
-1.4 -0.2 2.69926e-05
-1.4 -0.15 2.77024e-05
-1.4 -0.1 2.86697e-05
-1.4 -0.05 2.99981e-05
-1.4 -5.13478e-16 3.18411e-05
-1.4 0.05 3.4432e-05
-1.4 0.1 3.81367e-05
-1.4 0.15 4.35503e-05
-1.4 0.2 5.16797e-05
-1.4 0.25 6.43059e-05
-1.4 0.3 8.47292e-05
-1.4 0.35 0.000119366
-1.4 0.4 0.000181289
-1.4 0.45 0.000298277
-1.4 0.5 0.00053124
-1.4 0.55 0.00101567
-1.4 0.6 0.00204945
-1.4 0.65 0.00425766
-1.4 0.7 0.00883765
-1.4 0.75 0.0177687
-1.4 0.8 0.0336604
-1.4 0.85 0.0588672
-1.4 0.9 0.0940371
-1.4 0.95 0.137155
-1.4 1 0.184096
-1.4 1.05 0.230329
-1.4 1.1 0.272429
-1.4 1.15 0.308604
-1.4 1.2 0.338434
-1.4 1.25 0.362341
-1.4 1.3 0.381132
-1.4 1.35 0.395706
-1.4 1.4 0.406909
-1.4 1.45 0.415465
-1.4 1.5 0.421973
-1.4 1.55 0.426907
-1.4 1.6 0.430641
-1.4 1.65 0.433462
-1.4 1.7 0.435591
-1.4 1.75 0.437198
-1.4 1.8 0.43841
-1.4 1.85 0.439325
-1.4 1.9 0.440017
-1.4 1.95 0.44054
-1.4 2 0.440938
-1.4 2.05 0.441242
-1.4 2.1 0.441475
-1.4 2.15 0.441657
-1.4 2.2 0.441801
-1.4 2.25 0.441917
-1.4 2.3 0.442015
-1.4 2.35 0.442099
-1.4 2.4 0.442176
-1.4 2.45 0.442249
-1.4 2.5 0.442322

-1.35 -2.5 2.49309e-05
-1.35 -2.45 2.49309e-05
-1.35 -2.4 2.49309e-05
-1.35 -2.35 2.49309e-05
-1.35 -2.3 2.49309e-05
-1.35 -2.25 2.49309e-05
-1.35 -2.2 2.49309e-05
-1.35 -2.15 2.49309e-05
-1.35 -2.1 2.49309e-05
-1.35 -2.05 2.4931e-05
-1.35 -2 2.4931e-05
-1.35 -1.95 2.4931e-05
-1.35 -1.9 2.49311e-05
-1.35 -1.85 2.49311e-05
-1.35 -1.8 2.49312e-05
-1.35 -1.75 2.49313e-05
-1.35 -1.7 2.49315e-05
-1.35 -1.65 2.49317e-05
-1.35 -1.6 2.4932e-05
-1.35 -1.55 2.49323e-05
-1.35 -1.5 2.49328e-05
-1.35 -1.45 2.49335e-05
-1.35 -1.4 2.49343e-05
-1.35 -1.35 2.49355e-05
-1.35 -1.3 2.4937e-05
-1.35 -1.25 2.4939e-05
-1.35 -1.2 2.49416e-05
-1.35 -1.15 2.49452e-05
-1.35 -1.1 2.49499e-05
-1.35 -1.05 2.49562e-05
-1.35 -1 2.49646e-05
-1.35 -0.95 2.49757e-05
-1.35 -0.9 2.49906e-05
-1.35 -0.85 2.50103e-05
-1.35 -0.8 2.50366e-05
-1.35 -0.75 2.50715e-05
-1.35 -0.7 2.51181e-05
-1.35 -0.65 2.51801e-05
-1.35 -0.6 2.52628e-05
-1.35 -0.55 2.53731e-05
-1.35 -0.5 2.55205e-05
-1.35 -0.45 2.57175e-05
-1.35 -0.4 2.59815e-05
-1.35 -0.35 2.6336e-05
-1.35 -0.3 2.68135e-05
-1.35 -0.25 2.74593e-05
-1.35 -0.2 2.83377e-05
-1.35 -0.15 2.95409e-05
-1.35 -0.1 3.12044e-05
-1.35 -0.05 3.35325e-05
-1.35 -5.13478e-16 3.68427e-05
-1.35 0.05 4.16446e-05
-1.35 0.1 4.87903e-05
-1.35 0.15 5.97657e-05
-1.35 0.2 7.72842e-05
-1.35 0.25 0.000106543
-1.35 0.3 0.000157985
-1.35 0.35 0.000253524
-1.35 0.4 0.000440828
-1.35 0.45 0.000825704
-1.35 0.5 0.00164239
-1.35 0.55 0.00339168
-1.35 0.6 0.00706564
-1.35 0.65 0.0143926
-1.35 0.7 0.027843
-1.35 0.75 0.0499923
-1.35 0.8 0.0821687
-1.35 0.85 0.1232
-1.35 0.9 0.169461
-1.35 0.95 0.216351
-1.35 1 0.259995
-1.35 1.05 0.298101
-1.35 1.1 0.329876
-1.35 1.15 0.355539
-1.35 1.2 0.375815
-1.35 1.25 0.391599
-1.35 1.3 0.40376
-1.35 1.35 0.413065
-1.35 1.4 0.42015
-1.35 1.45 0.425527
-1.35 1.5 0.429597
-1.35 1.55 0.432674
-1.35 1.6 0.434997
-1.35 1.65 0.43675
-1.35 1.7 0.438073
-1.35 1.75 0.439071
-1.35 1.8 0.439826
-1.35 1.85 0.440397
-1.35 1.9 0.44083
-1.35 1.95 0.441161
-1.35 2 0.441414
-1.35 2.05 0.441611
-1.35 2.1 0.441767
-1.35 2.15 0.441892
-1.35 2.2 0.441995
-1.35 2.25 0.442085
-1.35 2.3 0.442165
-1.35 2.35 0.442241
-1.35 2.4 0.442317
-1.35 2.45 0.442394
-1.35 2.5 0.442477

-1.3 -2.5 2.49309e-05
-1.3 -2.45 2.49309e-05
-1.3 -2.4 2.49309e-05
-1.3 -2.35 2.49309e-05
-1.3 -2.3 2.49309e-05
-1.3 -2.25 2.49309e-05
-1.3 -2.2 2.49309e-05
-1.3 -2.15 2.49309e-05
-1.3 -2.1 2.4931e-05
-1.3 -2.05 2.4931e-05
-1.3 -2 2.49311e-05
-1.3 -1.95 2.49311e-05
-1.3 -1.9 2.49312e-05
-1.3 -1.85 2.49313e-05
-1.3 -1.8 2.49314e-05
-1.3 -1.75 2.49316e-05
-1.3 -1.7 2.49319e-05
-1.3 -1.65 2.49322e-05
-1.3 -1.6 2.49327e-05
-1.3 -1.55 2.49332e-05
-1.3 -1.5 2.4934e-05
-1.3 -1.45 2.49351e-05
-1.3 -1.4 2.49364e-05
-1.3 -1.35 2.49383e-05
-1.3 -1.3 2.49407e-05
-1.3 -1.25 2.4944e-05
-1.3 -1.2 2.49483e-05
-1.3 -1.15 2.49541e-05
-1.3 -1.1 2.49618e-05
-1.3 -1.05 2.4972e-05
-1.3 -1 2.49855e-05
-1.3 -0.95 2.50036e-05
-1.3 -0.9 2.50276e-05
-1.3 -0.85 2.50596e-05
-1.3 -0.8 2.51022e-05
-1.3 -0.75 2.5159e-05
-1.3 -0.7 2.52347e-05
-1.3 -0.65 2.53356e-05
-1.3 -0.6 2.54703e-05
-1.3 -0.55 2.56504e-05
-1.3 -0.5 2.58915e-05
-1.3 -0.45 2.6215e-05
-1.3 -0.4 2.66503e-05
-1.3 -0.35 2.72383e-05
-1.3 -0.3 2.80365e-05
-1.3 -0.25 2.91271e-05
-1.3 -0.2 3.06304e-05
-1.3 -0.15 3.27256e-05
-1.3 -0.1 3.56888e-05
-1.3 -0.05 3.99586e-05
-1.3 -5.13478e-16 4.62586e-05
-1.3 0.05 5.58341e-05
-1.3 0.1 7.09263e-05
-1.3 0.15 9.57648e-05
-1.3 0.2 0.000138724
-1.3 0.25 0.000217156
-1.3 0.3 0.000368436
-1.3 0.35 0.000675175
-1.3 0.4 0.00132096
-1.3 0.45 0.00270415
-1.3 0.5 0.00563674
-1.3 0.55 0.0116001
-1.3 0.6 0.0228658
-1.3 0.65 0.0420951
-1.3 0.7 0.0711658
-1.3 0.75 0.109752
-1.3 0.8 0.15488
-1.3 0.85 0.202049
-1.3 0.9 0.247021
-1.3 0.95 0.286985
-1.3 1 0.32073
-1.3 1.05 0.34822
-1.3 1.1 0.37007
-1.3 1.15 0.387146
-1.3 1.2 0.400339
-1.3 1.25 0.410453
-1.3 1.3 0.418164
-1.3 1.35 0.424022
-1.3 1.4 0.428459
-1.3 1.45 0.431814
-1.3 1.5 0.434349
-1.3 1.55 0.436262
-1.3 1.6 0.437705
-1.3 1.65 0.438794
-1.3 1.7 0.439617
-1.3 1.75 0.44024
-1.3 1.8 0.440712
-1.3 1.85 0.441072
-1.3 1.9 0.441348
-1.3 1.95 0.441561
-1.3 2 0.441729
-1.3 2.05 0.441864
-1.3 2.1 0.441975
-1.3 2.15 0.442069
-1.3 2.2 0.442154
-1.3 2.25 0.442233
-1.3 2.3 0.44231
-1.3 2.35 0.44239
-1.3 2.4 0.442474
-1.3 2.45 0.442567
-1.3 2.5 0.44267

-1.25 -2.5 2.49309e-05
-1.25 -2.45 2.49309e-05
-1.25 -2.4 2.49309e-05
-1.25 -2.35 2.49309e-05
-1.25 -2.3 2.49309e-05
-1.25 -2.25 2.49309e-05
-1.25 -2.2 2.4931e-05
-1.25 -2.15 2.4931e-05
-1.25 -2.1 2.4931e-05
-1.25 -2.05 2.49311e-05
-1.25 -2 2.49312e-05
-1.25 -1.95 2.49313e-05
-1.25 -1.9 2.49314e-05
-1.25 -1.85 2.49316e-05
-1.25 -1.8 2.49318e-05
-1.25 -1.75 2.49321e-05
-1.25 -1.7 2.49325e-05
-1.25 -1.65 2.4933e-05
-1.25 -1.6 2.49338e-05
-1.25 -1.55 2.49347e-05
-1.25 -1.5 2.4936e-05
-1.25 -1.45 2.49377e-05
-1.25 -1.4 2.49399e-05
-1.25 -1.35 2.49429e-05
-1.25 -1.3 2.49469e-05
-1.25 -1.25 2.49521e-05
-1.25 -1.2 2.49591e-05
-1.25 -1.15 2.49685e-05
-1.25 -1.1 2.49809e-05
-1.25 -1.05 2.49974e-05
-1.25 -1 2.50194e-05
-1.25 -0.95 2.50487e-05
-1.25 -0.9 2.50877e-05
-1.25 -0.85 2.51397e-05
-1.25 -0.8 2.52089e-05
-1.25 -0.75 2.53012e-05
-1.25 -0.7 2.54244e-05
-1.25 -0.65 2.5589e-05
-1.25 -0.6 2.58093e-05
-1.25 -0.55 2.61046e-05
-1.25 -0.5 2.65016e-05
-1.25 -0.45 2.70371e-05
-1.25 -0.4 2.77629e-05
-1.25 -0.35 2.87524e-05
-1.25 -0.3 3.01123e-05
-1.25 -0.25 3.20005e-05
-1.25 -0.2 3.46579e-05
-1.25 -0.15 3.8463e-05
-1.25 -0.1 4.40332e-05
-1.25 -0.05 5.24164e-05
-1.25 -5.13478e-16 6.54722e-05
-1.25 0.05 8.66584e-05
-1.25 0.1 0.000122721
-1.25 0.15 0.000187451
-1.25 0.2 0.000310227
-1.25 0.25 0.000555587
-1.25 0.3 0.00106711
-1.25 0.35 0.00215978
-1.25 0.4 0.00449128
-1.25 0.45 0.00931062
-1.25 0.5 0.018655
-1.25 0.55 0.0351553
-1.25 0.6 0.061093
-1.25 0.65 0.0969404
-1.25 0.7 0.140491
-1.25 0.75 0.187527
-1.25 0.8 0.233556
-1.25 0.85 0.275267
-1.25 0.9 0.310982
-1.25 0.95 0.340361
-1.25 1 0.363868
-1.25 1.05 0.382322
-1.25 1.1 0.396625
-1.25 1.15 0.407613
-1.25 1.2 0.416003
-1.25 1.25 0.422382
-1.25 1.3 0.427218
-1.25 1.35 0.430877
-1.25 1.4 0.433641
-1.25 1.45 0.435728
-1.25 1.5 0.437303
-1.25 1.55 0.438492
-1.25 1.6 0.43939
-1.25 1.65 0.440069
-1.25 1.7 0.440583
-1.25 1.75 0.440975
-1.25 1.8 0.441275
-1.25 1.85 0.441507
-1.25 1.9 0.441688
-1.25 1.95 0.441833
-1.25 2 0.441952
-1.25 2.05 0.442052
-1.25 2.1 0.442141
-1.25 2.15 0.442224
-1.25 2.2 0.442304
-1.25 2.25 0.442385
-1.25 2.3 0.442471
-1.25 2.35 0.442564
-1.25 2.4 0.442668
-1.25 2.45 0.442786
-1.25 2.5 0.44292

-1.2 -2.5 2.49309e-05
-1.2 -2.45 2.49309e-05
-1.2 -2.4 2.49309e-05
-1.2 -2.35 2.49309e-05
-1.2 -2.3 2.4931e-05
-1.2 -2.25 2.4931e-05
-1.2 -2.2 2.4931e-05
-1.2 -2.15 2.49311e-05
-1.2 -2.1 2.49311e-05
-1.2 -2.05 2.49312e-05
-1.2 -2 2.49313e-05
-1.2 -1.95 2.49315e-05
-1.2 -1.9 2.49317e-05
-1.2 -1.85 2.4932e-05
-1.2 -1.8 2.49324e-05
-1.2 -1.75 2.49329e-05
-1.2 -1.7 2.49335e-05
-1.2 -1.65 2.49344e-05
-1.2 -1.6 2.49355e-05
-1.2 -1.55 2.49371e-05
-1.2 -1.5 2.49391e-05
-1.2 -1.45 2.49419e-05
-1.2 -1.4 2.49455e-05
-1.2 -1.35 2.49503e-05
-1.2 -1.3 2.49568e-05
-1.2 -1.25 2.49653e-05
-1.2 -1.2 2.49767e-05
-1.2 -1.15 2.49918e-05
-1.2 -1.1 2.5012e-05
-1.2 -1.05 2.50388e-05
-1.2 -1 2.50745e-05
-1.2 -0.95 2.5122e-05
-1.2 -0.9 2.51853e-05
-1.2 -0.85 2.52698e-05
-1.2 -0.8 2.53825e-05
-1.2 -0.75 2.55329e-05
-1.2 -0.7 2.57342e-05
-1.2 -0.65 2.60039e-05
-1.2 -0.6 2.6366e-05
-1.2 -0.55 2.6854e-05
-1.2 -0.5 2.75143e-05
-1.2 -0.45 2.84128e-05
-1.2 -0.4 2.96441e-05
-1.2 -0.35 3.1348e-05
-1.2 -0.3 3.3735e-05
-1.2 -0.25 3.71332e-05
-1.2 -0.2 4.20711e-05
-1.2 -0.15 4.94345e-05
-1.2 -0.1 6.07732e-05
-1.2 -0.05 7.89271e-05
-1.2 -5.13478e-16 0.000109355
-1.2 0.05 0.00016306
-1.2 0.1 0.000263207
-1.2 0.15 0.000460277
-1.2 0.2 0.00086641
-1.2 0.25 0.00172952
-1.2 0.3 0.00357755
-1.2 0.35 0.00744854
-1.2 0.4 0.0151299
-1.2 0.45 0.029131
-1.2 0.5 0.0519882
-1.2 0.55 0.0848808
-1.2 0.6 0.126436
-1.2 0.65 0.172898
-1.2 0.7 0.219666
-1.2 0.75 0.262966
-1.2 0.8 0.300623
-1.2 0.85 0.331939
-1.2 0.9 0.357183
-1.2 0.95 0.377103
-1.2 1 0.392595
-1.2 1.05 0.404525
-1.2 1.1 0.413649
-1.2 1.15 0.420595
-1.2 1.2 0.425865
-1.2 1.25 0.429854
-1.2 1.3 0.43287
-1.2 1.35 0.435146
-1.2 1.4 0.436865
-1.2 1.45 0.438162
-1.2 1.5 0.439141
-1.2 1.55 0.439882
-1.2 1.6 0.440443
-1.2 1.65 0.440869
-1.2 1.7 0.441196
-1.2 1.75 0.441447
-1.2 1.8 0.441643
-1.2 1.85 0.441799
-1.2 1.9 0.441926
-1.2 1.95 0.442033
-1.2 2 0.442127
-1.2 2.05 0.442213
-1.2 2.1 0.442296
-1.2 2.15 0.44238
-1.2 2.2 0.442467
-1.2 2.25 0.442562
-1.2 2.3 0.442667
-1.2 2.35 0.442785
-1.2 2.4 0.44292
-1.2 2.45 0.443076
-1.2 2.5 0.443255

-1.15 -2.5 2.49309e-05
-1.15 -2.45 2.49309e-05
-1.15 -2.4 2.49309e-05
-1.15 -2.35 2.4931e-05
-1.15 -2.3 2.4931e-05
-1.15 -2.25 2.49311e-05
-1.15 -2.2 2.49311e-05
-1.15 -2.15 2.49312e-05
-1.15 -2.1 2.49313e-05
-1.15 -2.05 2.49315e-05
-1.15 -2 2.49316e-05
-1.15 -1.95 2.49319e-05
-1.15 -1.9 2.49322e-05
-1.15 -1.85 2.49327e-05
-1.15 -1.8 2.49333e-05
-1.15 -1.75 2.49341e-05
-1.15 -1.7 2.49352e-05
-1.15 -1.65 2.49366e-05
-1.15 -1.6 2.49384e-05
-1.15 -1.55 2.49409e-05
-1.15 -1.5 2.49443e-05
-1.15 -1.45 2.49487e-05
-1.15 -1.4 2.49546e-05
-1.15 -1.35 2.49624e-05
-1.15 -1.3 2.49728e-05
-1.15 -1.25 2.49867e-05
-1.15 -1.2 2.50051e-05
-1.15 -1.15 2.50297e-05
-1.15 -1.1 2.50623e-05
-1.15 -1.05 2.51058e-05
-1.15 -1 2.51638e-05
-1.15 -0.95 2.5241e-05
-1.15 -0.9 2.53441e-05
-1.15 -0.85 2.54817e-05
-1.15 -0.8 2.56656e-05
-1.15 -0.75 2.59119e-05
-1.15 -0.7 2.62424e-05
-1.15 -0.65 2.66873e-05
-1.15 -0.6 2.72883e-05
-1.15 -0.55 2.81046e-05
-1.15 -0.5 2.92206e-05
-1.15 -0.45 3.07599e-05
-1.15 -0.4 3.29074e-05
-1.15 -0.35 3.59481e-05
-1.15 -0.3 4.03364e-05
-1.15 -0.25 4.68238e-05
-1.15 -0.2 5.67079e-05
-1.15 -0.15 7.23319e-05
-1.15 -0.1 9.81331e-05
-1.15 -0.05 0.000142928
-1.15 -5.13478e-16 0.00022504
-1.15 0.05 0.000384034
-1.15 0.1 0.000707461
-1.15 0.15 0.00138976
-1.15 0.2 0.00285153
-1.15 0.25 0.00594472
-1.15 0.3 0.0122077
-1.15 0.35 0.0239628
-1.15 0.4 0.0438624
-1.15 0.45 0.0736679
-1.15 0.5 0.112857
-1.15 0.55 0.158292
-1.15 0.6 0.205432
-1.15 0.65 0.250114
-1.15 0.7 0.289651
-1.15 0.75 0.322932
-1.15 0.8 0.349988
-1.15 0.85 0.37146
-1.15 0.9 0.388225
-1.15 0.95 0.40117
-1.15 1 0.411089
-1.15 1.05 0.418649
-1.15 1.1 0.42439
-1.15 1.15 0.428739
-1.15 1.2 0.432027
-1.15 1.25 0.434511
-1.15 1.3 0.436386
-1.15 1.35 0.437801
-1.15 1.4 0.43887
-1.15 1.45 0.439678
-1.15 1.5 0.440289
-1.15 1.55 0.440754
-1.15 1.6 0.441109
-1.15 1.65 0.441382
-1.15 1.7 0.441594
-1.15 1.75 0.441763
-1.15 1.8 0.441899
-1.15 1.85 0.442013
-1.15 1.9 0.442112
-1.15 1.95 0.442202
-1.15 2 0.442288
-1.15 2.05 0.442374
-1.15 2.1 0.442463
-1.15 2.15 0.442559
-1.15 2.2 0.442665
-1.15 2.25 0.442785
-1.15 2.3 0.44292
-1.15 2.35 0.443076
-1.15 2.4 0.443256
-1.15 2.45 0.443465
-1.15 2.5 0.443707

-1.1 -2.5 2.49309e-05
-1.1 -2.45 2.4931e-05
-1.1 -2.4 2.4931e-05
-1.1 -2.35 2.4931e-05
-1.1 -2.3 2.49311e-05
-1.1 -2.25 2.49312e-05
-1.1 -2.2 2.49313e-05
-1.1 -2.15 2.49314e-05
-1.1 -2.1 2.49316e-05
-1.1 -2.05 2.49318e-05
-1.1 -2 2.49321e-05
-1.1 -1.95 2.49325e-05
-1.1 -1.9 2.49331e-05
-1.1 -1.85 2.49338e-05
-1.1 -1.8 2.49348e-05
-1.1 -1.75 2.49361e-05
-1.1 -1.7 2.49378e-05
-1.1 -1.65 2.49401e-05
-1.1 -1.6 2.49431e-05
-1.1 -1.55 2.49472e-05
-1.1 -1.5 2.49526e-05
-1.1 -1.45 2.49597e-05
-1.1 -1.4 2.49693e-05
-1.1 -1.35 2.4982e-05
-1.1 -1.3 2.49988e-05
-1.1 -1.25 2.50213e-05
-1.1 -1.2 2.50512e-05
-1.1 -1.15 2.5091e-05
-1.1 -1.1 2.51441e-05
-1.1 -1.05 2.52147e-05
-1.1 -1 2.5309e-05
-1.1 -0.95 2.54348e-05
-1.1 -0.9 2.56029e-05
-1.1 -0.85 2.58279e-05
-1.1 -0.8 2.61296e-05
-1.1 -0.75 2.65353e-05
-1.1 -0.7 2.70827e-05
-1.1 -0.65 2.78248e-05
-1.1 -0.6 2.88371e-05
-1.1 -0.55 3.02293e-05
-1.1 -0.5 3.21639e-05
-1.1 -0.45 3.48898e-05
-1.1 -0.4 3.87985e-05
-1.1 -0.35 4.45306e-05
-1.1 -0.3 5.31772e-05
-1.1 -0.25 6.66801e-05
-1.1 -0.2 8.86633e-05
-1.1 -0.15 0.000126221
-1.1 -0.1 0.000193904
-1.1 -0.05 0.000322791
-1.1 -5.13478e-16 0.000581267
-1.1 0.05 0.00112146
-1.1 0.1 0.00227637
-1.1 0.15 0.00473765
-1.1 0.2 0.00980712
-1.1 0.25 0.0195791
-1.1 0.3 0.0367008
-1.1 0.35 0.0633723
-1.1 0.4 0.0998852
-1.1 0.45 0.143845
-1.1 0.5 0.190951
-1.1 0.55 0.236759
-1.1 0.6 0.278073
-1.1 0.65 0.313327
-1.1 0.7 0.342258
-1.1 0.75 0.365368
-1.1 0.8 0.383491
-1.1 0.85 0.397527
-1.1 0.9 0.408304
-1.1 0.95 0.41653
-1.1 1 0.422783
-1.1 1.05 0.427523
-1.1 1.1 0.431109
-1.1 1.15 0.433818
-1.1 1.2 0.435864
-1.1 1.25 0.437408
-1.1 1.3 0.438574
-1.1 1.35 0.439455
-1.1 1.4 0.440122
-1.1 1.45 0.440628
-1.1 1.5 0.441014
-1.1 1.55 0.441311
-1.1 1.6 0.441541
-1.1 1.65 0.441723
-1.1 1.7 0.441869
-1.1 1.75 0.44199
-1.1 1.8 0.442095
-1.1 1.85 0.44219
-1.1 1.9 0.442279
-1.1 1.95 0.442367
-1.1 2 0.442459
-1.1 2.05 0.442556
-1.1 2.1 0.442664
-1.1 2.15 0.442784
-1.1 2.2 0.44292
-1.1 2.25 0.443077
-1.1 2.3 0.443258
-1.1 2.35 0.443467
-1.1 2.4 0.44371
-1.1 2.45 0.443993
-1.1 2.5 0.444322

-1.05 -2.5 2.4931e-05
-1.05 -2.45 2.4931e-05
-1.05 -2.4 2.49311e-05
-1.05 -2.35 2.49311e-05
-1.05 -2.3 2.49312e-05
-1.05 -2.25 2.49314e-05
-1.05 -2.2 2.49315e-05
-1.05 -2.15 2.49317e-05
-1.05 -2.1 2.4932e-05
-1.05 -2.05 2.49324e-05
-1.05 -2 2.49329e-05
-1.05 -1.95 2.49336e-05
-1.05 -1.9 2.49345e-05
-1.05 -1.85 2.49356e-05
-1.05 -1.8 2.49372e-05
-1.05 -1.75 2.49393e-05
-1.05 -1.7 2.49421e-05
-1.05 -1.65 2.49458e-05
-1.05 -1.6 2.49507e-05
-1.05 -1.55 2.49573e-05
-1.05 -1.5 2.4966e-05
-1.05 -1.45 2.49776e-05
-1.05 -1.4 2.49931e-05
-1.05 -1.35 2.50137e-05
-1.05 -1.3 2.5041e-05
-1.05 -1.25 2.50775e-05
-1.05 -1.2 2.5126e-05
-1.05 -1.15 2.51907e-05
-1.05 -1.1 2.52769e-05
-1.05 -1.05 2.5392e-05
-1.05 -1 2.55457e-05
-1.05 -0.95 2.57512e-05
-1.05 -0.9 2.60267e-05
-1.05 -0.85 2.63968e-05
-1.05 -0.8 2.68955e-05
-1.05 -0.75 2.75706e-05
-1.05 -0.7 2.84896e-05
-1.05 -0.65 2.97499e-05
-1.05 -0.6 3.14951e-05
-1.05 -0.55 3.39427e-05
-1.05 -0.5 3.74318e-05
-1.05 -0.45 4.25102e-05
-1.05 -0.4 5.00992e-05
-1.05 -0.35 6.18156e-05
-1.05 -0.3 8.06324e-05
-1.05 -0.25 0.000112285
-1.05 -0.2 0.00016837
-1.05 -0.15 0.000273375
-1.05 -0.1 0.000480772
-1.05 -0.05 0.000909406
-1.05 -5.13478e-16 0.00182163
-1.05 0.05 0.00377374
-1.05 0.1 0.00785116
-1.05 0.15 0.0159004
-1.05 0.2 0.0304662
-1.05 0.25 0.0540382
-1.05 0.3 0.0876398
-1.05 0.35 0.129699
-1.05 0.4 0.176336
-1.05 0.45 0.222962
-1.05 0.5 0.265906
-1.05 0.55 0.303112
-1.05 0.6 0.333969
-1.05 0.65 0.358799
-1.05 0.7 0.378367
-1.05 0.75 0.393573
-1.05 0.8 0.405276
-1.05 0.85 0.414223
-1.05 0.9 0.421032
-1.05 0.95 0.426197
-1.05 1 0.430107
-1.05 1.05 0.433062
-1.05 1.1 0.435294
-1.05 1.15 0.436978
-1.05 1.2 0.43825
-1.05 1.25 0.439211
-1.05 1.3 0.439938
-1.05 1.35 0.44049
-1.05 1.4 0.440911
-1.05 1.45 0.441233
-1.05 1.5 0.441483
-1.05 1.55 0.441679
-1.05 1.6 0.441836
-1.05 1.65 0.441966
-1.05 1.7 0.442077
-1.05 1.75 0.442176
-1.05 1.8 0.442269
-1.05 1.85 0.44236
-1.05 1.9 0.442453
-1.05 1.95 0.442553
-1.05 2 0.442661
-1.05 2.05 0.442783
-1.05 2.1 0.44292
-1.05 2.15 0.443077
-1.05 2.2 0.443259
-1.05 2.25 0.443469
-1.05 2.3 0.443712
-1.05 2.35 0.443996
-1.05 2.4 0.444326
-1.05 2.45 0.444711
-1.05 2.5 0.44516

-1 -2.5 2.49311e-05
-1 -2.45 2.49311e-05
-1 -2.4 2.49312e-05
-1 -2.35 2.49313e-05
-1 -2.3 2.49315e-05
-1 -2.25 2.49317e-05
-1 -2.2 2.49319e-05
-1 -2.15 2.49323e-05
-1 -2.1 2.49327e-05
-1 -2.05 2.49333e-05
-1 -2 2.49342e-05
-1 -1.95 2.49352e-05
-1 -1.9 2.49367e-05
-1 -1.85 2.49386e-05
-1 -1.8 2.49412e-05
-1 -1.75 2.49445e-05
-1 -1.7 2.49491e-05
-1 -1.65 2.49551e-05
-1 -1.6 2.49631e-05
-1 -1.55 2.49737e-05
-1 -1.5 2.49878e-05
-1 -1.45 2.50067e-05
-1 -1.4 2.50317e-05
-1 -1.35 2.50651e-05
-1 -1.3 2.51095e-05
-1 -1.25 2.51687e-05
-1 -1.2 2.52476e-05
-1 -1.15 2.53528e-05
-1 -1.1 2.54933e-05
-1 -1.05 2.56812e-05
-1 -1 2.59327e-05
-1 -0.95 2.62704e-05
-1 -0.9 2.6725e-05
-1 -0.85 2.73395e-05
-1 -0.8 2.81743e-05
-1 -0.75 2.93163e-05
-1 -0.7 3.08926e-05
-1 -0.65 3.30938e-05
-1 -0.6 3.62144e-05
-1 -0.55 4.0725e-05
-1 -0.5 4.74065e-05
-1 -0.45 5.76112e-05
-1 -0.4 7.37893e-05
-1 -0.35 0.000100598
-1 -0.3 0.00014732
-1 -0.25 0.000233311
-1 -0.2 0.000400455
-1 -0.15 0.000741544
-1 -0.1 0.00146249
-1 -0.05 0.00300721
-1 -5.13478e-16 0.00626904
-1 0.05 0.012844
-1 0.1 0.0251031
-1 0.15 0.0456829
-1 0.2 0.0762207
-1 0.25 0.115996
-1 0.3 0.161713
-1 0.35 0.208801
-1 0.4 0.25318
-1 0.45 0.292283
-1 0.5 0.325102
-1 0.55 0.351726
-1 0.6 0.372826
-1 0.65 0.389285
-1 0.7 0.401985
-1 0.75 0.411712
-1 0.8 0.419124
-1 0.85 0.424752
-1 0.9 0.429014
-1 0.95 0.432237
-1 1 0.434672
-1 1.05 0.43651
-1 1.1 0.437897
-1 1.15 0.438946
-1 1.2 0.439739
-1 1.25 0.44034
-1 1.3 0.440797
-1 1.35 0.441148
-1 1.4 0.441419
-1 1.45 0.441631
-1 1.5 0.4418
-1 1.55 0.441939
-1 1.6 0.442057
-1 1.65 0.442161
-1 1.7 0.442258
-1 1.75 0.442352
-1 1.8 0.442448
-1 1.85 0.442549
-1 1.9 0.442659
-1 1.95 0.442781
-1 2 0.44292
-1 2.05 0.443078
-1 2.1 0.44326
-1 2.15 0.44347
-1 2.2 0.443715
-1 2.25 0.443999
-1 2.3 0.44433
-1 2.35 0.444716
-1 2.4 0.445165
-1 2.45 0.44569
-1 2.5 0.446302

-0.95 -2.5 2.49312e-05
-0.95 -2.45 2.49313e-05
-0.95 -2.4 2.49314e-05
-0.95 -2.35 2.49316e-05
-0.95 -2.3 2.49318e-05
-0.95 -2.25 2.49321e-05
-0.95 -2.2 2.49326e-05
-0.95 -2.15 2.49331e-05
-0.95 -2.1 2.49339e-05
-0.95 -2.05 2.49349e-05
-0.95 -2 2.49362e-05
-0.95 -1.95 2.49379e-05
-0.95 -1.9 2.49403e-05
-0.95 -1.85 2.49434e-05
-0.95 -1.8 2.49475e-05
-0.95 -1.75 2.4953e-05
-0.95 -1.7 2.49603e-05
-0.95 -1.65 2.49701e-05
-0.95 -1.6 2.4983e-05
-0.95 -1.55 2.50003e-05
-0.95 -1.5 2.50232e-05
-0.95 -1.45 2.50537e-05
-0.95 -1.4 2.50944e-05
-0.95 -1.35 2.51485e-05
-0.95 -1.3 2.52207e-05
-0.95 -1.25 2.5317e-05
-0.95 -1.2 2.54454e-05
-0.95 -1.15 2.56171e-05
-0.95 -1.1 2.5847e-05
-0.95 -1.05 2.61552e-05
-0.95 -1 2.65697e-05
-0.95 -0.95 2.71293e-05
-0.95 -0.9 2.78881e-05
-0.95 -0.85 2.89238e-05
-0.95 -0.8 3.0349e-05
-0.95 -0.75 3.23315e-05
-0.95 -0.7 3.51277e-05
-0.95 -0.65 3.91433e-05
-0.95 -0.6 4.50431e-05
-0.95 -0.55 5.39628e-05
-0.95 -0.5 6.79312e-05
-0.95 -0.45 9.07472e-05
-0.95 -0.4 0.000129874
-0.95 -0.35 0.000200665
-0.95 -0.3 0.000336005
-0.95 -0.25 0.000608357
-0.95 -0.2 0.0011789
-0.95 -0.15 0.00239958
-0.95 -0.1 0.00499739
-0.95 -0.05 0.0103281
-0.95 -5.13478e-16 0.0205421
-0.95 0.05 0.0382975
-0.95 0.1 0.0657047
-0.95 0.15 0.10287
-0.95 0.2 0.147216
-0.95 0.25 0.194368
-0.95 0.3 0.239938
-0.95 0.35 0.280846
-0.95 0.4 0.315638
-0.95 0.45 0.344124
-0.95 0.5 0.366842
-0.95 0.55 0.384639
-0.95 0.6 0.398412
-0.95 0.65 0.408981
-0.95 0.7 0.417047
-0.95 0.75 0.423176
-0.95 0.8 0.427822
-0.95 0.85 0.431337
-0.95 0.9 0.433993
-0.95 0.95 0.435998
-0.95 1 0.437512
-0.95 1.05 0.438655
-0.95 1.1 0.43952
-0.95 1.15 0.440176
-0.95 1.2 0.440674
-0.95 1.25 0.441055
-0.95 1.3 0.441349
-0.95 1.35 0.441579
-0.95 1.4 0.441761
-0.95 1.45 0.44191
-0.95 1.5 0.442035
-0.95 1.55 0.442145
-0.95 1.6 0.442246
-0.95 1.65 0.442343
-0.95 1.7 0.442442
-0.95 1.75 0.442545
-0.95 1.8 0.442656
-0.95 1.85 0.44278
-0.95 1.9 0.442919
-0.95 1.95 0.443078
-0.95 2 0.443261
-0.95 2.05 0.443472
-0.95 2.1 0.443717
-0.95 2.15 0.444002
-0.95 2.2 0.444334
-0.95 2.25 0.44472
-0.95 2.3 0.445171
-0.95 2.35 0.445696
-0.95 2.4 0.446309
-0.95 2.45 0.447025
-0.95 2.5 0.447859

-0.9 -2.5 2.49314e-05
-0.9 -2.45 2.49315e-05
-0.9 -2.4 2.49318e-05
-0.9 -2.35 2.4932e-05
-0.9 -2.3 2.49324e-05
-0.9 -2.25 2.49329e-05
-0.9 -2.2 2.49336e-05
-0.9 -2.15 2.49345e-05
-0.9 -2.1 2.49357e-05
-0.9 -2.05 2.49374e-05
-0.9 -2 2.49395e-05
-0.9 -1.95 2.49423e-05
-0.9 -1.9 2.49461e-05
-0.9 -1.85 2.49512e-05
-0.9 -1.8 2.49579e-05
-0.9 -1.75 2.49668e-05
-0.9 -1.7 2.49786e-05
-0.9 -1.65 2.49944e-05
-0.9 -1.6 2.50154e-05
-0.9 -1.55 2.50433e-05
-0.9 -1.5 2.50806e-05
-0.9 -1.45 2.51301e-05
-0.9 -1.4 2.51962e-05
-0.9 -1.35 2.52842e-05
-0.9 -1.3 2.54017e-05
-0.9 -1.25 2.55586e-05
-0.9 -1.2 2.57686e-05
-0.9 -1.15 2.605e-05
-0.9 -1.1 2.64281e-05
-0.9 -1.05 2.69379e-05
-0.9 -1 2.76281e-05
-0.9 -0.95 2.85682e-05
-0.9 -0.9 2.98581e-05
-0.9 -0.85 3.16459e-05
-0.9 -0.8 3.41558e-05
-0.9 -0.75 3.77385e-05
-0.9 -0.7 4.29622e-05
-0.9 -0.65 5.0785e-05
-0.9 -0.6 6.28942e-05
-0.9 -0.55 8.24031e-05
-0.9 -0.5 0.000115338
-0.9 -0.45 0.000173926
-0.9 -0.4 0.000284057
-0.9 -0.35 0.000502375
-0.9 -0.3 0.000954829
-0.9 -0.25 0.00191899
-0.9 -0.2 0.00398078
-0.9 -0.15 0.00827436
-0.9 -0.1 0.0167052
-0.9 -0.05 0.0318496
-0.9 -5.13478e-16 0.0561423
-0.9 0.05 0.0904444
-0.9 0.1 0.132986
-0.9 0.15 0.179774
-0.9 0.2 0.226238
-0.9 0.25 0.268815
-0.9 0.3 0.305566
-0.9 0.35 0.335968
-0.9 0.4 0.360387
-0.9 0.45 0.379609
-0.9 0.5 0.394533
-0.9 0.55 0.406012
-0.9 0.6 0.414785
-0.9 0.65 0.42146
-0.9 0.7 0.426523
-0.9 0.75 0.430355
-0.9 0.8 0.433252
-0.9 0.85 0.435439
-0.9 0.9 0.437091
-0.9 0.95 0.438339
-0.9 1 0.439282
-0.9 1.05 0.439996
-0.9 1.1 0.440539
-0.9 1.15 0.440954
-0.9 1.2 0.441273
-0.9 1.25 0.441521
-0.9 1.3 0.441718
-0.9 1.35 0.441878
-0.9 1.4 0.442011
-0.9 1.45 0.442127
-0.9 1.5 0.442233
-0.9 1.55 0.442334
-0.9 1.6 0.442435
-0.9 1.65 0.44254
-0.9 1.7 0.442653
-0.9 1.75 0.442778
-0.9 1.8 0.442918
-0.9 1.85 0.443078
-0.9 1.9 0.443262
-0.9 1.95 0.443474
-0.9 2 0.44372
-0.9 2.05 0.444005
-0.9 2.1 0.444338
-0.9 2.15 0.444725
-0.9 2.2 0.445176
-0.9 2.25 0.445703
-0.9 2.3 0.446317
-0.9 2.35 0.447034
-0.9 2.4 0.44787
-0.9 2.45 0.448846
-0.9 2.5 0.449984

-0.85 -2.5 2.49317e-05
-0.85 -2.45 2.49319e-05
-0.85 -2.4 2.49323e-05
-0.85 -2.35 2.49328e-05
-0.85 -2.3 2.49334e-05
-0.85 -2.25 2.49342e-05
-0.85 -2.2 2.49353e-05
-0.85 -2.15 2.49368e-05
-0.85 -2.1 2.49388e-05
-0.85 -2.05 2.49414e-05
-0.85 -2 2.49448e-05
-0.85 -1.95 2.49494e-05
-0.85 -1.9 2.49556e-05
-0.85 -1.85 2.49637e-05
-0.85 -1.8 2.49746e-05
-0.85 -1.75 2.4989e-05
-0.85 -1.7 2.50083e-05
-0.85 -1.65 2.50338e-05
-0.85 -1.6 2.50679e-05
-0.85 -1.55 2.51132e-05
-0.85 -1.5 2.51737e-05
-0.85 -1.45 2.52542e-05
-0.85 -1.4 2.53617e-05
-0.85 -1.35 2.55052e-05
-0.85 -1.3 2.5697e-05
-0.85 -1.25 2.5954e-05
-0.85 -1.2 2.62991e-05
-0.85 -1.15 2.67636e-05
-0.85 -1.1 2.73918e-05
-0.85 -1.05 2.82456e-05
-0.85 -1 2.94143e-05
-0.85 -0.95 3.10285e-05
-0.85 -0.9 3.32849e-05
-0.85 -0.85 3.64879e-05
-0.85 -0.8 4.11248e-05
-0.85 -0.75 4.80073e-05
-0.85 -0.7 5.85449e-05
-0.85 -0.65 7.53008e-05
-0.85 -0.6 0.000103163
-0.85 -0.55 0.00015191
-0.85 -0.5 0.000241988
-0.85 -0.45 0.000417747
-0.85 -0.4 0.00077753
-0.85 -0.35 0.00153936
-0.85 -0.3 0.00317161
-0.85 -0.25 0.00661043
-0.85 -0.2 0.0135102
-0.85 -0.15 0.0262877
-0.85 -0.1 0.0475571
-0.85 -0.05 0.0788235
-0.85 -5.13478e-16 0.119167
-0.85 0.05 0.165141
-0.85 0.1 0.212155
-0.85 0.15 0.256217
-0.85 0.2 0.294882
-0.85 0.25 0.327238
-0.85 0.3 0.353435
-0.85 0.35 0.374168
-0.85 0.4 0.390326
-0.85 0.45 0.402785
-0.85 0.5 0.412324
-0.85 0.55 0.41959
-0.85 0.6 0.425107
-0.85 0.65 0.429284
-0.85 0.7 0.432443
-0.85 0.75 0.43483
-0.85 0.8 0.436632
-0.85 0.85 0.437993
-0.85 0.9 0.439021
-0.85 0.95 0.4398
-0.85 1 0.440392
-0.85 1.05 0.440843
-0.85 1.1 0.44119
-0.85 1.15 0.441459
-0.85 1.2 0.441671
-0.85 1.25 0.441843
-0.85 1.3 0.441985
-0.85 1.35 0.442108
-0.85 1.4 0.442218
-0.85 1.45 0.442323
-0.85 1.5 0.442427
-0.85 1.55 0.442534
-0.85 1.6 0.442649
-0.85 1.65 0.442776
-0.85 1.7 0.442917
-0.85 1.75 0.443078
-0.85 1.8 0.443263
-0.85 1.85 0.443475
-0.85 1.9 0.443722
-0.85 1.95 0.444008
-0.85 2 0.444341
-0.85 2.05 0.44473
-0.85 2.1 0.445182
-0.85 2.15 0.44571
-0.85 2.2 0.446325
-0.85 2.25 0.447043
-0.85 2.3 0.447881
-0.85 2.35 0.448858
-0.85 2.4 0.449999
-0.85 2.45 0.451329
-0.85 2.5 0.452882

-0.8 -2.5 2.49322e-05
-0.8 -2.45 2.49326e-05
-0.8 -2.4 2.49332e-05
-0.8 -2.35 2.49339e-05
-0.8 -2.3 2.4935e-05
-0.8 -2.25 2.49363e-05
-0.8 -2.2 2.49381e-05
-0.8 -2.15 2.49405e-05
-0.8 -2.1 2.49437e-05
-0.8 -2.05 2.49479e-05
-0.8 -2 2.49535e-05
-0.8 -1.95 2.4961e-05
-0.8 -1.9 2.49709e-05
-0.8 -1.85 2.49841e-05
-0.8 -1.8 2.50017e-05
-0.8 -1.75 2.50251e-05
-0.8 -1.7 2.50563e-05
-0.8 -1.65 2.50978e-05
-0.8 -1.6 2.51531e-05
-0.8 -1.55 2.52268e-05
-0.8 -1.5 2.53251e-05
-0.8 -1.45 2.54563e-05
-0.8 -1.4 2.56317e-05
-0.8 -1.35 2.58664e-05
-0.8 -1.3 2.61813e-05
-0.8 -1.25 2.66049e-05
-0.8 -1.2 2.71769e-05
-0.8 -1.15 2.79529e-05
-0.8 -1.1 2.90125e-05
-0.8 -1.05 3.04717e-05
-0.8 -1 3.25032e-05
-0.8 -0.95 3.5372e-05
-0.8 -0.9 3.94979e-05
-0.8 -0.85 4.55711e-05
-0.8 -0.8 5.47743e-05
-0.8 -0.75 6.92275e-05
-0.8 -0.7 9.29139e-05
-0.8 -0.65 0.000133686
-0.8 -0.6 0.00020775
-0.8 -0.55 0.000349904
-0.8 -0.5 0.00063694
-0.8 -0.45 0.00123961
-0.8 -0.4 0.00252977
-0.8 -0.35 0.00527116
-0.8 -0.3 0.0108746
-0.8 -0.25 0.0215451
-0.8 -0.2 0.039946
-0.8 -0.15 0.0680899
-0.8 -0.1 0.105894
-0.8 -0.05 0.150601
-0.8 -5.13478e-16 0.197776
-0.8 0.05 0.243092
-0.8 0.1 0.283587
-0.8 0.15 0.317916
-0.8 0.2 0.345959
-0.8 0.25 0.36829
-0.8 0.3 0.385766
-0.8 0.35 0.39928
-0.8 0.4 0.409647
-0.8 0.45 0.417554
-0.8 0.5 0.423563
-0.8 0.55 0.428117
-0.8 0.6 0.431561
-0.8 0.65 0.434164
-0.8 0.7 0.43613
-0.8 0.75 0.437615
-0.8 0.8 0.438737
-0.8 0.85 0.439586
-0.8 0.9 0.440231
-0.8 0.95 0.440722
-0.8 1 0.441099
-0.8 1.05 0.441391
-0.8 1.1 0.44162
-0.8 1.15 0.441804
-0.8 1.2 0.441956
-0.8 1.25 0.442086
-0.8 1.3 0.442203
-0.8 1.35 0.442312
-0.8 1.4 0.442419
-0.8 1.45 0.442528
-0.8 1.5 0.442645
-0.8 1.55 0.442773
-0.8 1.6 0.442916
-0.8 1.65 0.443078
-0.8 1.7 0.443263
-0.8 1.75 0.443477
-0.8 1.8 0.443724
-0.8 1.85 0.444011
-0.8 1.9 0.444345
-0.8 1.95 0.444734
-0.8 2 0.445188
-0.8 2.05 0.445716
-0.8 2.1 0.446333
-0.8 2.15 0.447052
-0.8 2.2 0.447892
-0.8 2.25 0.448871
-0.8 2.3 0.450014
-0.8 2.35 0.451347
-0.8 2.4 0.452902
-0.8 2.45 0.454716
-0.8 2.5 0.456831

-0.75 -2.5 2.4933e-05
-0.75 -2.45 2.49337e-05
-0.75 -2.4 2.49346e-05
-0.75 -2.35 2.49358e-05
-0.75 -2.3 2.49375e-05
-0.75 -2.25 2.49397e-05
-0.75 -2.2 2.49426e-05
-0.75 -2.15 2.49464e-05
-0.75 -2.1 2.49516e-05
-0.75 -2.05 2.49584e-05
-0.75 -2 2.49675e-05
-0.75 -1.95 2.49796e-05
-0.75 -1.9 2.49957e-05
-0.75 -1.85 2.50172e-05
-0.75 -1.8 2.50457e-05
-0.75 -1.75 2.50837e-05
-0.75 -1.7 2.51343e-05
-0.75 -1.65 2.52017e-05
-0.75 -1.6 2.52916e-05
-0.75 -1.55 2.54116e-05
-0.75 -1.5 2.55719e-05
-0.75 -1.45 2.57864e-05
-0.75 -1.4 2.60739e-05
-0.75 -1.35 2.64602e-05
-0.75 -1.3 2.69812e-05
-0.75 -1.25 2.7687e-05
-0.75 -1.2 2.86486e-05
-0.75 -1.15 2.9969e-05
-0.75 -1.1 3.18005e-05
-0.75 -1.05 3.43745e-05
-0.75 -1 3.80538e-05
-0.75 -0.95 4.34276e-05
-0.75 -0.9 5.14929e-05
-0.75 -0.85 6.40107e-05
-0.75 -0.8 8.4242e-05
-0.75 -0.75 0.000118521
-0.75 -0.7 0.000179741
-0.75 -0.65 0.000295281
-0.75 -0.6 0.000525149
-0.75 -0.55 0.00100282
-0.75 -0.5 0.00202189
-0.75 -0.45 0.00419922
-0.75 -0.4 0.00871903
-0.75 -0.35 0.0175455
-0.75 -0.3 0.0332819
-0.75 -0.25 0.0583004
-0.75 -0.2 0.0932936
-0.75 -0.15 0.136296
-0.75 -0.1 0.18321
-0.75 -0.05 0.229494
-0.75 -5.13478e-16 0.271693
-0.75 0.05 0.307988
-0.75 0.1 0.337936
-0.75 0.15 0.361948
-0.75 0.2 0.380828
-0.75 0.25 0.395475
-0.75 0.3 0.406735
-0.75 0.35 0.415337
-0.75 0.4 0.421881
-0.75 0.45 0.426844
-0.75 0.5 0.4306
-0.75 0.55 0.433439
-0.75 0.6 0.435583
-0.75 0.65 0.437203
-0.75 0.7 0.438427
-0.75 0.75 0.439353
-0.75 0.8 0.440055
-0.75 0.85 0.44059
-0.75 0.9 0.441
-0.75 0.95 0.441316
-0.75 1 0.441564
-0.75 1.05 0.441762
-0.75 1.1 0.441925
-0.75 1.15 0.442063
-0.75 1.2 0.442185
-0.75 1.25 0.442299
-0.75 1.3 0.442409
-0.75 1.35 0.442522
-0.75 1.4 0.442641
-0.75 1.45 0.44277
-0.75 1.5 0.442914
-0.75 1.55 0.443077
-0.75 1.6 0.443264
-0.75 1.65 0.443478
-0.75 1.7 0.443726
-0.75 1.75 0.444014
-0.75 1.8 0.444349
-0.75 1.85 0.444739
-0.75 1.9 0.445193
-0.75 1.95 0.445723
-0.75 2 0.446341
-0.75 2.05 0.447061
-0.75 2.1 0.447902
-0.75 2.15 0.448884
-0.75 2.2 0.450028
-0.75 2.25 0.451364
-0.75 2.3 0.452922
-0.75 2.35 0.454739
-0.75 2.4 0.456858
-0.75 2.45 0.45933
-0.75 2.5 0.46221

-0.7 -2.5 2.49343e-05
-0.7 -2.45 2.49354e-05
-0.7 -2.4 2.49369e-05
-0.7 -2.35 2.49389e-05
-0.7 -2.3 2.49416e-05
-0.7 -2.25 2.49451e-05
-0.7 -2.2 2.49498e-05
-0.7 -2.15 2.49561e-05
-0.7 -2.1 2.49644e-05
-0.7 -2.05 2.49755e-05
-0.7 -2 2.49903e-05
-0.7 -1.95 2.50099e-05
-0.7 -1.9 2.5036e-05
-0.7 -1.85 2.50708e-05
-0.7 -1.8 2.51171e-05
-0.7 -1.75 2.51788e-05
-0.7 -1.7 2.5261e-05
-0.7 -1.65 2.53708e-05
-0.7 -1.6 2.55173e-05
-0.7 -1.55 2.57133e-05
-0.7 -1.5 2.59758e-05
-0.7 -1.45 2.63283e-05
-0.7 -1.4 2.68031e-05
-0.7 -1.35 2.74453e-05
-0.7 -1.3 2.83186e-05
-0.7 -1.25 2.95145e-05
-0.7 -1.2 3.11678e-05
-0.7 -1.15 3.3481e-05
-0.7 -1.1 3.67688e-05
-0.7 -1.05 4.15362e-05
-0.7 -1 4.86269e-05
-0.7 -0.95 5.95106e-05
-0.7 -0.9 7.6869e-05
-0.7 -0.85 0.000105834
-0.7 -0.8 0.000156708
-0.7 -0.75 0.000251095
-0.7 -0.7 0.00043596
-0.7 -0.65 0.000815531
-0.7 -0.6 0.00162062
-0.7 -0.55 0.00334522
-0.7 -0.5 0.0069697
-0.7 -0.45 0.0142072
-0.7 -0.4 0.0275174
-0.7 -0.35 0.049485
-0.7 -0.3 0.0814754
-0.7 -0.25 0.122368
-0.7 -0.2 0.168574
-0.7 -0.15 0.215492
-0.7 -0.1 0.259225
-0.7 -0.05 0.297447
-0.7 -5.13478e-16 0.329342
-0.7 0.05 0.355115
-0.7 0.1 0.375486
-0.7 0.15 0.391347
-0.7 0.2 0.40357
-0.7 0.25 0.412925
-0.7 0.3 0.420048
-0.7 0.35 0.425456
-0.7 0.4 0.42955
-0.7 0.45 0.432647
-0.7 0.5 0.434986
-0.7 0.55 0.436753
-0.7 0.6 0.438088
-0.7 0.65 0.439098
-0.7 0.7 0.439864
-0.7 0.75 0.440446
-0.7 0.8 0.440891
-0.7 0.85 0.441235
-0.7 0.9 0.441503
-0.7 0.95 0.441717
-0.7 1 0.441891
-0.7 1.05 0.442037
-0.7 1.1 0.442166
-0.7 1.15 0.442285
-0.7 1.2 0.442399
-0.7 1.25 0.442515
-0.7 1.3 0.442636
-0.7 1.35 0.442767
-0.7 1.4 0.442913
-0.7 1.45 0.443077
-0.7 1.5 0.443264
-0.7 1.55 0.443479
-0.7 1.6 0.443728
-0.7 1.65 0.444017
-0.7 1.7 0.444353
-0.7 1.75 0.444743
-0.7 1.8 0.445199
-0.7 1.85 0.445729
-0.7 1.9 0.446348
-0.7 1.95 0.447071
-0.7 2 0.447913
-0.7 2.05 0.448896
-0.7 2.1 0.450043
-0.7 2.15 0.451381
-0.7 2.2 0.452942
-0.7 2.25 0.454763
-0.7 2.3 0.456886
-0.7 2.35 0.459362
-0.7 2.4 0.462248
-0.7 2.45 0.465611
-0.7 2.5 0.469528

-0.65 -2.5 2.49364e-05
-0.65 -2.45 2.49382e-05
-0.65 -2.4 2.49407e-05
-0.65 -2.35 2.49439e-05
-0.65 -2.3 2.49482e-05
-0.65 -2.25 2.4954e-05
-0.65 -2.2 2.49616e-05
-0.65 -2.15 2.49717e-05
-0.65 -2.1 2.49852e-05
-0.65 -2.05 2.50032e-05
-0.65 -2 2.50271e-05
-0.65 -1.95 2.50589e-05
-0.65 -1.9 2.51013e-05
-0.65 -1.85 2.51578e-05
-0.65 -1.8 2.5233e-05
-0.65 -1.75 2.53334e-05
-0.65 -1.7 2.54674e-05
-0.65 -1.65 2.56465e-05
-0.65 -1.6 2.58863e-05
-0.65 -1.55 2.6208e-05
-0.65 -1.5 2.66409e-05
-0.65 -1.45 2.72255e-05
-0.65 -1.4 2.80191e-05
-0.65 -1.35 2.91033e-05
-0.65 -1.3 3.05974e-05
-0.65 -1.25 3.26794e-05
-0.65 -1.2 3.56229e-05
-0.65 -1.15 3.98626e-05
-0.65 -1.1 4.61152e-05
-0.65 -1.05 5.56127e-05
-0.65 -1 7.05709e-05
-0.65 -0.95 9.51672e-05
-0.65 -0.9 0.000137666
-0.65 -0.85 0.000215177
-0.65 -0.8 0.000364529
-0.65 -0.75 0.000667104
-0.65 -0.7 0.00130378
-0.65 -0.65 0.00266732
-0.65 -0.6 0.00555964
-0.65 -0.55 0.0114475
-0.65 -0.5 0.022589
-0.65 -0.45 0.0416468
-0.65 -0.4 0.0705273
-0.65 -0.35 0.108955
-0.65 -0.3 0.154
-0.65 -0.25 0.201174
-0.65 -0.2 0.246219
-0.65 -0.15 0.286294
-0.65 -0.1 0.32016
-0.65 -0.05 0.347765
-0.65 -5.13478e-16 0.369713
-0.65 0.05 0.386872
-0.65 0.1 0.400132
-0.65 0.15 0.410299
-0.65 0.2 0.418053
-0.65 0.25 0.423943
-0.65 0.3 0.428406
-0.65 0.35 0.431783
-0.65 0.4 0.434334
-0.65 0.45 0.436262
-0.65 0.5 0.437718
-0.65 0.55 0.43882
-0.65 0.6 0.439654
-0.65 0.65 0.440288
-0.65 0.7 0.440773
-0.65 0.75 0.441146
-0.65 0.8 0.441436
-0.65 0.85 0.441667
-0.65 0.9 0.441853
-0.65 0.95 0.442009
-0.65 1 0.442146
-0.65 1.05 0.442269
-0.65 1.1 0.442388
-0.65 1.15 0.442507
-0.65 1.2 0.44263
-0.65 1.25 0.442763
-0.65 1.3 0.44291
-0.65 1.35 0.443076
-0.65 1.4 0.443264
-0.65 1.45 0.44348
-0.65 1.5 0.44373
-0.65 1.55 0.44402
-0.65 1.6 0.444356
-0.65 1.65 0.444748
-0.65 1.7 0.445204
-0.65 1.75 0.445736
-0.65 1.8 0.446356
-0.65 1.85 0.44708
-0.65 1.9 0.447924
-0.65 1.95 0.448909
-0.65 2 0.450058
-0.65 2.05 0.451398
-0.65 2.1 0.452962
-0.65 2.15 0.454786
-0.65 2.2 0.456913
-0.65 2.25 0.459394
-0.65 2.3 0.462285
-0.65 2.35 0.465654
-0.65 2.4 0.469579
-0.65 2.45 0.474148
-0.65 2.5 0.479465

-0.6 -2.5 2.49399e-05
-0.6 -2.45 2.49428e-05
-0.6 -2.4 2.49468e-05
-0.6 -2.35 2.4952e-05
-0.6 -2.3 2.4959e-05
-0.6 -2.25 2.49683e-05
-0.6 -2.2 2.49806e-05
-0.6 -2.15 2.49971e-05
-0.6 -2.1 2.5019e-05
-0.6 -2.05 2.50481e-05
-0.6 -2 2.50869e-05
-0.6 -1.95 2.51386e-05
-0.6 -1.9 2.52074e-05
-0.6 -1.85 2.52992e-05
-0.6 -1.8 2.54218e-05
-0.6 -1.75 2.55855e-05
-0.6 -1.7 2.58045e-05
-0.6 -1.65 2.60982e-05
-0.6 -1.6 2.6493e-05
-0.6 -1.55 2.70255e-05
-0.6 -1.5 2.77471e-05
-0.6 -1.45 2.87309e-05
-0.6 -1.4 3.00825e-05
-0.6 -1.35 3.19589e-05
-0.6 -1.3 3.45989e-05
-0.6 -1.25 3.83778e-05
-0.6 -1.2 4.39069e-05
-0.6 -1.15 5.22236e-05
-0.6 -1.1 6.51666e-05
-0.6 -1.05 8.61523e-05
-0.6 -1 0.00012184
-0.6 -0.95 0.00018583
-0.6 -0.9 0.000307078
-0.6 -0.85 0.000549164
-0.6 -0.8 0.00105353
-0.6 -0.75 0.00213065
-0.6 -0.7 0.00442965
-0.6 -0.65 0.00918606
-0.6 -0.6 0.0184222
-0.6 -0.55 0.0347639
-0.6 -0.5 0.0605124
-0.6 -0.45 0.096186
-0.6 -0.4 0.139627
-0.6 -0.35 0.186642
-0.6 -0.3 0.232727
-0.6 -0.25 0.27454
-0.6 -0.2 0.310375
-0.6 -0.15 0.339872
-0.6 -0.1 0.363483
-0.6 -0.05 0.382025
-0.6 -5.13478e-16 0.3964
-0.6 0.05 0.407445
-0.6 0.1 0.415879
-0.6 0.15 0.422294
-0.6 0.2 0.427159
-0.6 0.25 0.43084
-0.6 0.3 0.433623
-0.6 0.35 0.435726
-0.6 0.4 0.437314
-0.6 0.45 0.438516
-0.6 0.5 0.439425
-0.6 0.55 0.440116
-0.6 0.6 0.440643
-0.6 0.65 0.441049
-0.6 0.7 0.441363
-0.6 0.75 0.441612
-0.6 0.8 0.441812
-0.6 0.85 0.441979
-0.6 0.9 0.442123
-0.6 0.95 0.442253
-0.6 1 0.442376
-0.6 1.05 0.442498
-0.6 1.1 0.442624
-0.6 1.15 0.442759
-0.6 1.2 0.442908
-0.6 1.25 0.443075
-0.6 1.3 0.443264
-0.6 1.35 0.443481
-0.6 1.4 0.443732
-0.6 1.45 0.444022
-0.6 1.5 0.44436
-0.6 1.55 0.444752
-0.6 1.6 0.44521
-0.6 1.65 0.445743
-0.6 1.7 0.446364
-0.6 1.75 0.447089
-0.6 1.8 0.447935
-0.6 1.85 0.448922
-0.6 1.9 0.450073
-0.6 1.95 0.451416
-0.6 2 0.452982
-0.6 2.05 0.45481
-0.6 2.1 0.456941
-0.6 2.15 0.459426
-0.6 2.2 0.462322
-0.6 2.25 0.465698
-0.6 2.3 0.46963
-0.6 2.35 0.474207
-0.6 2.4 0.479534
-0.6 2.45 0.485726
-0.6 2.5 0.492918

-0.55 -2.5 2.49454e-05
-0.55 -2.45 2.49502e-05
-0.55 -2.4 2.49566e-05
-0.55 -2.35 2.49651e-05
-0.55 -2.3 2.49764e-05
-0.55 -2.25 2.49915e-05
-0.55 -2.2 2.50115e-05
-0.55 -2.15 2.50382e-05
-0.55 -2.1 2.50737e-05
-0.55 -2.05 2.5121e-05
-0.55 -2 2.5184e-05
-0.55 -1.95 2.5268e-05
-0.55 -1.9 2.538e-05
-0.55 -1.85 2.55297e-05
-0.55 -1.8 2.57299e-05
-0.55 -1.75 2.5998e-05
-0.55 -1.7 2.63582e-05
-0.55 -1.65 2.68435e-05
-0.55 -1.6 2.75e-05
-0.55 -1.55 2.83932e-05
-0.55 -1.5 2.96172e-05
-0.55 -1.45 3.13105e-05
-0.55 -1.4 3.36822e-05
-0.55 -1.35 3.70573e-05
-0.55 -1.3 4.19596e-05
-0.55 -1.25 4.92659e-05
-0.55 -1.2 6.05093e-05
-0.55 -1.15 7.84962e-05
-0.55 -1.1 0.000108617
-0.55 -1.05 0.000161725
-0.55 -1 0.000260656
-0.55 -0.95 0.000455148
-0.55 -0.9 0.000855665
-0.55 -0.85 0.00170652
-0.55 -0.8 0.0035285
-0.55 -0.75 0.00734764
-0.55 -0.7 0.014936
-0.55 -0.65 0.0287934
-0.55 -0.6 0.051467
-0.55 -0.55 0.0841754
-0.55 -0.5 0.125598
-0.55 -0.45 0.172011
-0.55 -0.4 0.218813
-0.55 -0.35 0.262204
-0.55 -0.3 0.299979
-0.55 -0.25 0.331414
-0.55 -0.2 0.356767
-0.55 -0.15 0.376781
-0.55 -0.1 0.39235
-0.55 -0.05 0.404341
-0.55 -5.13478e-16 0.413514
-0.55 0.05 0.420498
-0.55 0.1 0.425798
-0.55 0.15 0.429812
-0.55 0.2 0.432847
-0.55 0.25 0.435141
-0.55 0.3 0.436874
-0.55 0.35 0.438184
-0.55 0.4 0.439176
-0.55 0.45 0.439928
-0.55 0.5 0.440502
-0.55 0.55 0.440942
-0.55 0.6 0.441284
-0.55 0.65 0.441552
-0.55 0.7 0.441767
-0.55 0.75 0.441945
-0.55 0.8 0.442098
-0.55 0.85 0.442234
-0.55 0.9 0.442362
-0.55 0.95 0.442488
-0.55 1 0.442617
-0.55 1.05 0.442755
-0.55 1.1 0.442905
-0.55 1.15 0.443073
-0.55 1.2 0.443264
-0.55 1.25 0.443482
-0.55 1.3 0.443734
-0.55 1.35 0.444025
-0.55 1.4 0.444363
-0.55 1.45 0.444757
-0.55 1.5 0.445215
-0.55 1.55 0.445749
-0.55 1.6 0.446372
-0.55 1.65 0.447098
-0.55 1.7 0.447946
-0.55 1.75 0.448934
-0.55 1.8 0.450088
-0.55 1.85 0.451433
-0.55 1.9 0.453003
-0.55 1.95 0.454834
-0.55 2 0.456969
-0.55 2.05 0.459458
-0.55 2.1 0.46236
-0.55 2.15 0.465742
-0.55 2.2 0.469681
-0.55 2.25 0.474267
-0.55 2.3 0.479603
-0.55 2.35 0.485806
-0.55 2.4 0.493011
-0.55 2.45 0.501367
-0.55 2.5 0.511044

-0.5 -2.5 2.49544e-05
-0.5 -2.45 2.49622e-05
-0.5 -2.4 2.49726e-05
-0.5 -2.35 2.49864e-05
-0.5 -2.3 2.50047e-05
-0.5 -2.25 2.50291e-05
-0.5 -2.2 2.50616e-05
-0.5 -2.15 2.51049e-05
-0.5 -2.1 2.51625e-05
-0.5 -2.05 2.52394e-05
-0.5 -2 2.53419e-05
-0.5 -1.95 2.54787e-05
-0.5 -1.9 2.56616e-05
-0.5 -1.85 2.59066e-05
-0.5 -1.8 2.62353e-05
-0.5 -1.75 2.66776e-05
-0.5 -1.7 2.72753e-05
-0.5 -1.65 2.80868e-05
-0.5 -1.6 2.91962e-05
-0.5 -1.55 3.07261e-05
-0.5 -1.5 3.28599e-05
-0.5 -1.45 3.58804e-05
-0.5 -1.4 4.02376e-05
-0.5 -1.35 4.6676e-05
-0.5 -1.3 5.64791e-05
-0.5 -1.25 7.19634e-05
-0.5 -1.2 9.75114e-05
-0.5 -1.15 0.000141823
-0.5 -1.1 0.000222965
-0.5 -1.05 0.000379922
-0.5 -1 0.000698941
-0.5 -0.95 0.0013716
-0.5 -0.9 0.00281263
-0.5 -0.85 0.00586352
-0.5 -0.8 0.0120478
-0.5 -0.75 0.023675
-0.5 -0.7 0.0434004
-0.5 -0.65 0.0730163
-0.5 -0.6 0.112051
-0.5 -0.55 0.15741
-0.5 -0.5 0.204561
-0.5 -0.45 0.24932
-0.5 -0.4 0.288969
-0.5 -0.35 0.322372
-0.5 -0.3 0.349541
-0.5 -0.25 0.371112
-0.5 -0.2 0.387959
-0.5 -0.15 0.400969
-0.5 -0.1 0.41094
-0.5 -0.05 0.418542
-0.5 -5.13478e-16 0.424316
-0.5 0.05 0.428691
-0.5 0.1 0.432001
-0.5 0.15 0.434502
-0.5 0.2 0.436393
-0.5 0.25 0.437821
-0.5 0.3 0.438903
-0.5 0.35 0.439723
-0.5 0.4 0.440348
-0.5 0.45 0.440827
-0.5 0.5 0.441197
-0.5 0.55 0.441487
-0.5 0.6 0.441718
-0.5 0.65 0.441909
-0.5 0.7 0.442071
-0.5 0.75 0.442214
-0.5 0.8 0.442347
-0.5 0.85 0.442477
-0.5 0.9 0.442609
-0.5 0.95 0.442749
-0.5 1 0.442902
-0.5 1.05 0.443071
-0.5 1.1 0.443263
-0.5 1.15 0.443483
-0.5 1.2 0.443735
-0.5 1.25 0.444028
-0.5 1.3 0.444367
-0.5 1.35 0.444761
-0.5 1.4 0.44522
-0.5 1.45 0.445756
-0.5 1.5 0.44638
-0.5 1.55 0.447107
-0.5 1.6 0.447956
-0.5 1.65 0.448947
-0.5 1.7 0.450102
-0.5 1.75 0.451451
-0.5 1.8 0.453023
-0.5 1.85 0.454857
-0.5 1.9 0.456996
-0.5 1.95 0.45949
-0.5 2 0.462398
-0.5 2.05 0.465786
-0.5 2.1 0.469732
-0.5 2.15 0.474326
-0.5 2.2 0.479672
-0.5 2.25 0.485886
-0.5 2.3 0.493104
-0.5 2.35 0.501475
-0.5 2.4 0.511169
-0.5 2.45 0.522369
-0.5 2.5 0.535274

-0.45 -2.5 2.49691e-05
-0.45 -2.45 2.49817e-05
-0.45 -2.4 2.49985e-05
-0.45 -2.35 2.50208e-05
-0.45 -2.3 2.50506e-05
-0.45 -2.25 2.50902e-05
-0.45 -2.2 2.51429e-05
-0.45 -2.15 2.52132e-05
-0.45 -2.1 2.5307e-05
-0.45 -2.05 2.54321e-05
-0.45 -2 2.55993e-05
-0.45 -1.95 2.58231e-05
-0.45 -1.9 2.61231e-05
-0.45 -1.85 2.65265e-05
-0.45 -1.8 2.70708e-05
-0.45 -1.75 2.78087e-05
-0.45 -1.7 2.88151e-05
-0.45 -1.65 3.01987e-05
-0.45 -1.6 3.21213e-05
-0.45 -1.55 3.48292e-05
-0.45 -1.5 3.87108e-05
-0.45 -1.45 4.44006e-05
-0.45 -1.4 5.2978e-05
-0.45 -1.35 6.63636e-05
-0.45 -1.3 8.81372e-05
-0.45 -1.25 0.000125302
-0.45 -1.2 0.000192206
-0.45 -1.15 0.00031948
-0.45 -1.1 0.000574492
-0.45 -1.05 0.00110711
-0.45 -1 0.00224559
-0.45 -0.95 0.00467267
-0.45 -0.9 0.00967639
-0.45 -0.85 0.0193364
-0.45 -0.8 0.0362963
-0.45 -0.75 0.062778
-0.45 -0.7 0.0991204
-0.45 -0.65 0.142977
-0.45 -0.6 0.190068
-0.45 -0.55 0.235936
-0.45 -0.5 0.277355
-0.45 -0.45 0.31273
-0.45 -0.4 0.341778
-0.45 -0.35 0.364991
-0.45 -0.3 0.383201
-0.45 -0.25 0.397308
-0.45 -0.2 0.408141
-0.45 -0.15 0.416412
-0.45 -0.1 0.4227
-0.45 -0.05 0.427469
-0.45 -5.13478e-16 0.431077
-0.45 0.05 0.433806
-0.45 0.1 0.435867
-0.45 0.15 0.437426
-0.45 0.2 0.438605
-0.45 0.25 0.439499
-0.45 0.3 0.440179
-0.45 0.35 0.4407
-0.45 0.4 0.441101
-0.45 0.45 0.441415
-0.45 0.5 0.441665
-0.45 0.55 0.441869
-0.45 0.6 0.442041
-0.45 0.65 0.442192
-0.45 0.7 0.442331
-0.45 0.75 0.442465
-0.45 0.8 0.442601
-0.45 0.85 0.442743
-0.45 0.9 0.442898
-0.45 0.95 0.443069
-0.45 1 0.443262
-0.45 1.05 0.443483
-0.45 1.1 0.443737
-0.45 1.15 0.44403
-0.45 1.2 0.44437
-0.45 1.25 0.444765
-0.45 1.3 0.445226
-0.45 1.35 0.445762
-0.45 1.4 0.446387
-0.45 1.45 0.447117
-0.45 1.5 0.447967
-0.45 1.55 0.44896
-0.45 1.6 0.450117
-0.45 1.65 0.451468
-0.45 1.7 0.453043
-0.45 1.75 0.454881
-0.45 1.8 0.457024
-0.45 1.85 0.459523
-0.45 1.9 0.462435
-0.45 1.95 0.465829
-0.45 2 0.469783
-0.45 2.05 0.474386
-0.45 2.1 0.479741
-0.45 2.15 0.485967
-0.45 2.2 0.493197
-0.45 2.25 0.501584
-0.45 2.3 0.511294
-0.45 2.35 0.522513
-0.45 2.4 0.53544
-0.45 2.45 0.550282
-0.45 2.5 0.567246

-0.4 -2.5 2.49928e-05
-0.4 -2.45 2.50132e-05
-0.4 -2.4 2.50404e-05
-0.4 -2.35 2.50767e-05
-0.4 -2.3 2.5125e-05
-0.4 -2.25 2.51893e-05
-0.4 -2.2 2.52751e-05
-0.4 -2.15 2.53895e-05
-0.4 -2.1 2.55423e-05
-0.4 -2.05 2.57468e-05
-0.4 -2 2.60207e-05
-0.4 -1.95 2.63887e-05
-0.4 -1.9 2.68847e-05
-0.4 -1.85 2.75559e-05
-0.4 -1.8 2.84696e-05
-0.4 -1.75 2.97223e-05
-0.4 -1.7 3.14567e-05
-0.4 -1.65 3.38885e-05
-0.4 -1.6 3.73538e-05
-0.4 -1.55 4.23954e-05
-0.4 -1.5 4.99253e-05
-0.4 -1.45 6.15425e-05
-0.4 -1.4 8.01852e-05
-0.4 -1.35 0.000111515
-0.4 -1.3 0.000166973
-0.4 -1.25 0.000270697
-0.4 -1.2 0.000475367
-0.4 -1.15 0.000898057
-0.4 -1.1 0.00179731
-0.4 -1.05 0.00372197
-0.4 -1 0.00774509
-0.4 -0.95 0.0156979
-0.4 -0.9 0.0301164
-0.4 -0.85 0.0535031
-0.4 -0.8 0.0869225
-0.4 -0.75 0.128854
-0.4 -0.7 0.175449
-0.4 -0.65 0.222115
-0.4 -0.6 0.265153
-0.4 -0.55 0.302477
-0.4 -0.5 0.333454
-0.4 -0.45 0.358392
-0.4 -0.4 0.378053
-0.4 -0.35 0.393334
-0.4 -0.3 0.405098
-0.4 -0.25 0.414093
-0.4 -0.2 0.42094
-0.4 -0.15 0.426136
-0.4 -0.1 0.43007
-0.4 -0.05 0.433045
-0.4 -5.13478e-16 0.435294
-0.4 0.05 0.436994
-0.4 0.1 0.43828
-0.4 0.15 0.439255
-0.4 0.2 0.439995
-0.4 0.25 0.440562
-0.4 0.3 0.440998
-0.4 0.35 0.441337
-0.4 0.4 0.441606
-0.4 0.45 0.441825
-0.4 0.5 0.442008
-0.4 0.55 0.442167
-0.4 0.6 0.442313
-0.4 0.65 0.442452
-0.4 0.7 0.442591
-0.4 0.75 0.442737
-0.4 0.8 0.442894
-0.4 0.85 0.443067
-0.4 0.9 0.443261
-0.4 0.95 0.443483
-0.4 1 0.443738
-0.4 1.05 0.444032
-0.4 1.1 0.444373
-0.4 1.15 0.44477
-0.4 1.2 0.445231
-0.4 1.25 0.445769
-0.4 1.3 0.446395
-0.4 1.35 0.447126
-0.4 1.4 0.447978
-0.4 1.45 0.448972
-0.4 1.5 0.450132
-0.4 1.55 0.451485
-0.4 1.6 0.453064
-0.4 1.65 0.454905
-0.4 1.7 0.457052
-0.4 1.75 0.459555
-0.4 1.8 0.462473
-0.4 1.85 0.465873
-0.4 1.9 0.469834
-0.4 1.95 0.474445
-0.4 2 0.47981
-0.4 2.05 0.486048
-0.4 2.1 0.493291
-0.4 2.15 0.501692
-0.4 2.2 0.511419
-0.4 2.25 0.522658
-0.4 2.3 0.535607
-0.4 2.35 0.550473
-0.4 2.4 0.567463
-0.4 2.45 0.586768
-0.4 2.5 0.60854

-0.35 -2.5 2.50312e-05
-0.35 -2.45 2.50644e-05
-0.35 -2.4 2.51085e-05
-0.35 -2.35 2.51674e-05
-0.35 -2.3 2.52459e-05
-0.35 -2.25 2.53505e-05
-0.35 -2.2 2.54903e-05
-0.35 -2.15 2.56771e-05
-0.35 -2.1 2.59273e-05
-0.35 -2.05 2.62631e-05
-0.35 -2 2.67152e-05
-0.35 -1.95 2.73262e-05
-0.35 -1.9 2.81561e-05
-0.35 -1.85 2.92914e-05
-0.35 -1.8 3.0858e-05
-0.35 -1.75 3.30451e-05
-0.35 -1.7 3.61449e-05
-0.35 -1.65 4.06234e-05
-0.35 -1.6 4.72541e-05
-0.35 -1.55 5.73746e-05
-0.35 -1.5 7.34072e-05
-0.35 -1.45 9.99507e-05
-0.35 -1.4 0.000146165
-0.35 -1.35 0.000231133
-0.35 -1.3 0.000396126
-0.35 -1.25 0.000732549
-0.35 -1.2 0.00144329
-0.35 -1.15 0.00296612
-0.35 -1.1 0.00618355
-0.35 -1.05 0.0126767
-0.35 -1 0.0248041
-0.35 -0.95 0.0452072
-0.35 -0.9 0.0755562
-0.35 -0.85 0.115182
-0.35 -0.8 0.160829
-0.35 -0.75 0.207934
-0.35 -0.7 0.252394
-0.35 -0.65 0.291611
-0.35 -0.6 0.324551
-0.35 -0.55 0.351288
-0.35 -0.5 0.372486
-0.35 -0.45 0.389025
-0.35 -0.4 0.401791
-0.35 -0.35 0.41157
-0.35 -0.3 0.419023
-0.35 -0.25 0.424683
-0.35 -0.2 0.428972
-0.35 -0.15 0.432216
-0.35 -0.1 0.434669
-0.35 -0.05 0.436523
-0.35 -5.13478e-16 0.437925
-0.35 0.05 0.438988
-0.35 0.1 0.439795
-0.35 0.15 0.440411
-0.35 0.2 0.440884
-0.35 0.25 0.441252
-0.35 0.3 0.441543
-0.35 0.35 0.441777
-0.35 0.4 0.441972
-0.35 0.45 0.442141
-0.35 0.5 0.442293
-0.35 0.55 0.442438
-0.35 0.6 0.442581
-0.35 0.65 0.44273
-0.35 0.7 0.442889
-0.35 0.75 0.443064
-0.35 0.8 0.44326
-0.35 0.85 0.443483
-0.35 0.9 0.443739
-0.35 0.95 0.444034
-0.35 1 0.444377
-0.35 1.05 0.444774
-0.35 1.1 0.445236
-0.35 1.15 0.445775
-0.35 1.2 0.446403
-0.35 1.25 0.447135
-0.35 1.3 0.447989
-0.35 1.35 0.448985
-0.35 1.4 0.450147
-0.35 1.45 0.451503
-0.35 1.5 0.453084
-0.35 1.55 0.454929
-0.35 1.6 0.45708
-0.35 1.65 0.459588
-0.35 1.7 0.462511
-0.35 1.75 0.465918
-0.35 1.8 0.469886
-0.35 1.85 0.474505
-0.35 1.9 0.47988
-0.35 1.95 0.486128
-0.35 2 0.493385
-0.35 2.05 0.501801
-0.35 2.1 0.511545
-0.35 2.15 0.522803
-0.35 2.2 0.535773
-0.35 2.25 0.550664
-0.35 2.3 0.567681
-0.35 2.35 0.587015
-0.35 2.4 0.608817
-0.35 2.45 0.633173
-0.35 2.5 0.660062

-0.3 -2.5 2.50935e-05
-0.3 -2.45 2.51474e-05
-0.3 -2.4 2.52192e-05
-0.3 -2.35 2.53149e-05
-0.3 -2.3 2.54427e-05
-0.3 -2.25 2.56134e-05
-0.3 -2.2 2.5842e-05
-0.3 -2.15 2.61485e-05
-0.3 -2.1 2.65607e-05
-0.3 -2.05 2.71171e-05
-0.3 -2 2.78716e-05
-0.3 -1.95 2.89012e-05
-0.3 -1.9 3.03178e-05
-0.3 -1.85 3.22878e-05
-0.3 -1.8 3.50656e-05
-0.3 -1.75 3.90532e-05
-0.3 -1.7 4.49091e-05
-0.3 -1.65 5.37571e-05
-0.3 -1.6 6.76033e-05
-0.3 -1.55 9.02004e-05
-0.3 -1.5 0.000128914
-0.3 -1.45 0.000198886
-0.3 -1.4 0.000332522
-0.3 -1.35 0.00060121
-0.3 -1.3 0.00116374
-0.3 -1.25 0.00236706
-0.3 -1.2 0.00492889
-0.3 -1.15 0.010191
-0.3 -1.1 0.0202893
-0.3 -1.05 0.0378798
-0.3 -1 0.0650969
-0.3 -0.95 0.102095
-0.3 -0.9 0.146344
-0.3 -0.85 0.193488
-0.3 -0.8 0.239122
-0.3 -0.75 0.280137
-0.3 -0.7 0.31505
-0.3 -0.65 0.343653
-0.3 -0.6 0.366473
-0.3 -0.55 0.384356
-0.3 -0.5 0.398199
-0.3 -0.45 0.408825
-0.3 -0.4 0.416934
-0.3 -0.35 0.423099
-0.3 -0.3 0.427774
-0.3 -0.25 0.431311
-0.3 -0.2 0.433986
-0.3 -0.15 0.436008
-0.3 -0.1 0.437538
-0.3 -0.05 0.438696
-0.3 -5.13478e-16 0.439575
-0.3 0.05 0.440246
-0.3 0.1 0.44076
-0.3 0.15 0.441159
-0.3 0.2 0.441473
-0.3 0.25 0.441725
-0.3 0.3 0.441933
-0.3 0.35 0.442112
-0.3 0.4 0.442272
-0.3 0.45 0.442422
-0.3 0.5 0.44257
-0.3 0.55 0.442721
-0.3 0.6 0.442883
-0.3 0.65 0.44306
-0.3 0.7 0.443258
-0.3 0.75 0.443483
-0.3 0.8 0.44374
-0.3 0.85 0.444036
-0.3 0.9 0.44438
-0.3 0.95 0.444778
-0.3 1 0.445242
-0.3 1.05 0.445781
-0.3 1.1 0.446411
-0.3 1.15 0.447144
-0.3 1.2 0.448
-0.3 1.25 0.448998
-0.3 1.3 0.450162
-0.3 1.35 0.45152
-0.3 1.4 0.453105
-0.3 1.45 0.454953
-0.3 1.5 0.457107
-0.3 1.55 0.45962
-0.3 1.6 0.462549
-0.3 1.65 0.465962
-0.3 1.7 0.469937
-0.3 1.75 0.474565
-0.3 1.8 0.47995
-0.3 1.85 0.486209
-0.3 1.9 0.493479
-0.3 1.95 0.501909
-0.3 2 0.511671
-0.3 2.05 0.522948
-0.3 2.1 0.53594
-0.3 2.15 0.550855
-0.3 2.2 0.567899
-0.3 2.25 0.587262
-0.3 2.3 0.609095
-0.3 2.35 0.633481
-0.3 2.4 0.6604
-0.3 2.45 0.689677
-0.3 2.5 0.72095

-0.25 -2.5 2.51947e-05
-0.25 -2.45 2.52823e-05
-0.25 -2.4 2.53992e-05
-0.25 -2.35 2.55553e-05
-0.25 -2.3 2.57641e-05
-0.25 -2.25 2.60439e-05
-0.25 -2.2 2.642e-05
-0.25 -2.15 2.69269e-05
-0.25 -2.1 2.76131e-05
-0.25 -2.05 2.85477e-05
-0.25 -2 2.98299e-05
-0.25 -1.95 3.16066e-05
-0.25 -1.9 3.41002e-05
-0.25 -1.85 3.76584e-05
-0.25 -1.8 4.28441e-05
-0.25 -1.75 5.06056e-05
-0.25 -1.7 6.26117e-05
-0.25 -1.65 8.19387e-05
-0.25 -1.6 0.000114536
-0.25 -1.55 0.000172465
-0.25 -1.5 0.000281243
-0.25 -1.45 0.000496677
-0.25 -1.4 0.00094284
-0.25 -1.35 0.00189329
-0.25 -1.3 0.00392616
-0.25 -1.25 0.00816289
-0.25 -1.2 0.0164938
-0.25 -1.15 0.0314873
-0.25 -1.1 0.0555934
-0.25 -1.05 0.0897156
-0.25 -1 0.132136
-0.25 -0.95 0.178888
-0.25 -0.9 0.225397
-0.25 -0.85 0.268071
-0.25 -0.8 0.304942
-0.25 -0.75 0.335463
-0.25 -0.7 0.359989
-0.25 -0.65 0.379302
-0.25 -0.6 0.394301
-0.25 -0.55 0.40584
-0.25 -0.5 0.414661
-0.25 -0.45 0.421374
-0.25 -0.4 0.426468
-0.25 -0.35 0.430324
-0.25 -0.3 0.433242
-0.25 -0.25 0.435447
-0.25 -0.2 0.437115
-0.25 -0.15 0.438378
-0.25 -0.1 0.439336
-0.25 -0.05 0.440065
-0.25 -5.13478e-16 0.440625
-0.25 0.05 0.441057
-0.25 0.1 0.441396
-0.25 0.15 0.441668
-0.25 0.2 0.44189
-0.25 0.25 0.44208
-0.25 0.3 0.442248
-0.25 0.35 0.442404
-0.25 0.4 0.442557
-0.25 0.45 0.442713
-0.25 0.5 0.442877
-0.25 0.55 0.443056
-0.25 0.6 0.443256
-0.25 0.65 0.443482
-0.25 0.7 0.443741
-0.25 0.75 0.444038
-0.25 0.8 0.444383
-0.25 0.85 0.444782
-0.25 0.9 0.445247
-0.25 0.95 0.445788
-0.25 1 0.446418
-0.25 1.05 0.447153
-0.25 1.1 0.448011
-0.25 1.15 0.449011
-0.25 1.2 0.450177
-0.25 1.25 0.451538
-0.25 1.3 0.453125
-0.25 1.35 0.454976
-0.25 1.4 0.457135
-0.25 1.45 0.459653
-0.25 1.5 0.462587
-0.25 1.55 0.466006
-0.25 1.6 0.469988
-0.25 1.65 0.474625
-0.25 1.7 0.480019
-0.25 1.75 0.48629
-0.25 1.8 0.493573
-0.25 1.85 0.502019
-0.25 1.9 0.511797
-0.25 1.95 0.523094
-0.25 2 0.536108
-0.25 2.05 0.551047
-0.25 2.1 0.568118
-0.25 2.15 0.587509
-0.25 2.2 0.609372
-0.25 2.25 0.63379
-0.25 2.3 0.660738
-0.25 2.35 0.690042
-0.25 2.4 0.721336
-0.25 2.45 0.754035
-0.25 2.5 0.787334

-0.2 -2.5 2.53594e-05
-0.2 -2.45 2.55021e-05
-0.2 -2.4 2.56929e-05
-0.2 -2.35 2.59485e-05
-0.2 -2.3 2.62916e-05
-0.2 -2.25 2.67536e-05
-0.2 -2.2 2.73782e-05
-0.2 -2.15 2.8227e-05
-0.2 -2.1 2.93887e-05
-0.2 -2.05 3.09931e-05
-0.2 -2 3.3235e-05
-0.2 -1.95 3.64164e-05
-0.2 -1.9 4.10203e-05
-0.2 -1.85 4.78501e-05
-0.2 -1.8 5.83004e-05
-0.2 -1.75 7.49046e-05
-0.2 -1.7 0.00010249
-0.2 -1.65 0.000150703
-0.2 -1.6 0.000239703
-0.2 -1.55 0.000413188
-0.2 -1.5 0.000768033
-0.2 -1.45 0.00151907
-0.2 -1.4 0.00312823
-0.2 -1.35 0.00652046
-0.2 -1.3 0.013335
-0.2 -1.25 0.0259771
-0.2 -1.2 0.0470675
-0.2 -1.15 0.0781464
-0.2 -1.1 0.118345
-0.2 -1.05 0.164256
-0.2 -1 0.211292
-0.2 -0.95 0.255439
-0.2 -0.9 0.294219
-0.2 -0.85 0.326697
-0.2 -0.8 0.353006
-0.2 -0.75 0.373836
-0.2 -0.7 0.390073
-0.2 -0.65 0.402597
-0.2 -0.6 0.412187
-0.2 -0.55 0.419495
-0.2 -0.5 0.425044
-0.2 -0.45 0.429248
-0.2 -0.4 0.432429
-0.2 -0.35 0.434834
-0.2 -0.3 0.436653
-0.2 -0.25 0.43803
-0.2 -0.2 0.439074
-0.2 -0.15 0.439869
-0.2 -0.1 0.440477
-0.2 -0.05 0.440946
-0.2 -5.13478e-16 0.441313
-0.2 0.05 0.441605
-0.2 0.1 0.441844
-0.2 0.15 0.442045
-0.2 0.2 0.442222
-0.2 0.25 0.442385
-0.2 0.3 0.442543
-0.2 0.35 0.442703
-0.2 0.4 0.44287
-0.2 0.45 0.443052
-0.2 0.5 0.443254
-0.2 0.55 0.443481
-0.2 0.6 0.443741
-0.2 0.65 0.44404
-0.2 0.7 0.444385
-0.2 0.75 0.444786
-0.2 0.8 0.445252
-0.2 0.85 0.445794
-0.2 0.9 0.446426
-0.2 0.95 0.447162
-0.2 1 0.448021
-0.2 1.05 0.449023
-0.2 1.1 0.450192
-0.2 1.15 0.451555
-0.2 1.2 0.453146
-0.2 1.25 0.455
-0.2 1.3 0.457163
-0.2 1.35 0.459685
-0.2 1.4 0.462625
-0.2 1.45 0.46605
-0.2 1.5 0.47004
-0.2 1.55 0.474685
-0.2 1.6 0.480089
-0.2 1.65 0.486372
-0.2 1.7 0.493667
-0.2 1.75 0.502128
-0.2 1.8 0.511923
-0.2 1.85 0.523239
-0.2 1.9 0.536276
-0.2 1.95 0.551239
-0.2 2 0.568337
-0.2 2.05 0.587757
-0.2 2.1 0.60965
-0.2 2.15 0.634099
-0.2 2.2 0.661076
-0.2 2.25 0.690407
-0.2 2.3 0.721722
-0.2 2.35 0.754433
-0.2 2.4 0.787734
-0.2 2.45 0.820642
-0.2 2.5 0.852097

-0.15 -2.5 2.56279e-05
-0.15 -2.45 2.58613e-05
-0.15 -2.4 2.61745e-05
-0.15 -2.35 2.65957e-05
-0.15 -2.3 2.71644e-05
-0.15 -2.25 2.7936e-05
-0.15 -2.2 2.89894e-05
-0.15 -2.15 3.04397e-05
-0.15 -2.1 3.24584e-05
-0.15 -2.05 3.53083e-05
-0.15 -2 3.94053e-05
-0.15 -1.95 4.5433e-05
-0.15 -1.9 5.45619e-05
-0.15 -1.85 6.88878e-05
-0.15 -1.8 9.23453e-05
-0.15 -1.75 0.000132684
-0.15 -1.7 0.000205885
-0.15 -1.65 0.000346241
-0.15 -1.6 0.000629399
-0.15 -1.55 0.00122358
-0.15 -1.5 0.00249541
-0.15 -1.45 0.00519898
-0.15 -1.4 0.0107308
-0.15 -1.35 0.0212819
-0.15 -1.3 0.0395149
-0.15 -1.25 0.0674686
-0.15 -1.2 0.10511
-0.15 -1.15 0.149727
-0.15 -1.1 0.196899
-0.15 -1.05 0.242283
-0.15 -1 0.282887
-0.15 -0.95 0.317338
-0.15 -0.9 0.345497
-0.15 -0.85 0.36793
-0.15 -0.8 0.385491
-0.15 -0.75 0.399074
-0.15 -0.7 0.409496
-0.15 -0.65 0.417448
-0.15 -0.6 0.423492
-0.15 -0.55 0.428074
-0.15 -0.5 0.431543
-0.15 -0.45 0.434166
-0.15 -0.4 0.436149
-0.15 -0.35 0.43765
-0.15 -0.3 0.438788
-0.15 -0.25 0.439654
-0.15 -0.2 0.440315
-0.15 -0.15 0.440825
-0.15 -0.1 0.441222
-0.15 -0.05 0.441537
-0.15 -5.13478e-16 0.441792
-0.15 0.05 0.442007
-0.15 0.1 0.442194
-0.15 0.15 0.442364
-0.15 0.2 0.442528
-0.15 0.25 0.442692
-0.15 0.3 0.442863
-0.15 0.35 0.443047
-0.15 0.4 0.443251
-0.15 0.45 0.44348
-0.15 0.5 0.443741
-0.15 0.55 0.444042
-0.15 0.6 0.444388
-0.15 0.65 0.44479
-0.15 0.7 0.445257
-0.15 0.75 0.4458
-0.15 0.8 0.446434
-0.15 0.85 0.447172
-0.15 0.9 0.448032
-0.15 0.95 0.449036
-0.15 1 0.450207
-0.15 1.05 0.451573
-0.15 1.1 0.453166
-0.15 1.15 0.455024
-0.15 1.2 0.457191
-0.15 1.25 0.459718
-0.15 1.3 0.462663
-0.15 1.35 0.466095
-0.15 1.4 0.470092
-0.15 1.45 0.474745
-0.15 1.5 0.480159
-0.15 1.55 0.486453
-0.15 1.6 0.493761
-0.15 1.65 0.502237
-0.15 1.7 0.51205
-0.15 1.75 0.523385
-0.15 1.8 0.536443
-0.15 1.85 0.551432
-0.15 1.9 0.568556
-0.15 1.95 0.588005
-0.15 2 0.609929
-0.15 2.05 0.634408
-0.15 2.1 0.661415
-0.15 2.15 0.690772
-0.15 2.2 0.722108
-0.15 2.25 0.754832
-0.15 2.3 0.788134
-0.15 2.35 0.821031
-0.15 2.4 0.852461
-0.15 2.45 0.88142
-0.15 2.5 0.907097

-0.1 -2.5 2.60677e-05
-0.1 -2.45 2.64519e-05
-0.1 -2.4 2.69699e-05
-0.1 -2.35 2.76716e-05
-0.1 -2.3 2.86276e-05
-0.1 -2.25 2.99401e-05
-0.1 -2.2 3.17602e-05
-0.1 -2.15 3.43174e-05
-0.1 -2.1 3.79714e-05
-0.1 -2.05 4.3306e-05
-0.1 -2 5.13077e-05
-0.1 -1.95 6.37183e-05
-0.1 -1.9 8.37596e-05
-0.1 -1.85 0.000117685
-0.1 -1.8 0.000178211
-0.1 -1.75 0.000292324
-0.1 -1.7 0.000519142
-0.1 -1.65 0.000990152
-0.1 -1.6 0.00199473
-0.1 -1.55 0.0041416
-0.1 -1.5 0.00860194
-0.1 -1.45 0.0173248
-0.1 -1.4 0.032907
-0.1 -1.35 0.0577377
-0.1 -1.3 0.0925536
-0.1 -1.25 0.13544
-0.1 -1.2 0.182325
-0.1 -1.15 0.228658
-0.1 -1.1 0.270958
-0.1 -1.05 0.307373
-0.1 -1 0.33744
-0.1 -0.95 0.361559
-0.1 -0.9 0.380529
-0.1 -0.85 0.39525
-0.1 -0.8 0.40657
-0.1 -0.75 0.41522
-0.1 -0.7 0.421801
-0.1 -0.65 0.426794
-0.1 -0.6 0.430576
-0.1 -0.55 0.433436
-0.1 -0.5 0.435599
-0.1 -0.45 0.437236
-0.1 -0.4 0.438477
-0.1 -0.35 0.439419
-0.1 -0.3 0.440139
-0.1 -0.25 0.440692
-0.1 -0.2 0.441122
-0.1 -0.15 0.441462
-0.1 -0.1 0.441737
-0.1 -0.05 0.441965
-0.1 -5.13478e-16 0.442163
-0.1 0.05 0.442341
-0.1 0.1 0.442511
-0.1 0.15 0.44268
-0.1 0.2 0.442854
-0.1 0.25 0.443041
-0.1 0.3 0.443247
-0.1 0.35 0.443479
-0.1 0.4 0.443741
-0.1 0.45 0.444043
-0.1 0.5 0.444391
-0.1 0.55 0.444794
-0.1 0.6 0.445262
-0.1 0.65 0.445807
-0.1 0.7 0.446441
-0.1 0.75 0.447181
-0.1 0.8 0.448043
-0.1 0.85 0.449049
-0.1 0.9 0.450222
-0.1 0.95 0.45159
-0.1 1 0.453187
-0.1 1.05 0.455048
-0.1 1.1 0.457219
-0.1 1.15 0.459751
-0.1 1.2 0.462701
-0.1 1.25 0.466139
-0.1 1.3 0.470144
-0.1 1.35 0.474806
-0.1 1.4 0.480229
-0.1 1.45 0.486534
-0.1 1.5 0.493856
-0.1 1.55 0.502347
-0.1 1.6 0.512177
-0.1 1.65 0.523532
-0.1 1.7 0.536612
-0.1 1.75 0.551624
-0.1 1.8 0.568775
-0.1 1.85 0.588253
-0.1 1.9 0.610208
-0.1 1.95 0.634718
-0.1 2 0.661755
-0.1 2.05 0.691138
-0.1 2.1 0.722494
-0.1 2.15 0.75523
-0.1 2.2 0.788533
-0.1 2.25 0.821419
-0.1 2.3 0.852826
-0.1 2.35 0.881749
-0.1 2.4 0.907384
-0.1 2.45 0.929233
-0.1 2.5 0.947154

-0.05 -2.5 2.67928e-05
-0.05 -2.45 2.74314e-05
-0.05 -2.4 2.82996e-05
-0.05 -2.35 2.94884e-05
-0.05 -2.3 3.11315e-05
-0.05 -2.25 3.34298e-05
-0.05 -2.2 3.66954e-05
-0.05 -2.15 4.14287e-05
-0.05 -2.1 4.84648e-05
-0.05 -2.05 5.92577e-05
-0.05 -2 7.64578e-05
-0.05 -1.95 0.000105133
-0.05 -1.9 0.000155446
-0.05 -1.85 0.000248697
-0.05 -1.8 0.000431158
-0.05 -1.75 0.000805502
-0.05 -1.7 0.00159917
-0.05 -1.65 0.00329941
-0.05 -1.6 0.00687504
-0.05 -1.55 0.0140239
-0.05 -1.5 0.0271952
-0.05 -1.45 0.0489817
-0.05 -1.4 0.0807858
-0.05 -1.35 0.121539
-0.05 -1.3 0.167688
-0.05 -1.25 0.214635
-0.05 -1.2 0.258456
-0.05 -1.15 0.296795
-0.05 -1.1 0.328811
-0.05 -1.05 0.354695
-0.05 -1 0.375162
-0.05 -0.95 0.391102
-0.05 -0.9 0.403389
-0.05 -0.85 0.412794
-0.05 -0.8 0.419959
-0.05 -0.75 0.425399
-0.05 -0.7 0.429521
-0.05 -0.65 0.43264
-0.05 -0.6 0.434999
-0.05 -0.55 0.436784
-0.05 -0.5 0.438136
-0.05 -0.45 0.439163
-0.05 -0.4 0.439946
-0.05 -0.35 0.440547
-0.05 -0.3 0.441014
-0.05 -0.25 0.44138
-0.05 -0.2 0.441675
-0.05 -0.15 0.441919
-0.05 -0.1 0.442129
-0.05 -0.05 0.442316
-0.05 -5.13478e-16 0.442493
-0.05 0.05 0.442666
-0.05 0.1 0.442845
-0.05 0.15 0.443035
-0.05 0.2 0.443244
-0.05 0.25 0.443477
-0.05 0.3 0.443741
-0.05 0.35 0.444044
-0.05 0.4 0.444393
-0.05 0.45 0.444797
-0.05 0.5 0.445267
-0.05 0.55 0.445813
-0.05 0.6 0.446449
-0.05 0.65 0.44719
-0.05 0.7 0.448054
-0.05 0.75 0.449062
-0.05 0.8 0.450237
-0.05 0.85 0.451608
-0.05 0.9 0.453207
-0.05 0.95 0.455072
-0.05 1 0.457247
-0.05 1.05 0.459783
-0.05 1.1 0.462739
-0.05 1.15 0.466184
-0.05 1.2 0.470195
-0.05 1.25 0.474866
-0.05 1.3 0.4803
-0.05 1.35 0.486616
-0.05 1.4 0.493951
-0.05 1.45 0.502457
-0.05 1.5 0.512304
-0.05 1.55 0.523678
-0.05 1.6 0.53678
-0.05 1.65 0.551817
-0.05 1.7 0.568995
-0.05 1.75 0.588502
-0.05 1.8 0.610487
-0.05 1.85 0.635028
-0.05 1.9 0.662094
-0.05 1.95 0.691504
-0.05 2 0.722881
-0.05 2.05 0.755629
-0.05 2.1 0.788933
-0.05 2.15 0.821807
-0.05 2.2 0.85319
-0.05 2.25 0.882078
-0.05 2.3 0.907669
-0.05 2.35 0.929472
-0.05 2.4 0.947346
-0.05 2.45 0.961474
-0.05 2.5 0.972276

-5.84255e-15 -2.5 2.80018e-05
-5.84255e-15 -2.45 2.90797e-05
-5.84255e-15 -2.4 3.05646e-05
-5.84255e-15 -2.35 3.26334e-05
-5.84255e-15 -2.3 3.55574e-05
-5.84255e-15 -2.25 3.97673e-05
-5.84255e-15 -2.2 4.59729e-05
-5.84255e-15 -2.15 5.53933e-05
-5.84255e-15 -2.1 7.02188e-05
-5.84255e-15 -2.05 9.45759e-05
-5.84255e-15 -2 0.00013662
-5.84255e-15 -1.95 0.000213222
-5.84255e-15 -1.9 0.000360675
-5.84255e-15 -1.85 0.000659146
-5.84255e-15 -1.8 0.00128684
-5.84255e-15 -1.75 0.00263102
-5.84255e-15 -1.7 0.00548359
-5.84255e-15 -1.65 0.0112967
-5.84255e-15 -1.6 0.0223152
-5.84255e-15 -1.55 0.0412022
-5.84255e-15 -1.5 0.0698928
-5.84255e-15 -1.45 0.108161
-5.84255e-15 -1.4 0.153123
-5.84255e-15 -1.35 0.200301
-5.84255e-15 -1.3 0.245419
-5.84255e-15 -1.25 0.285605
-5.84255e-15 -1.2 0.319593
-5.84255e-15 -1.15 0.347313
-5.84255e-15 -1.1 0.369362
-5.84255e-15 -1.05 0.386605
-5.84255e-15 -1 0.399934
-5.84255e-15 -0.95 0.410156
-5.84255e-15 -0.9 0.417953
-5.84255e-15 -0.85 0.423878
-5.84255e-15 -0.8 0.428371
-5.84255e-15 -0.75 0.431771
-5.84255e-15 -0.7 0.434344
-5.84255e-15 -0.65 0.43629
-5.84255e-15 -0.6 0.437764
-5.84255e-15 -0.55 0.438883
-5.84255e-15 -0.5 0.439736
-5.84255e-15 -0.45 0.440389
-5.84255e-15 -0.4 0.440895
-5.84255e-15 -0.35 0.441291
-5.84255e-15 -0.3 0.441609
-5.84255e-15 -0.25 0.441869
-5.84255e-15 -0.2 0.442091
-5.84255e-15 -0.15 0.442289
-5.84255e-15 -0.1 0.442472
-5.84255e-15 -0.05 0.442651
-5.84255e-15 -5.13478e-16 0.442834
-5.84255e-15 0.05 0.443028
-5.84255e-15 0.1 0.443239
-5.84255e-15 0.15 0.443474
-5.84255e-15 0.2 0.44374
-5.84255e-15 0.25 0.444045
-5.84255e-15 0.3 0.444395
-5.84255e-15 0.35 0.444801
-5.84255e-15 0.4 0.445272
-5.84255e-15 0.45 0.445819
-5.84255e-15 0.5 0.446456
-5.84255e-15 0.55 0.447199
-5.84255e-15 0.6 0.448065
-5.84255e-15 0.65 0.449074
-5.84255e-15 0.7 0.450252
-5.84255e-15 0.75 0.451626
-5.84255e-15 0.8 0.453228
-5.84255e-15 0.85 0.455097
-5.84255e-15 0.9 0.457276
-5.84255e-15 0.95 0.459816
-5.84255e-15 1 0.462778
-5.84255e-15 1.05 0.466228
-5.84255e-15 1.1 0.470247
-5.84255e-15 1.15 0.474926
-5.84255e-15 1.2 0.48037
-5.84255e-15 1.25 0.486698
-5.84255e-15 1.3 0.494046
-5.84255e-15 1.35 0.502567
-5.84255e-15 1.4 0.512431
-5.84255e-15 1.45 0.523825
-5.84255e-15 1.5 0.536949
-5.84255e-15 1.55 0.552011
-5.84255e-15 1.6 0.569215
-5.84255e-15 1.65 0.588751
-5.84255e-15 1.7 0.610767
-5.84255e-15 1.75 0.635338
-5.84255e-15 1.8 0.662434
-5.84255e-15 1.85 0.69187
-5.84255e-15 1.9 0.723268
-5.84255e-15 1.95 0.756027
-5.84255e-15 2 0.789333
-5.84255e-15 2.05 0.822195
-5.84255e-15 2.1 0.853554
-5.84255e-15 2.15 0.882406
-5.84255e-15 2.2 0.907954
-5.84255e-15 2.25 0.92971
-5.84255e-15 2.3 0.947537
-5.84255e-15 2.35 0.961623
-5.84255e-15 2.4 0.972388
-5.84255e-15 2.45 0.980378
-5.84255e-15 2.5 0.986164

0.05 -2.5 3.00529e-05
0.05 -2.45 3.19176e-05
0.05 -2.4 3.45403e-05
0.05 -2.35 3.82931e-05
0.05 -2.3 4.37816e-05
0.05 -2.25 5.20324e-05
0.05 -2.2 6.48638e-05
0.05 -2.15 8.56512e-05
0.05 -2.1 0.000120968
0.05 -2.05 0.000184228
0.05 -2 0.00030397
0.05 -1.95 0.00054283
0.05 -1.9 0.00104014
0.05 -1.85 0.00210194
0.05 -1.8 0.00436888
0.05 -1.75 0.00906312
0.05 -1.7 0.018192
0.05 -1.65 0.0343761
0.05 -1.6 0.0599359
0.05 -1.55 0.0954353
0.05 -1.5 0.138766
0.05 -1.45 0.185758
0.05 -1.4 0.231898
0.05 -1.35 0.273814
0.05 -1.3 0.309771
0.05 -1.25 0.339386
0.05 -1.2 0.363103
0.05 -1.15 0.381735
0.05 -1.1 0.396183
0.05 -1.05 0.407286
0.05 -1 0.415769
0.05 -0.95 0.422221
0.05 -0.9 0.427117
0.05 -0.85 0.430824
0.05 -0.8 0.433629
0.05 -0.75 0.435751
0.05 -0.7 0.437358
0.05 -0.65 0.438578
0.05 -0.6 0.439506
0.05 -0.55 0.440216
0.05 -0.5 0.440765
0.05 -0.45 0.441194
0.05 -0.4 0.441536
0.05 -0.35 0.441815
0.05 -0.3 0.442051
0.05 -0.25 0.442258
0.05 -0.2 0.44245
0.05 -0.15 0.442635
0.05 -0.1 0.442823
0.05 -0.05 0.44302
0.05 -5.13478e-16 0.443234
0.05 0.05 0.443471
0.05 0.1 0.443739
0.05 0.15 0.444045
0.05 0.2 0.444397
0.05 0.25 0.444804
0.05 0.3 0.445276
0.05 0.35 0.445825
0.05 0.4 0.446464
0.05 0.45 0.447208
0.05 0.5 0.448075
0.05 0.55 0.449087
0.05 0.6 0.450267
0.05 0.65 0.451643
0.05 0.7 0.453249
0.05 0.75 0.455121
0.05 0.8 0.457304
0.05 0.85 0.459849
0.05 0.9 0.462816
0.05 0.95 0.466273
0.05 1 0.4703
0.05 1.05 0.474987
0.05 1.1 0.480441
0.05 1.15 0.48678
0.05 1.2 0.494141
0.05 1.25 0.502677
0.05 1.3 0.512558
0.05 1.35 0.523972
0.05 1.4 0.537118
0.05 1.45 0.552204
0.05 1.5 0.569436
0.05 1.55 0.589001
0.05 1.6 0.611047
0.05 1.65 0.635649
0.05 1.7 0.662775
0.05 1.75 0.692237
0.05 1.8 0.723654
0.05 1.85 0.756426
0.05 1.9 0.789732
0.05 1.95 0.822583
0.05 2 0.853917
0.05 2.05 0.882734
0.05 2.1 0.908239
0.05 2.15 0.929947
0.05 2.2 0.947728
0.05 2.25 0.961771
0.05 2.3 0.972499
0.05 2.35 0.980459
0.05 2.4 0.986222
0.05 2.45 0.990315
0.05 2.5 0.99318

0.1 -2.5 3.36297e-05
0.1 -2.45 3.6982e-05
0.1 -2.4 4.1849e-05
0.1 -2.35 4.90988e-05
0.1 -2.3 6.02478e-05
0.1 -2.25 7.80696e-05
0.1 -2.2 0.000107886
0.1 -2.15 0.000160406
0.1 -2.1 0.000258139
0.1 -2.05 0.000450089
0.1 -2 0.000845074
0.1 -1.95 0.00168385
0.1 -1.9 0.00348015
0.1 -1.85 0.00724809
0.1 -1.8 0.0147445
0.1 -1.75 0.0284592
0.1 -1.7 0.0509498
0.1 -1.65 0.0834737
0.1 -1.6 0.124762
0.1 -1.55 0.171125
0.1 -1.5 0.217961
0.1 -1.45 0.261444
0.1 -1.4 0.299337
0.1 -1.35 0.330893
0.1 -1.3 0.356357
0.1 -1.25 0.376465
0.1 -1.2 0.392112
0.1 -1.15 0.404167
0.1 -1.1 0.413391
0.1 -1.05 0.420416
0.1 -1 0.425749
0.1 -0.95 0.42979
0.1 -0.9 0.432849
0.1 -0.85 0.435163
0.1 -0.8 0.436916
0.1 -0.75 0.438244
0.1 -0.7 0.439255
0.1 -0.65 0.440028
0.1 -0.6 0.440623
0.1 -0.55 0.441087
0.1 -0.5 0.441456
0.1 -0.45 0.441755
0.1 -0.4 0.442006
0.1 -0.35 0.442225
0.1 -0.3 0.442425
0.1 -0.25 0.442617
0.1 -0.2 0.44281
0.1 -0.15 0.443011
0.1 -0.1 0.443228
0.1 -0.05 0.443468
0.1 -5.13478e-16 0.443738
0.1 0.05 0.444046
0.1 0.1 0.444399
0.1 0.15 0.444807
0.1 0.2 0.445281
0.1 0.25 0.445831
0.1 0.3 0.446471
0.1 0.35 0.447217
0.1 0.4 0.448086
0.1 0.45 0.4491
0.1 0.5 0.450282
0.1 0.55 0.451661
0.1 0.6 0.453269
0.1 0.65 0.455145
0.1 0.7 0.457332
0.1 0.75 0.459882
0.1 0.8 0.462854
0.1 0.85 0.466318
0.1 0.9 0.470352
0.1 0.95 0.475048
0.1 1 0.480511
0.1 1.05 0.486862
0.1 1.1 0.494236
0.1 1.15 0.502787
0.1 1.2 0.512686
0.1 1.25 0.524119
0.1 1.3 0.537287
0.1 1.35 0.552398
0.1 1.4 0.569657
0.1 1.45 0.589251
0.1 1.5 0.611327
0.1 1.55 0.63596
0.1 1.6 0.663115
0.1 1.65 0.692604
0.1 1.7 0.724042
0.1 1.75 0.756825
0.1 1.8 0.790132
0.1 1.85 0.822971
0.1 1.9 0.85428
0.1 1.95 0.883062
0.1 2 0.908523
0.1 2.05 0.930184
0.1 2.1 0.947918
0.1 2.15 0.961918
0.1 2.2 0.97261
0.1 2.25 0.98054
0.1 2.3 0.986281
0.1 2.35 0.990356
0.1 2.4 0.993208
0.1 2.45 0.995187
0.1 2.5 0.996554

0.15 -2.5 4.01396e-05
0.15 -2.45 4.65293e-05
0.15 -2.4 5.62524e-05
0.15 -2.35 7.15984e-05
0.15 -2.3 9.68962e-05
0.15 -2.25 0.00014073
0.15 -2.2 0.000220915
0.15 -2.15 0.000375865
0.15 -2.1 0.000690541
0.15 -2.05 0.0013537
0.15 -2 0.00277429
0.15 -1.95 0.00578344
0.15 -1.9 0.0118899
0.15 -1.85 0.0233903
0.15 -1.8 0.0429423
0.15 -1.75 0.0723687
0.15 -1.7 0.111249
0.15 -1.65 0.15653
0.15 -1.6 0.203691
0.15 -1.55 0.248528
0.15 -1.5 0.28829
0.15 -1.45 0.321815
0.15 -1.4 0.349098
0.15 -1.35 0.370769
0.15 -1.3 0.3877
0.15 -1.25 0.400778
0.15 -1.2 0.410804
0.15 -1.15 0.418449
0.15 -1.1 0.424259
0.15 -1.05 0.428663
0.15 -1 0.431998
0.15 -0.95 0.434522
0.15 -0.9 0.436432
0.15 -0.85 0.43788
0.15 -0.8 0.438981
0.15 -0.75 0.439822
0.15 -0.7 0.440468
0.15 -0.65 0.440971
0.15 -0.6 0.441369
0.15 -0.55 0.44169
0.15 -0.5 0.441957
0.15 -0.45 0.442189
0.15 -0.4 0.442399
0.15 -0.35 0.442598
0.15 -0.3 0.442796
0.15 -0.25 0.443001
0.15 -0.2 0.443221
0.15 -0.15 0.443464
0.15 -0.1 0.443736
0.15 -0.05 0.444046
0.15 -5.13478e-16 0.444401
0.15 0.05 0.44481
0.15 0.1 0.445285
0.15 0.15 0.445837
0.15 0.2 0.446478
0.15 0.25 0.447226
0.15 0.3 0.448097
0.15 0.35 0.449113
0.15 0.4 0.450297
0.15 0.45 0.451679
0.15 0.5 0.45329
0.15 0.55 0.455169
0.15 0.6 0.45736
0.15 0.65 0.459915
0.15 0.7 0.462893
0.15 0.75 0.466363
0.15 0.8 0.470404
0.15 0.85 0.475109
0.15 0.9 0.480582
0.15 0.95 0.486944
0.15 1 0.494331
0.15 1.05 0.502898
0.15 1.1 0.512814
0.15 1.15 0.524267
0.15 1.2 0.537457
0.15 1.25 0.552592
0.15 1.3 0.569878
0.15 1.35 0.589501
0.15 1.4 0.611608
0.15 1.45 0.636272
0.15 1.5 0.663456
0.15 1.55 0.692971
0.15 1.6 0.724429
0.15 1.65 0.757224
0.15 1.7 0.790531
0.15 1.75 0.823358
0.15 1.8 0.854643
0.15 1.85 0.883389
0.15 1.9 0.908806
0.15 1.95 0.93042
0.15 2 0.948108
0.15 2.05 0.962066
0.15 2.1 0.972721
0.15 2.15 0.980621
0.15 2.2 0.986338
0.15 2.25 0.990397
0.15 2.3 0.993237
0.15 2.35 0.995207
0.15 2.4 0.996568
0.15 2.45 0.997508
0.15 2.5 0.998161

0.2 -2.5 5.27806e-05
0.2 -2.45 6.605e-05
0.2 -2.4 8.76166e-05
0.2 -2.35 0.000124392
0.2 -2.3 0.000190528
0.2 -2.25 0.000316213
0.2 -2.2 0.000567812
0.2 -2.15 0.00109297
0.2 -2.1 0.00221526
0.2 -2.05 0.00460859
0.2 -2 0.00954735
0.2 -1.95 0.0190965
0.2 -1.9 0.0358955
0.2 -1.85 0.0621879
0.2 -1.8 0.0983594
0.2 -1.75 0.142112
0.2 -1.7 0.189187
0.2 -1.65 0.235115
0.2 -1.6 0.276639
0.2 -1.55 0.312135
0.2 -1.5 0.341302
0.2 -1.45 0.36462
0.2 -1.4 0.38292
0.2 -1.35 0.397098
0.2 -1.3 0.40799
0.2 -1.25 0.416308
0.2 -1.2 0.422635
0.2 -1.15 0.427435
0.2 -1.1 0.43107
0.2 -1.05 0.433821
0.2 -1 0.435904
0.2 -0.95 0.437483
0.2 -0.9 0.438682
0.2 -0.85 0.439597
0.2 -0.8 0.440299
0.2 -0.75 0.440844
0.2 -0.7 0.441273
0.2 -0.65 0.441618
0.2 -0.6 0.441904
0.2 -0.55 0.442149
0.2 -0.5 0.442369
0.2 -0.45 0.442576
0.2 -0.4 0.44278
0.2 -0.35 0.44299
0.2 -0.3 0.443214
0.2 -0.25 0.443459
0.2 -0.2 0.443734
0.2 -0.15 0.444045
0.2 -0.1 0.444402
0.2 -0.05 0.444813
0.2 -5.13478e-16 0.44529
0.2 0.05 0.445843
0.2 0.1 0.446486
0.2 0.15 0.447235
0.2 0.2 0.448108
0.2 0.25 0.449125
0.2 0.3 0.450312
0.2 0.35 0.451696
0.2 0.4 0.453311
0.2 0.45 0.455193
0.2 0.5 0.457389
0.2 0.55 0.459948
0.2 0.6 0.462931
0.2 0.65 0.466408
0.2 0.7 0.470456
0.2 0.75 0.47517
0.2 0.8 0.480653
0.2 0.85 0.487026
0.2 0.9 0.494427
0.2 0.95 0.503008
0.2 1 0.512942
0.2 1.05 0.524414
0.2 1.1 0.537627
0.2 1.15 0.552787
0.2 1.2 0.5701
0.2 1.25 0.589752
0.2 1.3 0.611889
0.2 1.35 0.636584
0.2 1.4 0.663798
0.2 1.45 0.693338
0.2 1.5 0.724816
0.2 1.55 0.757623
0.2 1.6 0.79093
0.2 1.65 0.823745
0.2 1.7 0.855005
0.2 1.75 0.883715
0.2 1.8 0.909089
0.2 1.85 0.930656
0.2 1.9 0.948297
0.2 1.95 0.962212
0.2 2 0.972831
0.2 2.05 0.980702
0.2 2.1 0.986396
0.2 2.15 0.990437
0.2 2.2 0.993265
0.2 2.25 0.995227
0.2 2.3 0.996581
0.2 2.35 0.997518
0.2 2.4 0.998167
0.2 2.45 0.998621
0.2 2.5 0.998941

0.25 -2.5 7.97423e-05
0.25 -2.45 0.000110754
0.25 -2.4 0.000165594
0.25 -2.35 0.000268053
0.25 -2.3 0.000470036
0.25 -2.25 0.000886871
0.25 -2.2 0.00177335
0.25 -2.15 0.00367095
0.25 -2.1 0.00764043
0.25 -2.05 0.0154978
0.25 -2 0.02977
0.25 -1.95 0.0529721
0.25 -1.9 0.0862091
0.25 -1.85 0.128012
0.25 -1.8 0.174564
0.25 -1.75 0.221269
0.25 -1.7 0.264402
0.25 -1.65 0.301845
0.25 -1.6 0.332944
0.25 -1.55 0.357991
0.25 -1.5 0.377746
0.25 -1.45 0.393105
0.25 -1.4 0.404932
0.25 -1.35 0.413977
0.25 -1.3 0.420866
0.25 -1.25 0.426095
0.25 -1.2 0.430057
0.25 -1.15 0.433057
0.25 -1.1 0.435328
0.25 -1.05 0.437049
0.25 -1 0.438355
0.25 -0.95 0.439351
0.25 -0.9 0.440114
0.25 -0.85 0.440705
0.25 -0.8 0.441169
0.25 -0.75 0.44154
0.25 -0.7 0.441846
0.25 -0.65 0.442106
0.25 -0.6 0.442337
0.25 -0.55 0.442552
0.25 -0.5 0.442763
0.25 -0.45 0.442978
0.25 -0.4 0.443206
0.25 -0.35 0.443454
0.25 -0.3 0.443731
0.25 -0.25 0.444045
0.25 -0.2 0.444403
0.25 -0.15 0.444816
0.25 -0.1 0.445294
0.25 -0.05 0.445848
0.25 -5.13478e-16 0.446493
0.25 0.05 0.447244
0.25 0.1 0.448118
0.25 0.15 0.449138
0.25 0.2 0.450327
0.25 0.25 0.451714
0.25 0.3 0.453331
0.25 0.35 0.455218
0.25 0.4 0.457417
0.25 0.45 0.459981
0.25 0.5 0.46297
0.25 0.55 0.466453
0.25 0.6 0.470509
0.25 0.65 0.475231
0.25 0.7 0.480724
0.25 0.75 0.487109
0.25 0.8 0.494523
0.25 0.85 0.503119
0.25 0.9 0.51307
0.25 0.95 0.524562
0.25 1 0.537797
0.25 1.05 0.552982
0.25 1.1 0.570321
0.25 1.15 0.590003
0.25 1.2 0.61217
0.25 1.25 0.636896
0.25 1.3 0.664139
0.25 1.35 0.693706
0.25 1.4 0.725204
0.25 1.45 0.758022
0.25 1.5 0.79133
0.25 1.55 0.824132
0.25 1.6 0.855367
0.25 1.65 0.884041
0.25 1.7 0.909371
0.25 1.75 0.930891
0.25 1.8 0.948485
0.25 1.85 0.962358
0.25 1.9 0.97294
0.25 1.95 0.980782
0.25 2 0.986453
0.25 2.05 0.990478
0.25 2.1 0.993293
0.25 2.15 0.995246
0.25 2.2 0.996595
0.25 2.25 0.997527
0.25 2.3 0.998174
0.25 2.35 0.998626
0.25 2.4 0.998945
0.25 2.45 0.999172
0.25 2.5 0.999337

0.3 -2.5 0.000145024
0.3 -2.45 0.000228983
0.3 -2.4 0.000391855
0.3 -2.35 0.000723683
0.3 -2.3 0.00142437
0.3 -2.25 0.00292563
0.3 -2.2 0.00609923
0.3 -2.15 0.0125113
0.3 -2.1 0.0245082
0.3 -2.05 0.0447354
0.3 -2 0.0748959
0.3 -1.95 0.114372
0.3 -1.9 0.159948
0.3 -1.85 0.207069
0.3 -1.8 0.25161
0.3 -1.75 0.290942
0.3 -1.7 0.324004
0.3 -1.65 0.350855
0.3 -1.6 0.372153
0.3 -1.55 0.388775
0.3 -1.5 0.401608
0.3 -1.45 0.411441
0.3 -1.4 0.418938
0.3 -1.35 0.424634
0.3 -1.3 0.428953
0.3 -1.25 0.432223
0.3 -1.2 0.434699
0.3 -1.15 0.436575
0.3 -1.1 0.437999
0.3 -1.05 0.439083
0.3 -1 0.439913
0.3 -0.95 0.440554
0.3 -0.9 0.441055
0.3 -0.85 0.441455
0.3 -0.8 0.441782
0.3 -0.75 0.442058
0.3 -0.7 0.442302
0.3 -0.65 0.442526
0.3 -0.6 0.442744
0.3 -0.55 0.442964
0.3 -0.5 0.443196
0.3 -0.45 0.443448
0.3 -0.4 0.443728
0.3 -0.35 0.444043
0.3 -0.3 0.444404
0.3 -0.25 0.444818
0.3 -0.2 0.445298
0.3 -0.15 0.445854
0.3 -0.1 0.4465
0.3 -0.05 0.447252
0.3 -5.13478e-16 0.448129
0.3 0.05 0.449151
0.3 0.1 0.450342
0.3 0.15 0.451732
0.3 0.2 0.453352
0.3 0.25 0.455242
0.3 0.3 0.457445
0.3 0.35 0.460014
0.3 0.4 0.463009
0.3 0.45 0.466498
0.3 0.5 0.470561
0.3 0.55 0.475292
0.3 0.6 0.480795
0.3 0.65 0.487192
0.3 0.7 0.494619
0.3 0.75 0.50323
0.3 0.8 0.513199
0.3 0.85 0.524711
0.3 0.9 0.537967
0.3 0.95 0.553177
0.3 1 0.570544
0.3 1.05 0.590254
0.3 1.1 0.612452
0.3 1.15 0.637208
0.3 1.2 0.664481
0.3 1.25 0.694074
0.3 1.3 0.725592
0.3 1.35 0.758421
0.3 1.4 0.791729
0.3 1.45 0.824519
0.3 1.5 0.855729
0.3 1.55 0.884366
0.3 1.6 0.909653
0.3 1.65 0.931125
0.3 1.7 0.948674
0.3 1.75 0.962504
0.3 1.8 0.97305
0.3 1.85 0.980862
0.3 1.9 0.986511
0.3 1.95 0.990518
0.3 2 0.993321
0.3 2.05 0.995265
0.3 2.1 0.996608
0.3 2.15 0.997536
0.3 2.2 0.99818
0.3 2.25 0.99863
0.3 2.3 0.998948
0.3 2.35 0.999175
0.3 2.4 0.999339
0.3 2.45 0.999459
0.3 2.5 0.999549

0.35 -2.5 0.000329086
0.35 -2.45 0.000594163
0.35 -2.4 0.00114879
0.35 -2.35 0.00233501
0.35 -2.3 0.00486135
0.35 -2.25 0.0100556
0.35 -2.2 0.0200394
0.35 -2.15 0.0374659
0.35 -2.1 0.0644932
0.35 -2.05 0.101324
0.35 -2 0.145476
0.35 -1.95 0.19261
0.35 -1.9 0.238309
0.35 -1.85 0.279431
0.35 -1.8 0.314467
0.35 -1.75 0.343187
0.35 -1.7 0.366112
0.35 -1.65 0.384084
0.35 -1.6 0.397998
0.35 -1.55 0.408682
0.35 -1.5 0.416839
0.35 -1.45 0.423043
0.35 -1.4 0.427749
0.35 -1.35 0.431314
0.35 -1.3 0.434013
0.35 -1.25 0.436058
0.35 -1.2 0.437609
0.35 -1.15 0.43879
0.35 -1.1 0.439692
0.35 -1.05 0.440388
0.35 -1 0.440931
0.35 -0.95 0.441362
0.35 -0.9 0.441712
0.35 -0.85 0.442006
0.35 -0.8 0.442263
0.35 -0.75 0.442498
0.35 -0.7 0.442723
0.35 -0.65 0.442949
0.35 -0.6 0.443186
0.35 -0.55 0.443441
0.35 -0.5 0.443724
0.35 -0.45 0.444042
0.35 -0.4 0.444404
0.35 -0.35 0.444821
0.35 -0.3 0.445301
0.35 -0.25 0.445859
0.35 -0.2 0.446507
0.35 -0.15 0.447261
0.35 -0.1 0.44814
0.35 -0.05 0.449163
0.35 -5.13478e-16 0.450357
0.35 0.05 0.451749
0.35 0.1 0.453373
0.35 0.15 0.455266
0.35 0.2 0.457474
0.35 0.25 0.460048
0.35 0.3 0.463047
0.35 0.35 0.466543
0.35 0.4 0.470614
0.35 0.45 0.475353
0.35 0.5 0.480866
0.35 0.55 0.487274
0.35 0.6 0.494715
0.35 0.65 0.503342
0.35 0.7 0.513327
0.35 0.75 0.524859
0.35 0.8 0.538138
0.35 0.85 0.553372
0.35 0.9 0.570766
0.35 0.95 0.590506
0.35 1 0.612734
0.35 1.05 0.637521
0.35 1.1 0.664824
0.35 1.15 0.694442
0.35 1.2 0.72598
0.35 1.25 0.75882
0.35 1.3 0.792128
0.35 1.35 0.824905
0.35 1.4 0.85609
0.35 1.45 0.884691
0.35 1.5 0.909934
0.35 1.55 0.931359
0.35 1.6 0.948861
0.35 1.65 0.962649
0.35 1.7 0.973159
0.35 1.75 0.980942
0.35 1.8 0.986568
0.35 1.85 0.990558
0.35 1.9 0.993349
0.35 1.95 0.995285
0.35 2 0.996622
0.35 2.05 0.997545
0.35 2.1 0.998186
0.35 2.15 0.998635
0.35 2.2 0.998951
0.35 2.25 0.999177
0.35 2.3 0.999341
0.35 2.35 0.99946
0.35 2.4 0.99955
0.35 2.45 0.999617
0.35 2.5 0.999668

0.4 -2.5 0.000931024
0.4 -2.45 0.00186796
0.4 -2.4 0.00387232
0.4 -2.35 0.00805291
0.4 -2.3 0.0162848
0.4 -2.25 0.0311286
0.4 -2.2 0.0550486
0.4 -2.15 0.0889909
0.4 -2.1 0.131288
0.4 -2.05 0.178004
0.4 -2 0.224558
0.4 -1.95 0.267329
0.4 -1.9 0.30432
0.4 -1.85 0.334963
0.4 -1.8 0.359598
0.4 -1.75 0.379005
0.4 -1.7 0.394081
0.4 -1.65 0.405683
0.4 -1.6 0.414554
0.4 -1.55 0.421309
0.4 -1.5 0.426436
0.4 -1.45 0.430322
0.4 -1.4 0.433265
0.4 -1.35 0.435494
0.4 -1.3 0.437184
0.4 -1.25 0.43847
0.4 -1.2 0.439452
0.4 -1.15 0.440207
0.4 -1.1 0.440795
0.4 -1.05 0.44126
0.4 -1 0.441636
0.4 -0.95 0.441949
0.4 -0.9 0.442221
0.4 -0.85 0.442466
0.4 -0.8 0.4427
0.4 -0.75 0.442933
0.4 -0.7 0.443174
0.4 -0.65 0.443434
0.4 -0.6 0.443719
0.4 -0.55 0.44404
0.4 -0.5 0.444404
0.4 -0.45 0.444822
0.4 -0.4 0.445305
0.4 -0.35 0.445864
0.4 -0.3 0.446514
0.4 -0.25 0.44727
0.4 -0.2 0.44815
0.4 -0.15 0.449176
0.4 -0.1 0.450372
0.4 -0.05 0.451767
0.4 -5.13478e-16 0.453394
0.4 0.05 0.455291
0.4 0.1 0.457502
0.4 0.15 0.460081
0.4 0.2 0.463086
0.4 0.25 0.466588
0.4 0.3 0.470667
0.4 0.35 0.475414
0.4 0.4 0.480938
0.4 0.45 0.487357
0.4 0.5 0.494811
0.4 0.55 0.503453
0.4 0.6 0.513456
0.4 0.65 0.525008
0.4 0.7 0.538309
0.4 0.75 0.553568
0.4 0.8 0.570989
0.4 0.85 0.590758
0.4 0.9 0.613017
0.4 0.95 0.637835
0.4 1 0.665166
0.4 1.05 0.694811
0.4 1.1 0.726368
0.4 1.15 0.759219
0.4 1.2 0.792527
0.4 1.25 0.825292
0.4 1.3 0.85645
0.4 1.35 0.885016
0.4 1.4 0.910215
0.4 1.45 0.931593
0.4 1.5 0.949048
0.4 1.55 0.962794
0.4 1.6 0.973267
0.4 1.65 0.981021
0.4 1.7 0.986624
0.4 1.75 0.990598
0.4 1.8 0.993377
0.4 1.85 0.995304
0.4 1.9 0.996635
0.4 1.95 0.997555
0.4 2 0.998193
0.4 2.05 0.998639
0.4 2.1 0.998954
0.4 2.15 0.999179
0.4 2.2 0.999342
0.4 2.25 0.999462
0.4 2.3 0.999551
0.4 2.35 0.999617
0.4 2.4 0.999669
0.4 2.45 0.999708
0.4 2.5 0.999739

0.45 -2.5 0.00308547
0.45 -2.45 0.00643172
0.45 -2.4 0.013162
0.45 -2.35 0.0256698
0.45 -2.3 0.0465821
0.45 -2.25 0.0774734
0.45 -2.2 0.117527
0.45 -2.15 0.163374
0.45 -2.1 0.210432
0.45 -2.05 0.254664
0.45 -2 0.293561
0.45 -1.95 0.326161
0.45 -1.9 0.352584
0.45 -1.85 0.373512
0.45 -1.8 0.389832
0.45 -1.75 0.402423
0.45 -1.7 0.412068
0.45 -1.65 0.419419
0.45 -1.6 0.425005
0.45 -1.55 0.42924
0.45 -1.5 0.432448
0.45 -1.45 0.434878
0.45 -1.4 0.43672
0.45 -1.35 0.43812
0.45 -1.3 0.439189
0.45 -1.25 0.44001
0.45 -1.2 0.440647
0.45 -1.15 0.441149
0.45 -1.1 0.441552
0.45 -1.05 0.441887
0.45 -1 0.442174
0.45 -0.95 0.442432
0.45 -0.9 0.442675
0.45 -0.85 0.442915
0.45 -0.8 0.443162
0.45 -0.75 0.443425
0.45 -0.7 0.443714
0.45 -0.65 0.444037
0.45 -0.6 0.444404
0.45 -0.55 0.444824
0.45 -0.5 0.445308
0.45 -0.45 0.445869
0.45 -0.4 0.446521
0.45 -0.35 0.447278
0.45 -0.3 0.448161
0.45 -0.25 0.449189
0.45 -0.2 0.450387
0.45 -0.15 0.451785
0.45 -0.1 0.453415
0.45 -0.05 0.455315
0.45 -5.13478e-16 0.457531
0.45 0.05 0.460114
0.45 0.1 0.463125
0.45 0.15 0.466633
0.45 0.2 0.47072
0.45 0.25 0.475476
0.45 0.3 0.481009
0.45 0.35 0.48744
0.45 0.4 0.494907
0.45 0.45 0.503565
0.45 0.5 0.513585
0.45 0.55 0.525157
0.45 0.6 0.53848
0.45 0.65 0.553764
0.45 0.7 0.571212
0.45 0.75 0.59101
0.45 0.8 0.6133
0.45 0.85 0.638148
0.45 0.9 0.665509
0.45 0.95 0.695179
0.45 1 0.726757
0.45 1.05 0.759619
0.45 1.1 0.792926
0.45 1.15 0.825678
0.45 1.2 0.856811
0.45 1.25 0.88534
0.45 1.3 0.910495
0.45 1.35 0.931826
0.45 1.4 0.949235
0.45 1.45 0.962938
0.45 1.5 0.973375
0.45 1.55 0.9811
0.45 1.6 0.986681
0.45 1.65 0.990637
0.45 1.7 0.993404
0.45 1.75 0.995323
0.45 1.8 0.996648
0.45 1.85 0.997564
0.45 1.9 0.998199
0.45 1.95 0.998644
0.45 2 0.998957
0.45 2.05 0.999182
0.45 2.1 0.999344
0.45 2.15 0.999463
0.45 2.2 0.999551
0.45 2.25 0.999618
0.45 2.3 0.999669
0.45 2.35 0.999709
0.45 2.4 0.999739
0.45 2.45 0.999764
0.45 2.5 0.999783

0.5 -2.5 0.0105888
0.5 -2.45 0.0210216
0.5 -2.4 0.0390877
0.5 -2.35 0.0668517
0.5 -2.3 0.104329
0.5 -2.25 0.148855
0.5 -2.2 0.196025
0.5 -2.15 0.241478
0.5 -2.1 0.282192
0.5 -2.05 0.316765
0.5 -2 0.345043
0.5 -1.95 0.367579
0.5 -1.9 0.385227
0.5 -1.85 0.398883
0.5 -1.8 0.409363
0.5 -1.75 0.417362
0.5 -1.7 0.423445
0.5 -1.65 0.42806
0.5 -1.6 0.431557
0.5 -1.55 0.434206
0.5 -1.5 0.436214
0.5 -1.45 0.437739
0.5 -1.4 0.438902
0.5 -1.35 0.439794
0.5 -1.3 0.440485
0.5 -1.25 0.441027
0.5 -1.2 0.441461
0.5 -1.15 0.441819
0.5 -1.1 0.442123
0.5 -1.05 0.442394
0.5 -1 0.442647
0.5 -0.95 0.442895
0.5 -0.9 0.443147
0.5 -0.85 0.443415
0.5 -0.8 0.443708
0.5 -0.75 0.444034
0.5 -0.7 0.444403
0.5 -0.65 0.444825
0.5 -0.6 0.445312
0.5 -0.55 0.445874
0.5 -0.5 0.446527
0.5 -0.45 0.447287
0.5 -0.4 0.448171
0.5 -0.35 0.449201
0.5 -0.3 0.450402
0.5 -0.25 0.451803
0.5 -0.2 0.453435
0.5 -0.15 0.455339
0.5 -0.1 0.457559
0.5 -0.05 0.460148
0.5 -5.13478e-16 0.463164
0.5 0.05 0.466679
0.5 0.1 0.470772
0.5 0.15 0.475538
0.5 0.2 0.481081
0.5 0.25 0.487524
0.5 0.3 0.495004
0.5 0.35 0.503677
0.5 0.4 0.513715
0.5 0.45 0.525306
0.5 0.5 0.538652
0.5 0.55 0.55396
0.5 0.6 0.571436
0.5 0.65 0.591263
0.5 0.7 0.613583
0.5 0.75 0.638462
0.5 0.8 0.665853
0.5 0.85 0.695548
0.5 0.9 0.727146
0.5 0.95 0.760018
0.5 1 0.793325
0.5 1.05 0.826063
0.5 1.1 0.857171
0.5 1.15 0.885663
0.5 1.2 0.910775
0.5 1.25 0.932058
0.5 1.3 0.94942
0.5 1.35 0.963082
0.5 1.4 0.973483
0.5 1.45 0.981178
0.5 1.5 0.986737
0.5 1.55 0.990677
0.5 1.6 0.993432
0.5 1.65 0.995342
0.5 1.7 0.996661
0.5 1.75 0.997573
0.5 1.8 0.998206
0.5 1.85 0.998648
0.5 1.9 0.998961
0.5 1.95 0.999184
0.5 2 0.999346
0.5 2.05 0.999464
0.5 2.1 0.999552
0.5 2.15 0.999619
0.5 2.2 0.99967
0.5 2.25 0.999709
0.5 2.3 0.99974
0.5 2.35 0.999764
0.5 2.4 0.999783
0.5 2.45 0.999799
0.5 2.5 0.999812

0.55 -2.5 0.0325357
0.55 -2.45 0.0571792
0.55 -2.4 0.0918179
0.55 -2.35 0.134588
0.55 -2.3 0.181442
0.55 -2.25 0.227826
0.55 -2.2 0.270227
0.55 -2.15 0.306763
0.55 -2.1 0.336951
0.55 -2.05 0.361179
0.55 -2 0.380242
0.55 -1.95 0.395039
0.55 -1.9 0.406422
0.55 -1.85 0.415122
0.55 -1.8 0.421745
0.55 -1.75 0.426773
0.55 -1.7 0.430585
0.55 -1.65 0.433472
0.55 -1.6 0.435661
0.55 -1.55 0.437323
0.55 -1.5 0.438589
0.55 -1.45 0.439558
0.55 -1.4 0.440308
0.55 -1.35 0.440894
0.55 -1.3 0.441362
0.55 -1.25 0.441744
0.55 -1.2 0.442068
0.55 -1.15 0.442353
0.55 -1.1 0.442617
0.55 -1.05 0.442873
0.55 -1 0.443132
0.55 -0.95 0.443405
0.55 -0.9 0.443701
0.55 -0.85 0.44403
0.55 -0.8 0.444402
0.55 -0.75 0.444826
0.55 -0.7 0.445314
0.55 -0.65 0.445879
0.55 -0.6 0.446534
0.55 -0.55 0.447295
0.55 -0.5 0.448181
0.55 -0.45 0.449214
0.55 -0.4 0.450417
0.55 -0.35 0.45182
0.55 -0.3 0.453456
0.55 -0.25 0.455364
0.55 -0.2 0.457588
0.55 -0.15 0.460181
0.55 -0.1 0.463203
0.55 -0.05 0.466724
0.55 -5.13478e-16 0.470825
0.55 0.05 0.475599
0.55 0.1 0.481153
0.55 0.15 0.487607
0.55 0.2 0.495101
0.55 0.25 0.503789
0.55 0.3 0.513845
0.55 0.35 0.525456
0.55 0.4 0.538824
0.55 0.45 0.554157
0.55 0.5 0.57166
0.55 0.55 0.591516
0.55 0.6 0.613867
0.55 0.65 0.638777
0.55 0.7 0.666196
0.55 0.75 0.695918
0.55 0.8 0.727535
0.55 0.85 0.760418
0.55 0.9 0.793724
0.55 0.95 0.826449
0.55 1 0.857531
0.55 1.05 0.885986
0.55 1.1 0.911053
0.55 1.15 0.93229
0.55 1.2 0.949606
0.55 1.25 0.963225
0.55 1.3 0.97359
0.55 1.35 0.981257
0.55 1.4 0.986793
0.55 1.45 0.990716
0.55 1.5 0.993459
0.55 1.55 0.995361
0.55 1.6 0.996674
0.55 1.65 0.997582
0.55 1.7 0.998212
0.55 1.75 0.998652
0.55 1.8 0.998964
0.55 1.85 0.999186
0.55 1.9 0.999347
0.55 1.95 0.999465
0.55 2 0.999553
0.55 2.05 0.99962
0.55 2.1 0.99967
0.55 2.15 0.999709
0.55 2.2 0.99974
0.55 2.25 0.999764
0.55 2.3 0.999784
0.55 2.35 0.999799
0.55 2.4 0.999812
0.55 2.45 0.999822
0.55 2.5 0.999831

0.6 -2.5 0.0801007
0.6 -2.45 0.120714
0.6 -2.4 0.166806
0.6 -2.35 0.213781
0.6 -2.3 0.257691
0.6 -2.25 0.296147
0.6 -2.2 0.328287
0.6 -2.15 0.354284
0.6 -2.1 0.374849
0.6 -2.05 0.390871
0.6 -2 0.403225
0.6 -1.95 0.412684
0.6 -1.9 0.419894
0.6 -1.85 0.425371
0.6 -1.8 0.429525
0.6 -1.75 0.432672
0.6 -1.7 0.435058
0.6 -1.65 0.436868
0.6 -1.6 0.438247
0.6 -1.55 0.439301
0.6 -1.5 0.440114
0.6 -1.45 0.440749
0.6 -1.4 0.441253
0.6 -1.35 0.441662
0.6 -1.3 0.442007
0.6 -1.25 0.442308
0.6 -1.2 0.442584
0.6 -1.15 0.442848
0.6 -1.1 0.443114
0.6 -1.05 0.443392
0.6 -1 0.443693
0.6 -0.95 0.444025
0.6 -0.9 0.4444
0.6 -0.85 0.444827
0.6 -0.8 0.445317
0.6 -0.75 0.445884
0.6 -0.7 0.44654
0.6 -0.65 0.447304
0.6 -0.6 0.448192
0.6 -0.55 0.449226
0.6 -0.5 0.450432
0.6 -0.45 0.451838
0.6 -0.4 0.453477
0.6 -0.35 0.455388
0.6 -0.3 0.457617
0.6 -0.25 0.460214
0.6 -0.2 0.463242
0.6 -0.15 0.46677
0.6 -0.1 0.470879
0.6 -0.05 0.475661
0.6 -5.13478e-16 0.481224
0.6 0.05 0.487691
0.6 0.1 0.495198
0.6 0.15 0.503901
0.6 0.2 0.513974
0.6 0.25 0.525605
0.6 0.3 0.538996
0.6 0.35 0.554354
0.6 0.4 0.571884
0.6 0.45 0.59177
0.6 0.5 0.614151
0.6 0.55 0.639092
0.6 0.6 0.666541
0.6 0.65 0.696287
0.6 0.7 0.727924
0.6 0.75 0.760817
0.6 0.8 0.794123
0.6 0.85 0.826834
0.6 0.9 0.85789
0.6 0.95 0.886309
0.6 1 0.911332
0.6 1.05 0.932521
0.6 1.1 0.949791
0.6 1.15 0.963368
0.6 1.2 0.973697
0.6 1.25 0.981335
0.6 1.3 0.986849
0.6 1.35 0.990755
0.6 1.4 0.993486
0.6 1.45 0.99538
0.6 1.5 0.996687
0.6 1.55 0.997591
0.6 1.6 0.998218
0.6 1.65 0.998657
0.6 1.7 0.998967
0.6 1.75 0.999188
0.6 1.8 0.999349
0.6 1.85 0.999467
0.6 1.9 0.999554
0.6 1.95 0.99962
0.6 2 0.999671
0.6 2.05 0.99971
0.6 2.1 0.99974
0.6 2.15 0.999765
0.6 2.2 0.999784
0.6 2.25 0.999799
0.6 2.3 0.999812
0.6 2.35 0.999822
0.6 2.4 0.999831
0.6 2.45 0.999838
0.6 2.5 0.999844

0.65 -2.5 0.152249
0.65 -2.45 0.19943
0.65 -2.4 0.244622
0.65 -2.35 0.28492
0.65 -2.3 0.319032
0.65 -2.25 0.346869
0.65 -2.2 0.369022
0.65 -2.15 0.386352
0.65 -2.1 0.399752
0.65 -2.05 0.410032
0.65 -2 0.417877
0.65 -1.95 0.423842
0.65 -1.9 0.428369
0.65 -1.85 0.431799
0.65 -1.8 0.434399
0.65 -1.75 0.436372
0.65 -1.7 0.437873
0.65 -1.65 0.43902
0.65 -1.6 0.439903
0.65 -1.55 0.44059
0.65 -1.5 0.441134
0.65 -1.45 0.441573
0.65 -1.4 0.44194
0.65 -1.35 0.442258
0.65 -1.3 0.442547
0.65 -1.25 0.442821
0.65 -1.2 0.443095
0.65 -1.15 0.443379
0.65 -1.1 0.443684
0.65 -1.05 0.44402
0.65 -1 0.444398
0.65 -0.95 0.444827
0.65 -0.9 0.445319
0.65 -0.85 0.445888
0.65 -0.8 0.446547
0.65 -0.75 0.447312
0.65 -0.7 0.448202
0.65 -0.65 0.449239
0.65 -0.6 0.450447
0.65 -0.55 0.451856
0.65 -0.5 0.453498
0.65 -0.45 0.455413
0.65 -0.4 0.457645
0.65 -0.35 0.460248
0.65 -0.3 0.463281
0.65 -0.25 0.466816
0.65 -0.2 0.470932
0.65 -0.15 0.475723
0.65 -0.1 0.481296
0.65 -0.05 0.487774
0.65 -5.13478e-16 0.495295
0.65 0.05 0.504014
0.65 0.1 0.514104
0.65 0.15 0.525755
0.65 0.2 0.539168
0.65 0.25 0.554551
0.65 0.3 0.572109
0.65 0.35 0.592024
0.65 0.4 0.614435
0.65 0.45 0.639407
0.65 0.5 0.666885
0.65 0.55 0.696657
0.65 0.6 0.728313
0.65 0.65 0.761217
0.65 0.7 0.794521
0.65 0.75 0.827219
0.65 0.8 0.858249
0.65 0.85 0.886631
0.65 0.9 0.91161
0.65 0.95 0.932751
0.65 1 0.949975
0.65 1.05 0.96351
0.65 1.1 0.973804
0.65 1.15 0.981413
0.65 1.2 0.986904
0.65 1.25 0.990794
0.65 1.3 0.993514
0.65 1.35 0.995398
0.65 1.4 0.9967
0.65 1.45 0.9976
0.65 1.5 0.998224
0.65 1.55 0.998661
0.65 1.6 0.99897
0.65 1.65 0.999191
0.65 1.7 0.99935
0.65 1.75 0.999468
0.65 1.8 0.999555
0.65 1.85 0.999621
0.65 1.9 0.999671
0.65 1.95 0.99971
0.65 2 0.999741
0.65 2.05 0.999765
0.65 2.1 0.999784
0.65 2.15 0.9998
0.65 2.2 0.999812
0.65 2.25 0.999822
0.65 2.3 0.999831
0.65 2.35 0.999838
0.65 2.4 0.999844
0.65 2.45 0.999849
0.65 2.5 0.999853

0.7 -2.5 0.231073
0.7 -2.45 0.273093
0.7 -2.4 0.309172
0.7 -2.35 0.338908
0.7 -2.3 0.362734
0.7 -2.25 0.381458
0.7 -2.2 0.395982
0.7 -2.15 0.407148
0.7 -2.1 0.415682
0.7 -2.05 0.422177
0.7 -2 0.427108
0.7 -1.95 0.430847
0.7 -1.9 0.433681
0.7 -1.85 0.435831
0.7 -1.8 0.437465
0.7 -1.75 0.438713
0.7 -1.7 0.439672
0.7 -1.65 0.440417
0.7 -1.6 0.441004
0.7 -1.55 0.441476
0.7 -1.5 0.441867
0.7 -1.45 0.442204
0.7 -1.4 0.442507
0.7 -1.35 0.442792
0.7 -1.3 0.443074
0.7 -1.25 0.443364
0.7 -1.2 0.443674
0.7 -1.15 0.444014
0.7 -1.1 0.444394
0.7 -1.05 0.444826
0.7 -1 0.445321
0.7 -0.95 0.445892
0.7 -0.9 0.446553
0.7 -0.85 0.44732
0.7 -0.8 0.448212
0.7 -0.75 0.449251
0.7 -0.7 0.450462
0.7 -0.65 0.451873
0.7 -0.6 0.453519
0.7 -0.55 0.455437
0.7 -0.5 0.457674
0.7 -0.45 0.460282
0.7 -0.4 0.463321
0.7 -0.35 0.466861
0.7 -0.3 0.470985
0.7 -0.25 0.475785
0.7 -0.2 0.481369
0.7 -0.15 0.487858
0.7 -0.1 0.495392
0.7 -0.05 0.504127
0.7 -5.13478e-16 0.514235
0.7 0.05 0.525906
0.7 0.1 0.539341
0.7 0.15 0.554749
0.7 0.2 0.572334
0.7 0.25 0.592278
0.7 0.3 0.61472
0.7 0.35 0.639722
0.7 0.4 0.66723
0.7 0.45 0.697028
0.7 0.5 0.728702
0.7 0.55 0.761616
0.7 0.6 0.79492
0.7 0.65 0.827604
0.7 0.7 0.858607
0.7 0.75 0.886952
0.7 0.8 0.911887
0.7 0.85 0.932981
0.7 0.9 0.950159
0.7 0.95 0.963652
0.7 1 0.97391
0.7 1.05 0.98149
0.7 1.1 0.986959
0.7 1.15 0.990833
0.7 1.2 0.993541
0.7 1.25 0.995417
0.7 1.3 0.996713
0.7 1.35 0.997609
0.7 1.4 0.998231
0.7 1.45 0.998666
0.7 1.5 0.998973
0.7 1.55 0.999193
0.7 1.6 0.999352
0.7 1.65 0.999469
0.7 1.7 0.999556
0.7 1.75 0.999622
0.7 1.8 0.999672
0.7 1.85 0.999711
0.7 1.9 0.999741
0.7 1.95 0.999765
0.7 2 0.999784
0.7 2.05 0.9998
0.7 2.1 0.999812
0.7 2.15 0.999823
0.7 2.2 0.999831
0.7 2.25 0.999838
0.7 2.3 0.999844
0.7 2.35 0.999849
0.7 2.4 0.999853
0.7 2.45 0.999856
0.7 2.5 0.999859

0.75 -2.5 0.2987
0.75 -2.45 0.33038
0.75 -2.4 0.355957
0.75 -2.35 0.376163
0.75 -2.3 0.391892
0.75 -2.25 0.404013
0.75 -2.2 0.413292
0.75 -2.15 0.420362
0.75 -2.1 0.425734
0.75 -2.05 0.429808
0.75 -2 0.432897
0.75 -1.95 0.43524
0.75 -1.9 0.43702
0.75 -1.85 0.438378
0.75 -1.8 0.43942
0.75 -1.75 0.440228
0.75 -1.7 0.440861
0.75 -1.65 0.441369
0.75 -1.6 0.441788
0.75 -1.55 0.442145
0.75 -1.5 0.442463
0.75 -1.45 0.44276
0.75 -1.4 0.44305
0.75 -1.35 0.443347
0.75 -1.3 0.443663
0.75 -1.25 0.444007
0.75 -1.2 0.444391
0.75 -1.15 0.444825
0.75 -1.1 0.445323
0.75 -1.05 0.445896
0.75 -1 0.446558
0.75 -0.95 0.447328
0.75 -0.9 0.448222
0.75 -0.85 0.449263
0.75 -0.8 0.450477
0.75 -0.75 0.451891
0.75 -0.7 0.45354
0.75 -0.65 0.455462
0.75 -0.6 0.457703
0.75 -0.55 0.460315
0.75 -0.5 0.46336
0.75 -0.45 0.466907
0.75 -0.4 0.471038
0.75 -0.35 0.475847
0.75 -0.3 0.481441
0.75 -0.25 0.487942
0.75 -0.2 0.49549
0.75 -0.15 0.50424
0.75 -0.1 0.514365
0.75 -0.05 0.526056
0.75 -5.13478e-16 0.539514
0.75 0.05 0.554947
0.75 0.1 0.572559
0.75 0.15 0.592532
0.75 0.2 0.615005
0.75 0.25 0.640038
0.75 0.3 0.667575
0.75 0.35 0.697398
0.75 0.4 0.729092
0.75 0.45 0.762016
0.75 0.5 0.795318
0.75 0.55 0.827989
0.75 0.6 0.858965
0.75 0.65 0.887273
0.75 0.7 0.912164
0.75 0.75 0.933211
0.75 0.8 0.950342
0.75 0.85 0.963793
0.75 0.9 0.974016
0.75 0.95 0.981567
0.75 1 0.987014
0.75 1.05 0.990872
0.75 1.1 0.993568
0.75 1.15 0.995436
0.75 1.2 0.996726
0.75 1.25 0.997618
0.75 1.3 0.998237
0.75 1.35 0.99867
0.75 1.4 0.998976
0.75 1.45 0.999195
0.75 1.5 0.999354
0.75 1.55 0.99947
0.75 1.6 0.999557
0.75 1.65 0.999622
0.75 1.7 0.999672
0.75 1.75 0.999711
0.75 1.8 0.999741
0.75 1.85 0.999765
0.75 1.9 0.999784
0.75 1.95 0.9998
0.75 2 0.999812
0.75 2.05 0.999823
0.75 2.1 0.999831
0.75 2.15 0.999838
0.75 2.2 0.999844
0.75 2.25 0.999849
0.75 2.3 0.999853
0.75 2.35 0.999856
0.75 2.4 0.999859
0.75 2.45 0.999861
0.75 2.5 0.999863

0.8 -2.5 0.348666
0.8 -2.45 0.37044
0.8 -2.4 0.387457
0.8 -2.35 0.400607
0.8 -2.3 0.410691
0.8 -2.25 0.418385
0.8 -2.2 0.424235
0.8 -2.15 0.428675
0.8 -2.1 0.432041
0.8 -2.05 0.434595
0.8 -2 0.436534
0.8 -1.95 0.438012
0.8 -1.9 0.439145
0.8 -1.85 0.440021
0.8 -1.8 0.440706
0.8 -1.75 0.441253
0.8 -1.7 0.441701
0.8 -1.65 0.44208
0.8 -1.6 0.442415
0.8 -1.55 0.442724
0.8 -1.5 0.443024
0.8 -1.45 0.443329
0.8 -1.4 0.44365
0.8 -1.35 0.443999
0.8 -1.3 0.444386
0.8 -1.25 0.444824
0.8 -1.2 0.445324
0.8 -1.15 0.445899
0.8 -1.1 0.446564
0.8 -1.05 0.447335
0.8 -1 0.448232
0.8 -0.95 0.449276
0.8 -0.9 0.450492
0.8 -0.85 0.451909
0.8 -0.8 0.45356
0.8 -0.75 0.455486
0.8 -0.7 0.457732
0.8 -0.65 0.460349
0.8 -0.6 0.463399
0.8 -0.55 0.466953
0.8 -0.5 0.471092
0.8 -0.45 0.475909
0.8 -0.4 0.481513
0.8 -0.35 0.488026
0.8 -0.3 0.495587
0.8 -0.25 0.504353
0.8 -0.2 0.514496
0.8 -0.15 0.526207
0.8 -0.1 0.539687
0.8 -0.05 0.555145
0.8 -5.13478e-16 0.572785
0.8 0.05 0.592787
0.8 0.1 0.615291
0.8 0.15 0.640354
0.8 0.2 0.66792
0.8 0.25 0.697769
0.8 0.3 0.729482
0.8 0.35 0.762416
0.8 0.4 0.795717
0.8 0.45 0.828373
0.8 0.5 0.859323
0.8 0.55 0.887594
0.8 0.6 0.91244
0.8 0.65 0.93344
0.8 0.7 0.950525
0.8 0.75 0.963934
0.8 0.8 0.974121
0.8 0.85 0.981644
0.8 0.9 0.987069
0.8 0.95 0.99091
0.8 1 0.993594
0.8 1.05 0.995454
0.8 1.1 0.996739
0.8 1.15 0.997626
0.8 1.2 0.998243
0.8 1.25 0.998674
0.8 1.3 0.998979
0.8 1.35 0.999197
0.8 1.4 0.999355
0.8 1.45 0.999471
0.8 1.5 0.999558
0.8 1.55 0.999623
0.8 1.6 0.999673
0.8 1.65 0.999711
0.8 1.7 0.999742
0.8 1.75 0.999766
0.8 1.8 0.999785
0.8 1.85 0.9998
0.8 1.9 0.999813
0.8 1.95 0.999823
0.8 2 0.999831
0.8 2.05 0.999838
0.8 2.1 0.999844
0.8 2.15 0.999849
0.8 2.2 0.999853
0.8 2.25 0.999856
0.8 2.3 0.999859
0.8 2.35 0.999861
0.8 2.4 0.999863
0.8 2.45 0.999865
0.8 2.5 0.999867

0.85 -2.5 0.382654
0.85 -2.45 0.396909
0.85 -2.4 0.407863
0.85 -2.35 0.416233
0.85 -2.3 0.422603
0.85 -2.25 0.42744
0.85 -2.2 0.431108
0.85 -2.15 0.433891
0.85 -2.1 0.436004
0.85 -2.05 0.437613
0.85 -2 0.438845
0.85 -1.95 0.439795
0.85 -1.9 0.440537
0.85 -1.85 0.441126
0.85 -1.8 0.441606
0.85 -1.75 0.442009
0.85 -1.7 0.442362
0.85 -1.65 0.442685
0.85 -1.6 0.442996
0.85 -1.55 0.443309
0.85 -1.5 0.443636
0.85 -1.45 0.44399
0.85 -1.4 0.444381
0.85 -1.35 0.444822
0.85 -1.3 0.445324
0.85 -1.25 0.445902
0.85 -1.2 0.446569
0.85 -1.15 0.447343
0.85 -1.1 0.448242
0.85 -1.05 0.449288
0.85 -1 0.450506
0.85 -0.95 0.451926
0.85 -0.9 0.453581
0.85 -0.85 0.455511
0.85 -0.8 0.45776
0.85 -0.75 0.460383
0.85 -0.7 0.463438
0.85 -0.65 0.466999
0.85 -0.6 0.471145
0.85 -0.55 0.475972
0.85 -0.5 0.481586
0.85 -0.45 0.48811
0.85 -0.4 0.495685
0.85 -0.35 0.504466
0.85 -0.3 0.514627
0.85 -0.25 0.526358
0.85 -0.2 0.539861
0.85 -0.15 0.555344
0.85 -0.1 0.57301
0.85 -0.05 0.593043
0.85 -5.13478e-16 0.615577
0.85 0.05 0.640671
0.85 0.1 0.668266
0.85 0.15 0.69814
0.85 0.2 0.729872
0.85 0.25 0.762816
0.85 0.3 0.796115
0.85 0.35 0.828757
0.85 0.4 0.85968
0.85 0.45 0.887914
0.85 0.5 0.912716
0.85 0.55 0.933668
0.85 0.6 0.950707
0.85 0.65 0.964075
0.85 0.7 0.974227
0.85 0.75 0.981721
0.85 0.8 0.987124
0.85 0.85 0.990949
0.85 0.9 0.993621
0.85 0.95 0.995473
0.85 1 0.996751
0.85 1.05 0.997635
0.85 1.1 0.998249
0.85 1.15 0.998679
0.85 1.2 0.998982
0.85 1.25 0.9992
0.85 1.3 0.999357
0.85 1.35 0.999473
0.85 1.4 0.999559
0.85 1.45 0.999624
0.85 1.5 0.999673
0.85 1.55 0.999712
0.85 1.6 0.999742
0.85 1.65 0.999766
0.85 1.7 0.999785
0.85 1.75 0.9998
0.85 1.8 0.999813
0.85 1.85 0.999823
0.85 1.9 0.999831
0.85 1.95 0.999838
0.85 2 0.999844
0.85 2.05 0.999849
0.85 2.1 0.999853
0.85 2.15 0.999856
0.85 2.2 0.999859
0.85 2.25 0.999861
0.85 2.3 0.999863
0.85 2.35 0.999865
0.85 2.4 0.999867
0.85 2.45 0.999868
0.85 2.5 0.999869

0.9 -2.5 0.404789
0.9 -2.45 0.41389
0.9 -2.4 0.420824
0.9 -2.35 0.426093
0.9 -2.3 0.430091
0.9 -2.25 0.433123
0.9 -2.2 0.435425
0.9 -2.15 0.437177
0.9 -2.1 0.438517
0.9 -2.05 0.439548
0.9 -2 0.440351
0.9 -1.95 0.440987
0.9 -1.9 0.441501
0.9 -1.85 0.441931
0.9 -1.8 0.442304
0.9 -1.75 0.442642
0.9 -1.7 0.442965
0.9 -1.65 0.443286
0.9 -1.6 0.44362
0.9 -1.55 0.443979
0.9 -1.5 0.444375
0.9 -1.45 0.444819
0.9 -1.4 0.445325
0.9 -1.35 0.445905
0.9 -1.3 0.446574
0.9 -1.25 0.44735
0.9 -1.2 0.448251
0.9 -1.15 0.4493
0.9 -1.1 0.450521
0.9 -1.05 0.451944
0.9 -1 0.453602
0.9 -0.95 0.455535
0.9 -0.9 0.457789
0.9 -0.85 0.460416
0.9 -0.8 0.463478
0.9 -0.75 0.467045
0.9 -0.7 0.471199
0.9 -0.65 0.476034
0.9 -0.6 0.481658
0.9 -0.55 0.488195
0.9 -0.5 0.495783
0.9 -0.45 0.504579
0.9 -0.4 0.514758
0.9 -0.35 0.526509
0.9 -0.3 0.540035
0.9 -0.25 0.555543
0.9 -0.2 0.573237
0.9 -0.15 0.593298
0.9 -0.1 0.615863
0.9 -0.05 0.640988
0.9 -5.13478e-16 0.668612
0.9 0.05 0.698511
0.9 0.1 0.730262
0.9 0.15 0.763216
0.9 0.2 0.796513
0.9 0.25 0.829141
0.9 0.3 0.860037
0.9 0.35 0.888234
0.9 0.4 0.912991
0.9 0.45 0.933896
0.9 0.5 0.950889
0.9 0.55 0.964215
0.9 0.6 0.974331
0.9 0.65 0.981797
0.9 0.7 0.987178
0.9 0.75 0.990987
0.9 0.8 0.993648
0.9 0.85 0.995491
0.9 0.9 0.996764
0.9 0.95 0.997644
0.9 1 0.998255
0.9 1.05 0.998683
0.9 1.1 0.998985
0.9 1.15 0.999202
0.9 1.2 0.999359
0.9 1.25 0.999474
0.9 1.3 0.99956
0.9 1.35 0.999624
0.9 1.4 0.999674
0.9 1.45 0.999712
0.9 1.5 0.999742
0.9 1.55 0.999766
0.9 1.6 0.999785
0.9 1.65 0.9998
0.9 1.7 0.999813
0.9 1.75 0.999823
0.9 1.8 0.999831
0.9 1.85 0.999838
0.9 1.9 0.999844
0.9 1.95 0.999849
0.9 2 0.999853
0.9 2.05 0.999856
0.9 2.1 0.999859
0.9 2.15 0.999861
0.9 2.2 0.999863
0.9 2.25 0.999865
0.9 2.3 0.999867
0.9 2.35 0.999868
0.9 2.4 0.999869
0.9 2.45 0.99987
0.9 2.5 0.999871

0.95 -2.5 0.418887
0.95 -2.45 0.424625
0.95 -2.4 0.428981
0.95 -2.35 0.432285
0.95 -2.3 0.434793
0.95 -2.25 0.436701
0.95 -2.2 0.438158
0.95 -2.15 0.439279
0.95 -2.1 0.440149
0.95 -2.05 0.440835
0.95 -2 0.441388
0.95 -1.95 0.441846
0.95 -1.9 0.442241
0.95 -1.85 0.442596
0.95 -1.8 0.44293
0.95 -1.75 0.443261
0.95 -1.7 0.443603
0.95 -1.65 0.443967
0.95 -1.6 0.444368
0.95 -1.55 0.444816
0.95 -1.5 0.445324
0.95 -1.45 0.445907
0.95 -1.4 0.446579
0.95 -1.35 0.447357
0.95 -1.3 0.448261
0.95 -1.25 0.449312
0.95 -1.2 0.450535
0.95 -1.15 0.451961
0.95 -1.1 0.453623
0.95 -1.05 0.45556
0.95 -1 0.457818
0.95 -0.95 0.46045
0.95 -0.9 0.463517
0.95 -0.85 0.467091
0.95 -0.8 0.471253
0.95 -0.75 0.476097
0.95 -0.7 0.481731
0.95 -0.65 0.488279
0.95 -0.6 0.495881
0.95 -0.55 0.504693
0.95 -0.5 0.51489
0.95 -0.45 0.526661
0.95 -0.4 0.540209
0.95 -0.35 0.555742
0.95 -0.3 0.573463
0.95 -0.25 0.593554
0.95 -0.2 0.61615
0.95 -0.15 0.641305
0.95 -0.1 0.668958
0.95 -0.05 0.698883
0.95 -5.13478e-16 0.730652
0.95 0.05 0.763616
0.95 0.1 0.796911
0.95 0.15 0.829524
0.95 0.2 0.860394
0.95 0.25 0.888553
0.95 0.3 0.913265
0.95 0.35 0.934123
0.95 0.4 0.95107
0.95 0.45 0.964354
0.95 0.5 0.974435
0.95 0.55 0.981873
0.95 0.6 0.987232
0.95 0.65 0.991025
0.95 0.7 0.993674
0.95 0.75 0.995509
0.95 0.8 0.996777
0.95 0.85 0.997653
0.95 0.9 0.998261
0.95 0.95 0.998687
0.95 1 0.998988
0.95 1.05 0.999204
0.95 1.1 0.99936
0.95 1.15 0.999475
0.95 1.2 0.99956
0.95 1.25 0.999625
0.95 1.3 0.999674
0.95 1.35 0.999713
0.95 1.4 0.999743
0.95 1.45 0.999766
0.95 1.5 0.999785
0.95 1.55 0.999801
0.95 1.6 0.999813
0.95 1.65 0.999823
0.95 1.7 0.999831
0.95 1.75 0.999838
0.95 1.8 0.999844
0.95 1.85 0.999849
0.95 1.9 0.999853
0.95 1.95 0.999856
0.95 2 0.999859
0.95 2.05 0.999861
0.95 2.1 0.999863
0.95 2.15 0.999865
0.95 2.2 0.999867
0.95 2.25 0.999868
0.95 2.3 0.999869
0.95 2.35 0.99987
0.95 2.4 0.999871
0.95 2.45 0.999871
0.95 2.5 0.999872

1 -2.5 0.42777
1 -2.45 0.431371
1 -2.4 0.434104
1 -2.35 0.436182
1 -2.3 0.437767
1 -2.25 0.438985
1 -2.2 0.439928
1 -2.15 0.440669
1 -2.1 0.441263
1 -2.05 0.441753
1 -2 0.442171
1 -1.95 0.442544
1 -1.9 0.442893
1 -1.85 0.443234
1 -1.8 0.443583
1 -1.75 0.443954
1 -1.7 0.444359
1 -1.65 0.444811
1 -1.6 0.445323
1 -1.55 0.445909
1 -1.5 0.446583
1 -1.45 0.447364
1 -1.4 0.44827
1 -1.35 0.449324
1 -1.3 0.45055
1 -1.25 0.451979
1 -1.2 0.453644
1 -1.15 0.455584
1 -1.1 0.457847
1 -1.05 0.460484
1 -1 0.463557
1 -0.95 0.467137
1 -0.9 0.471306
1 -0.85 0.476159
1 -0.8 0.481804
1 -0.75 0.488364
1 -0.7 0.495979
1 -0.65 0.504807
1 -0.6 0.515021
1 -0.55 0.526813
1 -0.5 0.540383
1 -0.45 0.555941
1 -0.4 0.57369
1 -0.35 0.593811
1 -0.3 0.616437
1 -0.25 0.641623
1 -0.2 0.669305
1 -0.15 0.699254
1 -0.1 0.731042
1 -0.05 0.764016
1 -5.13478e-16 0.797309
1 0.05 0.829908
1 0.1 0.86075
1 0.15 0.888871
1 0.2 0.913539
1 0.25 0.93435
1 0.3 0.95125
1 0.35 0.964493
1 0.4 0.974539
1 0.45 0.981948
1 0.5 0.987286
1 0.55 0.991063
1 0.6 0.9937
1 0.65 0.995527
1 0.7 0.996789
1 0.75 0.997661
1 0.8 0.998267
1 0.85 0.998691
1 0.9 0.998991
1 0.95 0.999206
1 1 0.999362
1 1.05 0.999476
1 1.1 0.999561
1 1.15 0.999626
1 1.2 0.999675
1 1.25 0.999713
1 1.3 0.999743
1 1.35 0.999767
1 1.4 0.999785
1 1.45 0.999801
1 1.5 0.999813
1 1.55 0.999823
1 1.6 0.999831
1 1.65 0.999838
1 1.7 0.999844
1 1.75 0.999849
1 1.8 0.999853
1 1.85 0.999856
1 1.9 0.999859
1 1.95 0.999861
1 2 0.999863
1 2.05 0.999865
1 2.1 0.999867
1 2.15 0.999868
1 2.2 0.999869
1 2.25 0.99987
1 2.3 0.999871
1 2.35 0.999871
1 2.4 0.999872
1 2.45 0.999872
1 2.5 0.999873

1.05 -2.5 0.433351
1.05 -2.45 0.435615
1.05 -2.4 0.43734
1.05 -2.35 0.438663
1.05 -2.3 0.439686
1.05 -2.25 0.440488
1.05 -2.2 0.441127
1.05 -2.15 0.441651
1.05 -2.1 0.442095
1.05 -2.05 0.442488
1.05 -2 0.442851
1.05 -1.95 0.443204
1.05 -1.9 0.443562
1.05 -1.85 0.443939
1.05 -1.8 0.44435
1.05 -1.75 0.444806
1.05 -1.7 0.445322
1.05 -1.65 0.44591
1.05 -1.6 0.446588
1.05 -1.55 0.447371
1.05 -1.5 0.448279
1.05 -1.45 0.449335
1.05 -1.4 0.450564
1.05 -1.35 0.451996
1.05 -1.3 0.453664
1.05 -1.25 0.455609
1.05 -1.2 0.457876
1.05 -1.15 0.460518
1.05 -1.1 0.463596
1.05 -1.05 0.467183
1.05 -1 0.47136
1.05 -0.95 0.476222
1.05 -0.9 0.481877
1.05 -0.85 0.488449
1.05 -0.8 0.496078
1.05 -0.75 0.504921
1.05 -0.7 0.515153
1.05 -0.65 0.526965
1.05 -0.6 0.540558
1.05 -0.55 0.556141
1.05 -0.5 0.573918
1.05 -0.45 0.594068
1.05 -0.4 0.616724
1.05 -0.35 0.641941
1.05 -0.3 0.669652
1.05 -0.25 0.699627
1.05 -0.2 0.731433
1.05 -0.15 0.764416
1.05 -0.1 0.797707
1.05 -0.05 0.830291
1.05 -5.13478e-16 0.861106
1.05 0.05 0.889189
1.05 0.1 0.913812
1.05 0.15 0.934576
1.05 0.2 0.95143
1.05 0.25 0.964632
1.05 0.3 0.974643
1.05 0.35 0.982024
1.05 0.4 0.98734
1.05 0.45 0.991101
1.05 0.5 0.993726
1.05 0.55 0.995545
1.05 0.6 0.996802
1.05 0.65 0.99767
1.05 0.7 0.998273
1.05 0.75 0.998696
1.05 0.8 0.998994
1.05 0.85 0.999208
1.05 0.9 0.999363
1.05 0.95 0.999477
1.05 1 0.999562
1.05 1.05 0.999626
1.05 1.1 0.999675
1.05 1.15 0.999713
1.05 1.2 0.999743
1.05 1.25 0.999767
1.05 1.3 0.999786
1.05 1.35 0.999801
1.05 1.4 0.999813
1.05 1.45 0.999823
1.05 1.5 0.999832
1.05 1.55 0.999838
1.05 1.6 0.999844
1.05 1.65 0.999849
1.05 1.7 0.999853
1.05 1.75 0.999856
1.05 1.8 0.999859
1.05 1.85 0.999861
1.05 1.9 0.999863
1.05 1.95 0.999865
1.05 2 0.999867
1.05 2.05 0.999868
1.05 2.1 0.999869
1.05 2.15 0.99987
1.05 2.2 0.999871
1.05 2.25 0.999871
1.05 2.3 0.999872
1.05 2.35 0.999872
1.05 2.4 0.999873
1.05 2.45 0.999873
1.05 2.5 0.999873

1.1 -2.5 0.436874
1.1 -2.45 0.438313
1.1 -2.4 0.439423
1.1 -2.35 0.44029
1.1 -2.3 0.440979
1.1 -2.25 0.44154
1.1 -2.2 0.442012
1.1 -2.15 0.442426
1.1 -2.1 0.442806
1.1 -2.05 0.443171
1.1 -2 0.443538
1.1 -1.95 0.443923
1.1 -1.9 0.444339
1.1 -1.85 0.4448
1.1 -1.8 0.445319
1.1 -1.75 0.445911
1.1 -1.7 0.446591
1.1 -1.65 0.447377
1.1 -1.6 0.448288
1.1 -1.55 0.449347
1.1 -1.5 0.450579
1.1 -1.45 0.452013
1.1 -1.4 0.453685
1.1 -1.35 0.455634
1.1 -1.3 0.457905
1.1 -1.25 0.460552
1.1 -1.2 0.463636
1.1 -1.15 0.46723
1.1 -1.1 0.471414
1.1 -1.05 0.476285
1.1 -1 0.48195
1.1 -0.95 0.488534
1.1 -0.9 0.496177
1.1 -0.85 0.505035
1.1 -0.8 0.515285
1.1 -0.75 0.527117
1.1 -0.7 0.540733
1.1 -0.65 0.556341
1.1 -0.6 0.574145
1.1 -0.55 0.594325
1.1 -0.5 0.617012
1.1 -0.45 0.642259
1.1 -0.4 0.669999
1.1 -0.35 0.699999
1.1 -0.3 0.731824
1.1 -0.25 0.764816
1.1 -0.2 0.798105
1.1 -0.15 0.830674
1.1 -0.1 0.861461
1.1 -0.05 0.889507
1.1 -5.13478e-16 0.914085
1.1 0.05 0.934801
1.1 0.1 0.95161
1.1 0.15 0.96477
1.1 0.2 0.974746
1.1 0.25 0.982099
1.1 0.3 0.987394
1.1 0.35 0.991138
1.1 0.4 0.993753
1.1 0.45 0.995563
1.1 0.5 0.996814
1.1 0.55 0.997679
1.1 0.6 0.998279
1.1 0.65 0.9987
1.1 0.7 0.998997
1.1 0.75 0.99921
1.1 0.8 0.999365
1.1 0.85 0.999478
1.1 0.9 0.999563
1.1 0.95 0.999627
1.1 1 0.999676
1.1 1.05 0.999714
1.1 1.1 0.999744
1.1 1.15 0.999767
1.1 1.2 0.999786
1.1 1.25 0.999801
1.1 1.3 0.999813
1.1 1.35 0.999823
1.1 1.4 0.999832
1.1 1.45 0.999839
1.1 1.5 0.999844
1.1 1.55 0.999849
1.1 1.6 0.999853
1.1 1.65 0.999856
1.1 1.7 0.999859
1.1 1.75 0.999862
1.1 1.8 0.999864
1.1 1.85 0.999865
1.1 1.9 0.999867
1.1 1.95 0.999868
1.1 2 0.999869
1.1 2.05 0.99987
1.1 2.1 0.999871
1.1 2.15 0.999871
1.1 2.2 0.999872
1.1 2.25 0.999872
1.1 2.3 0.999873
1.1 2.35 0.999873
1.1 2.4 0.999873
1.1 2.45 0.999874
1.1 2.5 0.999874

1.15 -2.5 0.439135
1.15 -2.45 0.440073
1.15 -2.4 0.440816
1.15 -2.35 0.441419
1.15 -2.3 0.441922
1.15 -2.25 0.442359
1.15 -2.2 0.442756
1.15 -2.15 0.443134
1.15 -2.1 0.443512
1.15 -2.05 0.443905
1.15 -2 0.444327
1.15 -1.95 0.444793
1.15 -1.9 0.445316
1.15 -1.85 0.445911
1.15 -1.8 0.446594
1.15 -1.75 0.447383
1.15 -1.7 0.448297
1.15 -1.65 0.449358
1.15 -1.6 0.450593
1.15 -1.55 0.452031
1.15 -1.5 0.453706
1.15 -1.45 0.455658
1.15 -1.4 0.457933
1.15 -1.35 0.460585
1.15 -1.3 0.463676
1.15 -1.25 0.467276
1.15 -1.2 0.471468
1.15 -1.15 0.476348
1.15 -1.1 0.482024
1.15 -1.05 0.488619
1.15 -1 0.496275
1.15 -0.95 0.50515
1.15 -0.9 0.515418
1.15 -0.85 0.527269
1.15 -0.8 0.540908
1.15 -0.75 0.556542
1.15 -0.7 0.574373
1.15 -0.65 0.594582
1.15 -0.6 0.6173
1.15 -0.55 0.642578
1.15 -0.5 0.670347
1.15 -0.45 0.700372
1.15 -0.4 0.732215
1.15 -0.35 0.765216
1.15 -0.3 0.798503
1.15 -0.25 0.831056
1.15 -0.2 0.861816
1.15 -0.15 0.889824
1.15 -0.1 0.914357
1.15 -0.05 0.935026
1.15 -5.13478e-16 0.951789
1.15 0.05 0.964908
1.15 0.1 0.974849
1.15 0.15 0.982173
1.15 0.2 0.987447
1.15 0.25 0.991176
1.15 0.3 0.993778
1.15 0.35 0.995581
1.15 0.4 0.996826
1.15 0.45 0.997687
1.15 0.5 0.998285
1.15 0.55 0.998704
1.15 0.6 0.999
1.15 0.65 0.999213
1.15 0.7 0.999367
1.15 0.75 0.99948
1.15 0.8 0.999564
1.15 0.85 0.999628
1.15 0.9 0.999676
1.15 0.95 0.999714
1.15 1 0.999744
1.15 1.05 0.999767
1.15 1.1 0.999786
1.15 1.15 0.999801
1.15 1.2 0.999813
1.15 1.25 0.999824
1.15 1.3 0.999832
1.15 1.35 0.999839
1.15 1.4 0.999844
1.15 1.45 0.999849
1.15 1.5 0.999853
1.15 1.55 0.999856
1.15 1.6 0.999859
1.15 1.65 0.999862
1.15 1.7 0.999864
1.15 1.75 0.999865
1.15 1.8 0.999867
1.15 1.85 0.999868
1.15 1.9 0.999869
1.15 1.95 0.99987
1.15 2 0.999871
1.15 2.05 0.999871
1.15 2.1 0.999872
1.15 2.15 0.999872
1.15 2.2 0.999873
1.15 2.25 0.999873
1.15 2.3 0.999873
1.15 2.35 0.999874
1.15 2.4 0.999874
1.15 2.45 0.999874
1.15 2.5 0.999874

1.2 -2.5 0.440639
1.2 -2.45 0.441286
1.2 -2.4 0.441822
1.2 -2.35 0.442285
1.2 -2.3 0.442701
1.2 -2.25 0.443094
1.2 -2.2 0.443483
1.2 -2.15 0.443884
1.2 -2.1 0.444313
1.2 -2.05 0.444784
1.2 -2 0.445312
1.2 -1.95 0.445911
1.2 -1.9 0.446597
1.2 -1.85 0.447389
1.2 -1.8 0.448305
1.2 -1.75 0.449369
1.2 -1.7 0.450607
1.2 -1.65 0.452048
1.2 -1.6 0.453726
1.2 -1.55 0.455683
1.2 -1.5 0.457962
1.2 -1.45 0.460619
1.2 -1.4 0.463716
1.2 -1.35 0.467322
1.2 -1.3 0.471523
1.2 -1.25 0.476411
1.2 -1.2 0.482097
1.2 -1.15 0.488705
1.2 -1.1 0.496374
1.2 -1.05 0.505265
1.2 -1 0.51555
1.2 -0.95 0.527422
1.2 -0.9 0.541084
1.2 -0.85 0.556743
1.2 -0.8 0.574602
1.2 -0.75 0.59484
1.2 -0.7 0.617589
1.2 -0.65 0.642897
1.2 -0.6 0.670695
1.2 -0.55 0.700744
1.2 -0.5 0.732606
1.2 -0.45 0.765616
1.2 -0.4 0.7989
1.2 -0.35 0.831439
1.2 -0.3 0.862171
1.2 -0.25 0.89014
1.2 -0.2 0.914629
1.2 -0.15 0.93525
1.2 -0.1 0.951967
1.2 -0.05 0.965045
1.2 -5.13478e-16 0.974951
1.2 0.05 0.982248
1.2 0.1 0.9875
1.2 0.15 0.991213
1.2 0.2 0.993804
1.2 0.25 0.995599
1.2 0.3 0.996839
1.2 0.35 0.997696
1.2 0.4 0.998291
1.2 0.45 0.998708
1.2 0.5 0.999003
1.2 0.55 0.999215
1.2 0.6 0.999368
1.2 0.65 0.999481
1.2 0.7 0.999565
1.2 0.75 0.999628
1.2 0.8 0.999677
1.2 0.85 0.999715
1.2 0.9 0.999744
1.2 0.95 0.999768
1.2 1 0.999786
1.2 1.05 0.999801
1.2 1.1 0.999814
1.2 1.15 0.999824
1.2 1.2 0.999832
1.2 1.25 0.999839
1.2 1.3 0.999844
1.2 1.35 0.999849
1.2 1.4 0.999853
1.2 1.45 0.999856
1.2 1.5 0.999859
1.2 1.55 0.999862
1.2 1.6 0.999864
1.2 1.65 0.999865
1.2 1.7 0.999867
1.2 1.75 0.999868
1.2 1.8 0.999869
1.2 1.85 0.99987
1.2 1.9 0.999871
1.2 1.95 0.999871
1.2 2 0.999872
1.2 2.05 0.999872
1.2 2.1 0.999873
1.2 2.15 0.999873
1.2 2.2 0.999873
1.2 2.25 0.999874
1.2 2.3 0.999874
1.2 2.35 0.999874
1.2 2.4 0.999874
1.2 2.45 0.999874
1.2 2.5 0.999874

1.25 -2.5 0.441714
1.25 -2.45 0.442204
1.25 -2.4 0.442641
1.25 -2.35 0.44305
1.25 -2.3 0.443451
1.25 -2.25 0.443862
1.25 -2.2 0.444298
1.25 -2.15 0.444775
1.25 -2.1 0.445307
1.25 -2.05 0.44591
1.25 -2 0.446599
1.25 -1.95 0.447394
1.25 -1.9 0.448313
1.25 -1.85 0.44938
1.25 -1.8 0.450621
1.25 -1.75 0.452065
1.25 -1.7 0.453747
1.25 -1.65 0.455707
1.25 -1.6 0.457991
1.25 -1.55 0.460653
1.25 -1.5 0.463755
1.25 -1.45 0.467369
1.25 -1.4 0.471577
1.25 -1.35 0.476474
1.25 -1.3 0.482171
1.25 -1.25 0.48879
1.25 -1.2 0.496474
1.25 -1.15 0.505379
1.25 -1.1 0.515683
1.25 -1.05 0.527575
1.25 -1 0.54126
1.25 -0.95 0.556944
1.25 -0.9 0.57483
1.25 -0.85 0.595098
1.25 -0.8 0.617877
1.25 -0.75 0.643217
1.25 -0.7 0.671043
1.25 -0.65 0.701118
1.25 -0.6 0.732997
1.25 -0.55 0.766016
1.25 -0.5 0.799298
1.25 -0.45 0.831821
1.25 -0.4 0.862525
1.25 -0.35 0.890456
1.25 -0.3 0.9149
1.25 -0.25 0.935474
1.25 -0.2 0.952145
1.25 -0.15 0.965182
1.25 -0.1 0.975053
1.25 -0.05 0.982322
1.25 -5.13478e-16 0.987553
1.25 0.05 0.99125
1.25 0.1 0.99383
1.25 0.15 0.995617
1.25 0.2 0.996851
1.25 0.25 0.997704
1.25 0.3 0.998297
1.25 0.35 0.998713
1.25 0.4 0.999006
1.25 0.45 0.999217
1.25 0.5 0.99937
1.25 0.55 0.999482
1.25 0.6 0.999566
1.25 0.65 0.999629
1.25 0.7 0.999678
1.25 0.75 0.999715
1.25 0.8 0.999745
1.25 0.85 0.999768
1.25 0.9 0.999786
1.25 0.95 0.999802
1.25 1 0.999814
1.25 1.05 0.999824
1.25 1.1 0.999832
1.25 1.15 0.999839
1.25 1.2 0.999844
1.25 1.25 0.999849
1.25 1.3 0.999853
1.25 1.35 0.999856
1.25 1.4 0.999859
1.25 1.45 0.999862
1.25 1.5 0.999864
1.25 1.55 0.999865
1.25 1.6 0.999867
1.25 1.65 0.999868
1.25 1.7 0.999869
1.25 1.75 0.99987
1.25 1.8 0.999871
1.25 1.85 0.999871
1.25 1.9 0.999872
1.25 1.95 0.999872
1.25 2 0.999873
1.25 2.05 0.999873
1.25 2.1 0.999873
1.25 2.15 0.999874
1.25 2.2 0.999874
1.25 2.25 0.999874
1.25 2.3 0.999874
1.25 2.35 0.999874
1.25 2.4 0.999874
1.25 2.45 0.999874
1.25 2.5 0.999875

1.3 -2.5 0.442575
1.3 -2.45 0.443001
1.3 -2.4 0.443416
1.3 -2.35 0.443837
1.3 -2.3 0.444281
1.3 -2.25 0.444764
1.3 -2.2 0.445301
1.3 -2.15 0.445908
1.3 -2.1 0.446601
1.3 -2.05 0.447399
1.3 -2 0.448321
1.3 -1.95 0.449391
1.3 -1.9 0.450635
1.3 -1.85 0.452082
1.3 -1.8 0.453767
1.3 -1.75 0.455731
1.3 -1.7 0.45802
1.3 -1.65 0.460687
1.3 -1.6 0.463795
1.3 -1.55 0.467415
1.3 -1.5 0.471631
1.3 -1.45 0.476538
1.3 -1.4 0.482244
1.3 -1.35 0.488876
1.3 -1.3 0.496573
1.3 -1.25 0.505495
1.3 -1.2 0.515816
1.3 -1.15 0.527729
1.3 -1.1 0.541436
1.3 -1.05 0.557145
1.3 -1 0.57506
1.3 -0.95 0.595357
1.3 -0.9 0.618167
1.3 -0.85 0.643537
1.3 -0.8 0.671392
1.3 -0.75 0.701491
1.3 -0.7 0.733389
1.3 -0.65 0.766416
1.3 -0.6 0.799695
1.3 -0.55 0.832202
1.3 -0.5 0.862879
1.3 -0.45 0.890772
1.3 -0.4 0.915171
1.3 -0.35 0.935697
1.3 -0.3 0.952323
1.3 -0.25 0.965318
1.3 -0.2 0.975155
1.3 -0.15 0.982396
1.3 -0.1 0.987605
1.3 -0.05 0.991287
1.3 -5.13478e-16 0.993856
1.3 0.05 0.995635
1.3 0.1 0.996863
1.3 0.15 0.997713
1.3 0.2 0.998303
1.3 0.25 0.998717
1.3 0.3 0.999009
1.3 0.35 0.999219
1.3 0.4 0.999371
1.3 0.45 0.999483
1.3 0.5 0.999567
1.3 0.55 0.99963
1.3 0.6 0.999678
1.3 0.65 0.999715
1.3 0.7 0.999745
1.3 0.75 0.999768
1.3 0.8 0.999787
1.3 0.85 0.999802
1.3 0.9 0.999814
1.3 0.95 0.999824
1.3 1 0.999832
1.3 1.05 0.999839
1.3 1.1 0.999844
1.3 1.15 0.999849
1.3 1.2 0.999853
1.3 1.25 0.999856
1.3 1.3 0.999859
1.3 1.35 0.999862
1.3 1.4 0.999864
1.3 1.45 0.999865
1.3 1.5 0.999867
1.3 1.55 0.999868
1.3 1.6 0.999869
1.3 1.65 0.99987
1.3 1.7 0.999871
1.3 1.75 0.999871
1.3 1.8 0.999872
1.3 1.85 0.999872
1.3 1.9 0.999873
1.3 1.95 0.999873
1.3 2 0.999873
1.3 2.05 0.999874
1.3 2.1 0.999874
1.3 2.15 0.999874
1.3 2.2 0.999874
1.3 2.25 0.999874
1.3 2.3 0.999874
1.3 2.35 0.999874
1.3 2.4 0.999875
1.3 2.45 0.999875
1.3 2.5 0.999875

1.35 -2.5 0.443377
1.35 -2.45 0.443809
1.35 -2.4 0.444262
1.35 -2.35 0.444751
1.35 -2.3 0.445294
1.35 -2.25 0.445905
1.35 -2.2 0.446602
1.35 -2.15 0.447403
1.35 -2.1 0.448329
1.35 -2.05 0.449401
1.35 -2 0.450648
1.35 -1.95 0.452099
1.35 -1.9 0.453788
1.35 -1.85 0.455756
1.35 -1.8 0.458049
1.35 -1.75 0.460721
1.35 -1.7 0.463835
1.35 -1.65 0.467462
1.35 -1.6 0.471685
1.35 -1.55 0.476601
1.35 -1.5 0.482318
1.35 -1.45 0.488961
1.35 -1.4 0.496672
1.35 -1.35 0.50561
1.35 -1.3 0.515949
1.35 -1.25 0.527882
1.35 -1.2 0.541612
1.35 -1.15 0.557347
1.35 -1.1 0.575289
1.35 -1.05 0.595616
1.35 -1 0.618456
1.35 -0.95 0.643857
1.35 -0.9 0.671741
1.35 -0.85 0.701865
1.35 -0.8 0.733781
1.35 -0.75 0.766817
1.35 -0.7 0.800093
1.35 -0.65 0.832584
1.35 -0.6 0.863232
1.35 -0.55 0.891087
1.35 -0.5 0.915441
1.35 -0.45 0.93592
1.35 -0.4 0.9525
1.35 -0.35 0.965454
1.35 -0.3 0.975256
1.35 -0.25 0.982469
1.35 -0.2 0.987658
1.35 -0.15 0.991323
1.35 -0.1 0.993881
1.35 -0.05 0.995652
1.35 -5.13478e-16 0.996875
1.35 0.05 0.997721
1.35 0.1 0.998309
1.35 0.15 0.998721
1.35 0.2 0.999012
1.35 0.25 0.999221
1.35 0.3 0.999373
1.35 0.35 0.999484
1.35 0.4 0.999567
1.35 0.45 0.99963
1.35 0.5 0.999679
1.35 0.55 0.999716
1.35 0.6 0.999745
1.35 0.65 0.999768
1.35 0.7 0.999787
1.35 0.75 0.999802
1.35 0.8 0.999814
1.35 0.85 0.999824
1.35 0.9 0.999832
1.35 0.95 0.999839
1.35 1 0.999845
1.35 1.05 0.999849
1.35 1.1 0.999853
1.35 1.15 0.999856
1.35 1.2 0.999859
1.35 1.25 0.999862
1.35 1.3 0.999864
1.35 1.35 0.999865
1.35 1.4 0.999867
1.35 1.45 0.999868
1.35 1.5 0.999869
1.35 1.55 0.99987
1.35 1.6 0.999871
1.35 1.65 0.999871
1.35 1.7 0.999872
1.35 1.75 0.999872
1.35 1.8 0.999873
1.35 1.85 0.999873
1.35 1.9 0.999873
1.35 1.95 0.999874
1.35 2 0.999874
1.35 2.05 0.999874
1.35 2.1 0.999874
1.35 2.15 0.999874
1.35 2.2 0.999874
1.35 2.25 0.999874
1.35 2.3 0.999875
1.35 2.35 0.999875
1.35 2.4 0.999875
1.35 2.45 0.999875
1.35 2.5 0.999875

1.4 -2.5 0.44424
1.4 -2.45 0.444737
1.4 -2.4 0.445285
1.4 -2.35 0.445901
1.4 -2.3 0.446602
1.4 -2.25 0.447407
1.4 -2.2 0.448336
1.4 -2.15 0.449412
1.4 -2.1 0.450662
1.4 -2.05 0.452115
1.4 -2 0.453808
1.4 -1.95 0.45578
1.4 -1.9 0.458078
1.4 -1.85 0.460755
1.4 -1.8 0.463875
1.4 -1.75 0.467509
1.4 -1.7 0.47174
1.4 -1.65 0.476664
1.4 -1.6 0.482392
1.4 -1.55 0.489047
1.4 -1.5 0.496772
1.4 -1.45 0.505725
1.4 -1.4 0.516083
1.4 -1.35 0.528036
1.4 -1.3 0.541789
1.4 -1.25 0.557549
1.4 -1.2 0.575519
1.4 -1.15 0.595875
1.4 -1.1 0.618746
1.4 -1.05 0.644177
1.4 -1 0.67209
1.4 -0.95 0.702239
1.4 -0.9 0.734172
1.4 -0.85 0.767217
1.4 -0.8 0.80049
1.4 -0.75 0.832965
1.4 -0.7 0.863585
1.4 -0.65 0.891401
1.4 -0.6 0.91571
1.4 -0.55 0.936142
1.4 -0.5 0.952676
1.4 -0.45 0.965589
1.4 -0.4 0.975357
1.4 -0.35 0.982543
1.4 -0.3 0.98771
1.4 -0.25 0.99136
1.4 -0.2 0.993907
1.4 -0.15 0.99567
1.4 -0.1 0.996888
1.4 -0.05 0.99773
1.4 -5.13478e-16 0.998315
1.4 0.05 0.998725
1.4 0.1 0.999015
1.4 0.15 0.999223
1.4 0.2 0.999374
1.4 0.25 0.999485
1.4 0.3 0.999568
1.4 0.35 0.999631
1.4 0.4 0.999679
1.4 0.45 0.999716
1.4 0.5 0.999745
1.4 0.55 0.999769
1.4 0.6 0.999787
1.4 0.65 0.999802
1.4 0.7 0.999814
1.4 0.75 0.999824
1.4 0.8 0.999832
1.4 0.85 0.999839
1.4 0.9 0.999845
1.4 0.95 0.999849
1.4 1 0.999853
1.4 1.05 0.999857
1.4 1.1 0.999859
1.4 1.15 0.999862
1.4 1.2 0.999864
1.4 1.25 0.999865
1.4 1.3 0.999867
1.4 1.35 0.999868
1.4 1.4 0.999869
1.4 1.45 0.99987
1.4 1.5 0.999871
1.4 1.55 0.999871
1.4 1.6 0.999872
1.4 1.65 0.999872
1.4 1.7 0.999873
1.4 1.75 0.999873
1.4 1.8 0.999873
1.4 1.85 0.999874
1.4 1.9 0.999874
1.4 1.95 0.999874
1.4 2 0.999874
1.4 2.05 0.999874
1.4 2.1 0.999874
1.4 2.15 0.999874
1.4 2.2 0.999875
1.4 2.25 0.999875
1.4 2.3 0.999875
1.4 2.35 0.999875
1.4 2.4 0.999875
1.4 2.45 0.999875
1.4 2.5 0.999875

1.45 -2.5 0.445276
1.45 -2.45 0.445897
1.45 -2.4 0.446602
1.45 -2.35 0.44741
1.45 -2.3 0.448342
1.45 -2.25 0.449422
1.45 -2.2 0.450675
1.45 -2.15 0.452132
1.45 -2.1 0.453828
1.45 -2.05 0.455804
1.45 -2 0.458107
1.45 -1.95 0.460789
1.45 -1.9 0.463915
1.45 -1.85 0.467555
1.45 -1.8 0.471794
1.45 -1.75 0.476728
1.45 -1.7 0.482466
1.45 -1.65 0.489133
1.45 -1.6 0.496872
1.45 -1.55 0.505841
1.45 -1.5 0.516216
1.45 -1.45 0.52819
1.45 -1.4 0.541966
1.45 -1.35 0.557751
1.45 -1.3 0.575749
1.45 -1.25 0.596135
1.45 -1.2 0.619037
1.45 -1.15 0.644498
1.45 -1.1 0.67244
1.45 -1.05 0.702613
1.45 -1 0.734564
1.45 -0.95 0.767617
1.45 -0.9 0.800887
1.45 -0.85 0.833346
1.45 -0.8 0.863937
1.45 -0.75 0.891715
1.45 -0.7 0.915979
1.45 -0.65 0.936363
1.45 -0.6 0.952852
1.45 -0.55 0.965724
1.45 -0.5 0.975457
1.45 -0.45 0.982616
1.45 -0.4 0.987762
1.45 -0.35 0.991396
1.45 -0.3 0.993932
1.45 -0.25 0.995687
1.45 -0.2 0.9969
1.45 -0.15 0.997738
1.45 -0.1 0.998321
1.45 -0.05 0.998729
1.45 -5.13478e-16 0.999018
1.45 0.05 0.999225
1.45 0.1 0.999376
1.45 0.15 0.999487
1.45 0.2 0.999569
1.45 0.25 0.999632
1.45 0.3 0.99968
1.45 0.35 0.999717
1.45 0.4 0.999746
1.45 0.45 0.999769
1.45 0.5 0.999787
1.45 0.55 0.999802
1.45 0.6 0.999814
1.45 0.65 0.999824
1.45 0.7 0.999832
1.45 0.75 0.999839
1.45 0.8 0.999845
1.45 0.85 0.999849
1.45 0.9 0.999853
1.45 0.95 0.999857
1.45 1 0.999859
1.45 1.05 0.999862
1.45 1.1 0.999864
1.45 1.15 0.999865
1.45 1.2 0.999867
1.45 1.25 0.999868
1.45 1.3 0.999869
1.45 1.35 0.99987
1.45 1.4 0.999871
1.45 1.45 0.999871
1.45 1.5 0.999872
1.45 1.55 0.999872
1.45 1.6 0.999873
1.45 1.65 0.999873
1.45 1.7 0.999873
1.45 1.75 0.999874
1.45 1.8 0.999874
1.45 1.85 0.999874
1.45 1.9 0.999874
1.45 1.95 0.999874
1.45 2 0.999874
1.45 2.05 0.999874
1.45 2.1 0.999875
1.45 2.15 0.999875
1.45 2.2 0.999875
1.45 2.25 0.999875
1.45 2.3 0.999875
1.45 2.35 0.999875
1.45 2.4 0.999875
1.45 2.45 0.999875
1.45 2.5 0.999875

1.5 -2.5 0.446601
1.5 -2.45 0.447413
1.5 -2.4 0.448348
1.5 -2.35 0.449431
1.5 -2.3 0.450688
1.5 -2.25 0.452148
1.5 -2.2 0.453849
1.5 -2.15 0.455829
1.5 -2.1 0.458135
1.5 -2.05 0.460823
1.5 -2 0.463955
1.5 -1.95 0.467602
1.5 -1.9 0.471849
1.5 -1.85 0.476792
1.5 -1.8 0.48254
1.5 -1.75 0.489219
1.5 -1.7 0.496972
1.5 -1.65 0.505957
1.5 -1.6 0.51635
1.5 -1.55 0.528345
1.5 -1.5 0.542143
1.5 -1.45 0.557954
1.5 -1.4 0.575979
1.5 -1.35 0.596395
1.5 -1.3 0.619327
1.5 -1.25 0.64482
1.5 -1.2 0.67279
1.5 -1.15 0.702987
1.5 -1.1 0.734957
1.5 -1.05 0.768018
1.5 -1 0.801284
1.5 -0.95 0.833727
1.5 -0.9 0.86429
1.5 -0.85 0.892029
1.5 -0.8 0.916247
1.5 -0.75 0.936584
1.5 -0.7 0.953027
1.5 -0.65 0.965859
1.5 -0.6 0.975557
1.5 -0.55 0.982688
1.5 -0.5 0.987813
1.5 -0.45 0.991433
1.5 -0.4 0.993957
1.5 -0.35 0.995705
1.5 -0.3 0.996912
1.5 -0.25 0.997746
1.5 -0.2 0.998327
1.5 -0.15 0.998733
1.5 -0.1 0.999021
1.5 -0.05 0.999228
1.5 -5.13478e-16 0.999377
1.5 0.05 0.999488
1.5 0.1 0.99957
1.5 0.15 0.999632
1.5 0.2 0.99968
1.5 0.25 0.999717
1.5 0.3 0.999746
1.5 0.35 0.999769
1.5 0.4 0.999787
1.5 0.45 0.999802
1.5 0.5 0.999814
1.5 0.55 0.999824
1.5 0.6 0.999832
1.5 0.65 0.999839
1.5 0.7 0.999845
1.5 0.75 0.999849
1.5 0.8 0.999853
1.5 0.85 0.999857
1.5 0.9 0.999859
1.5 0.95 0.999862
1.5 1 0.999864
1.5 1.05 0.999865
1.5 1.1 0.999867
1.5 1.15 0.999868
1.5 1.2 0.999869
1.5 1.25 0.99987
1.5 1.3 0.999871
1.5 1.35 0.999871
1.5 1.4 0.999872
1.5 1.45 0.999872
1.5 1.5 0.999873
1.5 1.55 0.999873
1.5 1.6 0.999873
1.5 1.65 0.999874
1.5 1.7 0.999874
1.5 1.75 0.999874
1.5 1.8 0.999874
1.5 1.85 0.999874
1.5 1.9 0.999874
1.5 1.95 0.999874
1.5 2 0.999875
1.5 2.05 0.999875
1.5 2.1 0.999875
1.5 2.15 0.999875
1.5 2.2 0.999875
1.5 2.25 0.999875
1.5 2.3 0.999875
1.5 2.35 0.999875
1.5 2.4 0.999875
1.5 2.45 0.999875
1.5 2.5 0.999875

1.55 -2.5 0.448354
1.55 -2.45 0.44944
1.55 -2.4 0.4507
1.55 -2.35 0.452165
1.55 -2.3 0.453869
1.55 -2.25 0.455853
1.55 -2.2 0.458164
1.55 -2.15 0.460857
1.55 -2.1 0.463995
1.55 -2.05 0.467649
1.55 -2 0.471904
1.55 -1.95 0.476856
1.55 -1.9 0.482614
1.55 -1.85 0.489306
1.55 -1.8 0.497072
1.55 -1.75 0.506073
1.55 -1.7 0.516485
1.55 -1.65 0.528499
1.55 -1.6 0.542321
1.55 -1.55 0.558157
1.55 -1.5 0.57621
1.55 -1.45 0.596655
1.55 -1.4 0.619618
1.55 -1.35 0.645141
1.55 -1.3 0.67314
1.55 -1.25 0.703362
1.55 -1.2 0.735349
1.55 -1.15 0.768418
1.55 -1.1 0.801681
1.55 -1.05 0.834107
1.55 -1 0.864641
1.55 -0.95 0.892342
1.55 -0.9 0.916515
1.55 -0.85 0.936805
1.55 -0.8 0.953202
1.55 -0.75 0.965993
1.55 -0.7 0.975657
1.55 -0.65 0.982761
1.55 -0.6 0.987865
1.55 -0.55 0.991469
1.55 -0.5 0.993982
1.55 -0.45 0.995722
1.55 -0.4 0.996924
1.55 -0.35 0.997755
1.55 -0.3 0.998332
1.55 -0.25 0.998737
1.55 -0.2 0.999024
1.55 -0.15 0.99923
1.55 -0.1 0.999379
1.55 -0.05 0.999489
1.55 -5.13478e-16 0.999571
1.55 0.05 0.999633
1.55 0.1 0.999681
1.55 0.15 0.999717
1.55 0.2 0.999746
1.55 0.25 0.999769
1.55 0.3 0.999788
1.55 0.35 0.999802
1.55 0.4 0.999815
1.55 0.45 0.999824
1.55 0.5 0.999832
1.55 0.55 0.999839
1.55 0.6 0.999845
1.55 0.65 0.999849
1.55 0.7 0.999853
1.55 0.75 0.999857
1.55 0.8 0.999859
1.55 0.85 0.999862
1.55 0.9 0.999864
1.55 0.95 0.999865
1.55 1 0.999867
1.55 1.05 0.999868
1.55 1.1 0.999869
1.55 1.15 0.99987
1.55 1.2 0.999871
1.55 1.25 0.999871
1.55 1.3 0.999872
1.55 1.35 0.999872
1.55 1.4 0.999873
1.55 1.45 0.999873
1.55 1.5 0.999873
1.55 1.55 0.999874
1.55 1.6 0.999874
1.55 1.65 0.999874
1.55 1.7 0.999874
1.55 1.75 0.999874
1.55 1.8 0.999874
1.55 1.85 0.999874
1.55 1.9 0.999875
1.55 1.95 0.999875
1.55 2 0.999875
1.55 2.05 0.999875
1.55 2.1 0.999875
1.55 2.15 0.999875
1.55 2.2 0.999875
1.55 2.25 0.999875
1.55 2.3 0.999875
1.55 2.35 0.999875
1.55 2.4 0.999875
1.55 2.45 0.999875
1.55 2.5 0.999875

1.6 -2.5 0.450713
1.6 -2.45 0.452181
1.6 -2.4 0.453888
1.6 -2.35 0.455877
1.6 -2.3 0.458193
1.6 -2.25 0.460891
1.6 -2.2 0.464035
1.6 -2.15 0.467696
1.6 -2.1 0.471959
1.6 -2.05 0.476919
1.6 -2 0.482689
1.6 -1.95 0.489392
1.6 -1.9 0.497172
1.6 -1.85 0.506189
1.6 -1.8 0.516619
1.6 -1.75 0.528654
1.6 -1.7 0.542498
1.6 -1.65 0.55836
1.6 -1.6 0.576441
1.6 -1.55 0.596916
1.6 -1.5 0.61991
1.6 -1.45 0.645463
1.6 -1.4 0.673491
1.6 -1.35 0.703737
1.6 -1.3 0.735741
1.6 -1.25 0.768819
1.6 -1.2 0.802077
1.6 -1.15 0.834487
1.6 -1.1 0.864993
1.6 -1.05 0.892654
1.6 -1 0.916782
1.6 -0.95 0.937024
1.6 -0.9 0.953376
1.6 -0.85 0.966126
1.6 -0.8 0.975757
1.6 -0.75 0.982833
1.6 -0.7 0.987916
1.6 -0.65 0.991505
1.6 -0.6 0.994007
1.6 -0.55 0.995739
1.6 -0.5 0.996936
1.6 -0.45 0.997763
1.6 -0.4 0.998338
1.6 -0.35 0.998741
1.6 -0.3 0.999027
1.6 -0.25 0.999232
1.6 -0.2 0.99938
1.6 -0.15 0.99949
1.6 -0.1 0.999572
1.6 -0.05 0.999634
1.6 -5.13478e-16 0.999681
1.6 0.05 0.999718
1.6 0.1 0.999747
1.6 0.15 0.99977
1.6 0.2 0.999788
1.6 0.25 0.999803
1.6 0.3 0.999815
1.6 0.35 0.999824
1.6 0.4 0.999833
1.6 0.45 0.999839
1.6 0.5 0.999845
1.6 0.55 0.999849
1.6 0.6 0.999853
1.6 0.65 0.999857
1.6 0.7 0.999859
1.6 0.75 0.999862
1.6 0.8 0.999864
1.6 0.85 0.999865
1.6 0.9 0.999867
1.6 0.95 0.999868
1.6 1 0.999869
1.6 1.05 0.99987
1.6 1.1 0.999871
1.6 1.15 0.999871
1.6 1.2 0.999872
1.6 1.25 0.999872
1.6 1.3 0.999873
1.6 1.35 0.999873
1.6 1.4 0.999873
1.6 1.45 0.999874
1.6 1.5 0.999874
1.6 1.55 0.999874
1.6 1.6 0.999874
1.6 1.65 0.999874
1.6 1.7 0.999874
1.6 1.75 0.999874
1.6 1.8 0.999875
1.6 1.85 0.999875
1.6 1.9 0.999875
1.6 1.95 0.999875
1.6 2 0.999875
1.6 2.05 0.999875
1.6 2.1 0.999875
1.6 2.15 0.999875
1.6 2.2 0.999875
1.6 2.25 0.999875
1.6 2.3 0.999875
1.6 2.35 0.999875
1.6 2.4 0.999875
1.6 2.45 0.999875
1.6 2.5 0.999875

1.65 -2.5 0.453908
1.65 -2.45 0.455901
1.65 -2.4 0.458222
1.65 -2.35 0.460925
1.65 -2.3 0.464075
1.65 -2.25 0.467743
1.65 -2.2 0.472013
1.65 -2.15 0.476983
1.65 -2.1 0.482763
1.65 -2.05 0.489479
1.65 -2 0.497273
1.65 -1.95 0.506306
1.65 -1.9 0.516753
1.65 -1.85 0.528809
1.65 -1.8 0.542677
1.65 -1.75 0.558564
1.65 -1.7 0.576672
1.65 -1.65 0.597177
1.65 -1.6 0.620202
1.65 -1.55 0.645786
1.65 -1.5 0.673841
1.65 -1.45 0.704112
1.65 -1.4 0.736134
1.65 -1.35 0.769219
1.65 -1.3 0.802474
1.65 -1.25 0.834867
1.65 -1.2 0.865343
1.65 -1.15 0.892966
1.65 -1.1 0.917049
1.65 -1.05 0.937244
1.65 -1 0.95355
1.65 -0.95 0.96626
1.65 -0.9 0.975856
1.65 -0.85 0.982905
1.65 -0.8 0.987967
1.65 -0.75 0.99154
1.65 -0.7 0.994032
1.65 -0.65 0.995757
1.65 -0.6 0.996947
1.65 -0.55 0.997771
1.65 -0.5 0.998344
1.65 -0.45 0.998745
1.65 -0.4 0.99903
1.65 -0.35 0.999234
1.65 -0.3 0.999382
1.65 -0.25 0.999491
1.65 -0.2 0.999573
1.65 -0.15 0.999634
1.65 -0.1 0.999682
1.65 -0.05 0.999718
1.65 -5.13478e-16 0.999747
1.65 0.05 0.99977
1.65 0.1 0.999788
1.65 0.15 0.999803
1.65 0.2 0.999815
1.65 0.25 0.999825
1.65 0.3 0.999833
1.65 0.35 0.999839
1.65 0.4 0.999845
1.65 0.45 0.99985
1.65 0.5 0.999853
1.65 0.55 0.999857
1.65 0.6 0.999859
1.65 0.65 0.999862
1.65 0.7 0.999864
1.65 0.75 0.999865
1.65 0.8 0.999867
1.65 0.85 0.999868
1.65 0.9 0.999869
1.65 0.95 0.99987
1.65 1 0.999871
1.65 1.05 0.999871
1.65 1.1 0.999872
1.65 1.15 0.999872
1.65 1.2 0.999873
1.65 1.25 0.999873
1.65 1.3 0.999873
1.65 1.35 0.999874
1.65 1.4 0.999874
1.65 1.45 0.999874
1.65 1.5 0.999874
1.65 1.55 0.999874
1.65 1.6 0.999874
1.65 1.65 0.999874
1.65 1.7 0.999875
1.65 1.75 0.999875
1.65 1.8 0.999875
1.65 1.85 0.999875
1.65 1.9 0.999875
1.65 1.95 0.999875
1.65 2 0.999875
1.65 2.05 0.999875
1.65 2.1 0.999875
1.65 2.15 0.999875
1.65 2.2 0.999875
1.65 2.25 0.999875
1.65 2.3 0.999875
1.65 2.35 0.999875
1.65 2.4 0.999875
1.65 2.45 0.999875
1.65 2.5 0.999875

1.7 -2.5 0.45825
1.7 -2.45 0.460959
1.7 -2.4 0.464115
1.7 -2.35 0.46779
1.7 -2.3 0.472068
1.7 -2.25 0.477047
1.7 -2.2 0.482838
1.7 -2.15 0.489566
1.7 -2.1 0.497374
1.7 -2.05 0.506422
1.7 -2 0.516888
1.7 -1.95 0.528965
1.7 -1.9 0.542855
1.7 -1.85 0.558768
1.7 -1.8 0.576904
1.7 -1.75 0.597438
1.7 -1.7 0.620494
1.7 -1.65 0.646108
1.7 -1.6 0.674193
1.7 -1.55 0.704488
1.7 -1.5 0.736527
1.7 -1.45 0.769619
1.7 -1.4 0.80287
1.7 -1.35 0.835247
1.7 -1.3 0.865694
1.7 -1.25 0.893277
1.7 -1.2 0.917315
1.7 -1.15 0.937462
1.7 -1.1 0.953723
1.7 -1.05 0.966392
1.7 -1 0.975954
1.7 -0.95 0.982976
1.7 -0.9 0.988018
1.7 -0.85 0.991576
1.7 -0.8 0.994057
1.7 -0.75 0.995774
1.7 -0.7 0.996959
1.7 -0.65 0.997779
1.7 -0.6 0.99835
1.7 -0.55 0.998749
1.7 -0.5 0.999033
1.7 -0.45 0.999236
1.7 -0.4 0.999383
1.7 -0.35 0.999492
1.7 -0.3 0.999573
1.7 -0.25 0.999635
1.7 -0.2 0.999682
1.7 -0.15 0.999719
1.7 -0.1 0.999747
1.7 -0.05 0.99977
1.7 -5.13478e-16 0.999788
1.7 0.05 0.999803
1.7 0.1 0.999815
1.7 0.15 0.999825
1.7 0.2 0.999833
1.7 0.25 0.999839
1.7 0.3 0.999845
1.7 0.35 0.99985
1.7 0.4 0.999853
1.7 0.45 0.999857
1.7 0.5 0.999859
1.7 0.55 0.999862
1.7 0.6 0.999864
1.7 0.65 0.999865
1.7 0.7 0.999867
1.7 0.75 0.999868
1.7 0.8 0.999869
1.7 0.85 0.99987
1.7 0.9 0.999871
1.7 0.95 0.999871
1.7 1 0.999872
1.7 1.05 0.999872
1.7 1.1 0.999873
1.7 1.15 0.999873
1.7 1.2 0.999873
1.7 1.25 0.999874
1.7 1.3 0.999874
1.7 1.35 0.999874
1.7 1.4 0.999874
1.7 1.45 0.999874
1.7 1.5 0.999874
1.7 1.55 0.999874
1.7 1.6 0.999875
1.7 1.65 0.999875
1.7 1.7 0.999875
1.7 1.75 0.999875
1.7 1.8 0.999875
1.7 1.85 0.999875
1.7 1.9 0.999875
1.7 1.95 0.999875
1.7 2 0.999875
1.7 2.05 0.999875
1.7 2.1 0.999875
1.7 2.15 0.999875
1.7 2.2 0.999875
1.7 2.25 0.999875
1.7 2.3 0.999875
1.7 2.35 0.999875
1.7 2.4 0.999875
1.7 2.45 0.999875
1.7 2.5 0.999875

1.75 -2.5 0.464154
1.75 -2.45 0.467836
1.75 -2.4 0.472123
1.75 -2.35 0.477111
1.75 -2.3 0.482912
1.75 -2.25 0.489652
1.75 -2.2 0.497475
1.75 -2.15 0.506539
1.75 -2.1 0.517023
1.75 -2.05 0.52912
1.75 -2 0.543034
1.75 -1.95 0.558972
1.75 -1.9 0.577136
1.75 -1.85 0.5977
1.75 -1.8 0.620787
1.75 -1.75 0.646431
1.75 -1.7 0.674544
1.75 -1.65 0.704863
1.75 -1.6 0.73692
1.75 -1.55 0.77002
1.75 -1.5 0.803267
1.75 -1.45 0.835626
1.75 -1.4 0.866044
1.75 -1.35 0.893588
1.75 -1.3 0.917581
1.75 -1.25 0.93768
1.75 -1.2 0.953896
1.75 -1.15 0.966524
1.75 -1.1 0.976053
1.75 -1.05 0.983047
1.75 -1 0.988069
1.75 -0.95 0.991612
1.75 -0.9 0.994081
1.75 -0.85 0.995791
1.75 -0.8 0.996971
1.75 -0.75 0.997787
1.75 -0.7 0.998355
1.75 -0.65 0.998753
1.75 -0.6 0.999036
1.75 -0.55 0.999238
1.75 -0.5 0.999385
1.75 -0.45 0.999493
1.75 -0.4 0.999574
1.75 -0.35 0.999636
1.75 -0.3 0.999683
1.75 -0.25 0.999719
1.75 -0.2 0.999748
1.75 -0.15 0.99977
1.75 -0.1 0.999788
1.75 -0.05 0.999803
1.75 -5.13478e-16 0.999815
1.75 0.05 0.999825
1.75 0.1 0.999833
1.75 0.15 0.999839
1.75 0.2 0.999845
1.75 0.25 0.99985
1.75 0.3 0.999854
1.75 0.35 0.999857
1.75 0.4 0.99986
1.75 0.45 0.999862
1.75 0.5 0.999864
1.75 0.55 0.999865
1.75 0.6 0.999867
1.75 0.65 0.999868
1.75 0.7 0.999869
1.75 0.75 0.99987
1.75 0.8 0.999871
1.75 0.85 0.999871
1.75 0.9 0.999872
1.75 0.95 0.999872
1.75 1 0.999873
1.75 1.05 0.999873
1.75 1.1 0.999873
1.75 1.15 0.999874
1.75 1.2 0.999874
1.75 1.25 0.999874
1.75 1.3 0.999874
1.75 1.35 0.999874
1.75 1.4 0.999874
1.75 1.45 0.999874
1.75 1.5 0.999875
1.75 1.55 0.999875
1.75 1.6 0.999875
1.75 1.65 0.999875
1.75 1.7 0.999875
1.75 1.75 0.999875
1.75 1.8 0.999875
1.75 1.85 0.999875
1.75 1.9 0.999875
1.75 1.95 0.999875
1.75 2 0.999875
1.75 2.05 0.999875
1.75 2.1 0.999875
1.75 2.15 0.999875
1.75 2.2 0.999875
1.75 2.25 0.999875
1.75 2.3 0.999875
1.75 2.35 0.999875
1.75 2.4 0.999875
1.75 2.45 0.999875
1.75 2.5 0.999875

1.8 -2.5 0.472178
1.8 -2.45 0.477176
1.8 -2.4 0.482987
1.8 -2.35 0.489739
1.8 -2.3 0.497576
1.8 -2.25 0.506656
1.8 -2.2 0.517159
1.8 -2.15 0.529276
1.8 -2.1 0.543213
1.8 -2.05 0.559177
1.8 -2 0.577369
1.8 -1.95 0.597963
1.8 -1.9 0.62108
1.8 -1.85 0.646755
1.8 -1.8 0.674896
1.8 -1.75 0.705239
1.8 -1.7 0.737313
1.8 -1.65 0.770421
1.8 -1.6 0.803663
1.8 -1.55 0.836005
1.8 -1.5 0.866394
1.8 -1.45 0.893899
1.8 -1.4 0.917845
1.8 -1.35 0.937898
1.8 -1.3 0.954068
1.8 -1.25 0.966656
1.8 -1.2 0.97615
1.8 -1.15 0.983118
1.8 -1.1 0.988119
1.8 -1.05 0.991647
1.8 -1 0.994106
1.8 -0.95 0.995808
1.8 -0.9 0.996983
1.8 -0.85 0.997796
1.8 -0.8 0.998361
1.8 -0.75 0.998757
1.8 -0.7 0.999038
1.8 -0.65 0.99924
1.8 -0.6 0.999387
1.8 -0.55 0.999494
1.8 -0.5 0.999575
1.8 -0.45 0.999636
1.8 -0.4 0.999683
1.8 -0.35 0.999719
1.8 -0.3 0.999748
1.8 -0.25 0.999771
1.8 -0.2 0.999789
1.8 -0.15 0.999803
1.8 -0.1 0.999815
1.8 -0.05 0.999825
1.8 -5.13478e-16 0.999833
1.8 0.05 0.99984
1.8 0.1 0.999845
1.8 0.15 0.99985
1.8 0.2 0.999854
1.8 0.25 0.999857
1.8 0.3 0.99986
1.8 0.35 0.999862
1.8 0.4 0.999864
1.8 0.45 0.999865
1.8 0.5 0.999867
1.8 0.55 0.999868
1.8 0.6 0.999869
1.8 0.65 0.99987
1.8 0.7 0.999871
1.8 0.75 0.999871
1.8 0.8 0.999872
1.8 0.85 0.999872
1.8 0.9 0.999873
1.8 0.95 0.999873
1.8 1 0.999873
1.8 1.05 0.999874
1.8 1.1 0.999874
1.8 1.15 0.999874
1.8 1.2 0.999874
1.8 1.25 0.999874
1.8 1.3 0.999874
1.8 1.35 0.999874
1.8 1.4 0.999875
1.8 1.45 0.999875
1.8 1.5 0.999875
1.8 1.55 0.999875
1.8 1.6 0.999875
1.8 1.65 0.999875
1.8 1.7 0.999875
1.8 1.75 0.999875
1.8 1.8 0.999875
1.8 1.85 0.999875
1.8 1.9 0.999875
1.8 1.95 0.999875
1.8 2 0.999875
1.8 2.05 0.999875
1.8 2.1 0.999875
1.8 2.15 0.999875
1.8 2.2 0.999875
1.8 2.25 0.999875
1.8 2.3 0.999875
1.8 2.35 0.999875
1.8 2.4 0.999875
1.8 2.45 0.999875
1.8 2.5 0.999875

1.85 -2.5 0.483062
1.85 -2.45 0.489827
1.85 -2.4 0.497677
1.85 -2.35 0.506773
1.85 -2.3 0.517294
1.85 -2.25 0.529432
1.85 -2.2 0.543392
1.85 -2.15 0.559382
1.85 -2.1 0.577602
1.85 -2.05 0.598225
1.85 -2 0.621373
1.85 -1.95 0.647079
1.85 -1.9 0.675248
1.85 -1.85 0.705616
1.85 -1.8 0.737706
1.85 -1.75 0.770821
1.85 -1.7 0.804059
1.85 -1.65 0.836384
1.85 -1.6 0.866743
1.85 -1.55 0.894208
1.85 -1.5 0.91811
1.85 -1.45 0.938115
1.85 -1.4 0.95424
1.85 -1.35 0.966788
1.85 -1.3 0.976248
1.85 -1.25 0.983189
1.85 -1.2 0.988169
1.85 -1.15 0.991682
1.85 -1.1 0.99413
1.85 -1.05 0.995824
1.85 -1 0.996994
1.85 -0.95 0.997804
1.85 -0.9 0.998367
1.85 -0.85 0.998761
1.85 -0.8 0.999041
1.85 -0.75 0.999242
1.85 -0.7 0.999388
1.85 -0.65 0.999496
1.85 -0.6 0.999576
1.85 -0.55 0.999637
1.85 -0.5 0.999684
1.85 -0.45 0.99972
1.85 -0.4 0.999748
1.85 -0.35 0.999771
1.85 -0.3 0.999789
1.85 -0.25 0.999803
1.85 -0.2 0.999815
1.85 -0.15 0.999825
1.85 -0.1 0.999833
1.85 -0.05 0.99984
1.85 -5.13478e-16 0.999845
1.85 0.05 0.99985
1.85 0.1 0.999854
1.85 0.15 0.999857
1.85 0.2 0.99986
1.85 0.25 0.999862
1.85 0.3 0.999864
1.85 0.35 0.999866
1.85 0.4 0.999867
1.85 0.45 0.999868
1.85 0.5 0.999869
1.85 0.55 0.99987
1.85 0.6 0.999871
1.85 0.65 0.999871
1.85 0.7 0.999872
1.85 0.75 0.999872
1.85 0.8 0.999873
1.85 0.85 0.999873
1.85 0.9 0.999873
1.85 0.95 0.999874
1.85 1 0.999874
1.85 1.05 0.999874
1.85 1.1 0.999874
1.85 1.15 0.999874
1.85 1.2 0.999874
1.85 1.25 0.999874
1.85 1.3 0.999875
1.85 1.35 0.999875
1.85 1.4 0.999875
1.85 1.45 0.999875
1.85 1.5 0.999875
1.85 1.55 0.999875
1.85 1.6 0.999875
1.85 1.65 0.999875
1.85 1.7 0.999875
1.85 1.75 0.999875
1.85 1.8 0.999875
1.85 1.85 0.999875
1.85 1.9 0.999875
1.85 1.95 0.999875
1.85 2 0.999875
1.85 2.05 0.999875
1.85 2.1 0.999875
1.85 2.15 0.999875
1.85 2.2 0.999875
1.85 2.25 0.999875
1.85 2.3 0.999875
1.85 2.35 0.999875
1.85 2.4 0.999875
1.85 2.45 0.999875
1.85 2.5 0.999875

1.9 -2.5 0.497778
1.9 -2.45 0.506891
1.9 -2.4 0.51743
1.9 -2.35 0.529589
1.9 -2.3 0.543572
1.9 -2.25 0.559587
1.9 -2.2 0.577835
1.9 -2.15 0.598488
1.9 -2.1 0.621667
1.9 -2.05 0.647403
1.9 -2 0.675601
1.9 -1.95 0.705992
1.9 -1.9 0.738099
1.9 -1.85 0.771222
1.9 -1.8 0.804455
1.9 -1.75 0.836762
1.9 -1.7 0.867092
1.9 -1.65 0.894518
1.9 -1.6 0.918374
1.9 -1.55 0.938331
1.9 -1.5 0.954411
1.9 -1.45 0.966918
1.9 -1.4 0.976345
1.9 -1.35 0.98326
1.9 -1.3 0.988219
1.9 -1.25 0.991717
1.9 -1.2 0.994154
1.9 -1.15 0.995841
1.9 -1.1 0.997006
1.9 -1.05 0.997812
1.9 -1 0.998372
1.9 -0.95 0.998765
1.9 -0.9 0.999044
1.9 -0.85 0.999244
1.9 -0.8 0.999389
1.9 -0.75 0.999497
1.9 -0.7 0.999577
1.9 -0.65 0.999637
1.9 -0.6 0.999684
1.9 -0.55 0.99972
1.9 -0.5 0.999749
1.9 -0.45 0.999771
1.9 -0.4 0.999789
1.9 -0.35 0.999804
1.9 -0.3 0.999815
1.9 -0.25 0.999825
1.9 -0.2 0.999833
1.9 -0.15 0.99984
1.9 -0.1 0.999845
1.9 -0.05 0.99985
1.9 -5.13478e-16 0.999854
1.9 0.05 0.999857
1.9 0.1 0.99986
1.9 0.15 0.999862
1.9 0.2 0.999864
1.9 0.25 0.999866
1.9 0.3 0.999867
1.9 0.35 0.999868
1.9 0.4 0.999869
1.9 0.45 0.99987
1.9 0.5 0.999871
1.9 0.55 0.999871
1.9 0.6 0.999872
1.9 0.65 0.999872
1.9 0.7 0.999873
1.9 0.75 0.999873
1.9 0.8 0.999873
1.9 0.85 0.999874
1.9 0.9 0.999874
1.9 0.95 0.999874
1.9 1 0.999874
1.9 1.05 0.999874
1.9 1.1 0.999874
1.9 1.15 0.999874
1.9 1.2 0.999875
1.9 1.25 0.999875
1.9 1.3 0.999875
1.9 1.35 0.999875
1.9 1.4 0.999875
1.9 1.45 0.999875
1.9 1.5 0.999875
1.9 1.55 0.999875
1.9 1.6 0.999875
1.9 1.65 0.999875
1.9 1.7 0.999875
1.9 1.75 0.999875
1.9 1.8 0.999875
1.9 1.85 0.999875
1.9 1.9 0.999875
1.9 1.95 0.999875
1.9 2 0.999875
1.9 2.05 0.999875
1.9 2.1 0.999875
1.9 2.15 0.999875
1.9 2.2 0.999875
1.9 2.25 0.999875
1.9 2.3 0.999875
1.9 2.35 0.999875
1.9 2.4 0.999875
1.9 2.45 0.999875
1.9 2.5 0.999875

1.95 -2.5 0.517566
1.95 -2.45 0.529745
1.95 -2.4 0.543751
1.95 -2.35 0.559793
1.95 -2.3 0.578068
1.95 -2.25 0.598751
1.95 -2.2 0.621961
1.95 -2.15 0.647727
1.95 -2.1 0.675954
1.95 -2.05 0.706369
1.95 -2 0.738493
1.95 -1.95 0.771622
1.95 -1.9 0.804851
1.95 -1.85 0.83714
1.95 -1.8 0.86744
1.95 -1.75 0.894827
1.95 -1.7 0.918637
1.95 -1.65 0.938547
1.95 -1.6 0.954582
1.95 -1.55 0.967049
1.95 -1.5 0.976442
1.95 -1.45 0.98333
1.95 -1.4 0.988269
1.95 -1.35 0.991752
1.95 -1.3 0.994179
1.95 -1.25 0.995858
1.95 -1.2 0.997017
1.95 -1.15 0.99782
1.95 -1.1 0.998378
1.95 -1.05 0.998769
1.95 -1 0.999047
1.95 -0.95 0.999246
1.95 -0.9 0.999391
1.95 -0.85 0.999498
1.95 -0.8 0.999578
1.95 -0.75 0.999638
1.95 -0.7 0.999685
1.95 -0.65 0.999721
1.95 -0.6 0.999749
1.95 -0.55 0.999771
1.95 -0.5 0.999789
1.95 -0.45 0.999804
1.95 -0.4 0.999816
1.95 -0.35 0.999825
1.95 -0.3 0.999833
1.95 -0.25 0.99984
1.95 -0.2 0.999845
1.95 -0.15 0.99985
1.95 -0.1 0.999854
1.95 -0.05 0.999857
1.95 -5.13478e-16 0.99986
1.95 0.05 0.999862
1.95 0.1 0.999864
1.95 0.15 0.999866
1.95 0.2 0.999867
1.95 0.25 0.999868
1.95 0.3 0.999869
1.95 0.35 0.99987
1.95 0.4 0.999871
1.95 0.45 0.999871
1.95 0.5 0.999872
1.95 0.55 0.999872
1.95 0.6 0.999873
1.95 0.65 0.999873
1.95 0.7 0.999873
1.95 0.75 0.999874
1.95 0.8 0.999874
1.95 0.85 0.999874
1.95 0.9 0.999874
1.95 0.95 0.999874
1.95 1 0.999874
1.95 1.05 0.999874
1.95 1.1 0.999875
1.95 1.15 0.999875
1.95 1.2 0.999875
1.95 1.25 0.999875
1.95 1.3 0.999875
1.95 1.35 0.999875
1.95 1.4 0.999875
1.95 1.45 0.999875
1.95 1.5 0.999875
1.95 1.55 0.999875
1.95 1.6 0.999875
1.95 1.65 0.999875
1.95 1.7 0.999875
1.95 1.75 0.999875
1.95 1.8 0.999875
1.95 1.85 0.999875
1.95 1.9 0.999875
1.95 1.95 0.999875
1.95 2 0.999875
1.95 2.05 0.999875
1.95 2.1 0.999875
1.95 2.15 0.999875
1.95 2.2 0.999875
1.95 2.25 0.999875
1.95 2.3 0.999875
1.95 2.35 0.999875
1.95 2.4 0.999875
1.95 2.45 0.999875
1.95 2.5 0.999875

2 -2.5 0.543932
2 -2.45 0.559998
2 -2.4 0.578302
2 -2.35 0.599015
2 -2.3 0.622255
2 -2.25 0.648052
2 -2.2 0.676307
2 -2.15 0.706746
2 -2.1 0.738887
2 -2.05 0.772023
2 -2 0.805246
2 -1.95 0.837518
2 -1.9 0.867788
2 -1.85 0.895135
2 -1.8 0.918899
2 -1.75 0.938763
2 -1.7 0.954752
2 -1.65 0.967179
2 -1.6 0.976538
2 -1.55 0.9834
2 -1.5 0.988319
2 -1.45 0.991787
2 -1.4 0.994203
2 -1.35 0.995875
2 -1.3 0.997029
2 -1.25 0.997828
2 -1.2 0.998383
2 -1.15 0.998773
2 -1.1 0.99905
2 -1.05 0.999248
2 -1 0.999392
2 -0.95 0.999499
2 -0.9 0.999578
2 -0.85 0.999639
2 -0.8 0.999685
2 -0.75 0.999721
2 -0.7 0.999749
2 -0.65 0.999771
2 -0.6 0.999789
2 -0.55 0.999804
2 -0.5 0.999816
2 -0.45 0.999825
2 -0.4 0.999833
2 -0.35 0.99984
2 -0.3 0.999845
2 -0.25 0.99985
2 -0.2 0.999854
2 -0.15 0.999857
2 -0.1 0.99986
2 -0.05 0.999862
2 -5.13478e-16 0.999864
2 0.05 0.999866
2 0.1 0.999867
2 0.15 0.999868
2 0.2 0.999869
2 0.25 0.99987
2 0.3 0.999871
2 0.35 0.999871
2 0.4 0.999872
2 0.45 0.999872
2 0.5 0.999873
2 0.55 0.999873
2 0.6 0.999873
2 0.65 0.999874
2 0.7 0.999874
2 0.75 0.999874
2 0.8 0.999874
2 0.85 0.999874
2 0.9 0.999874
2 0.95 0.999874
2 1 0.999875
2 1.05 0.999875
2 1.1 0.999875
2 1.15 0.999875
2 1.2 0.999875
2 1.25 0.999875
2 1.3 0.999875
2 1.35 0.999875
2 1.4 0.999875
2 1.45 0.999875
2 1.5 0.999875
2 1.55 0.999875
2 1.6 0.999875
2 1.65 0.999875
2 1.7 0.999875
2 1.75 0.999875
2 1.8 0.999875
2 1.85 0.999875
2 1.9 0.999875
2 1.95 0.999875
2 2 0.999875
2 2.05 0.999875
2 2.1 0.999875
2 2.15 0.999875
2 2.2 0.999875
2 2.25 0.999875
2 2.3 0.999875
2 2.35 0.999875
2 2.4 0.999875
2 2.45 0.999875
2 2.5 0.999875

2.05 -2.5 0.578536
2.05 -2.45 0.599279
2.05 -2.4 0.62255
2.05 -2.35 0.648377
2.05 -2.3 0.67666
2.05 -2.25 0.707123
2.05 -2.2 0.739281
2.05 -2.15 0.772424
2.05 -2.1 0.805642
2.05 -2.05 0.837896
2.05 -2 0.868136
2.05 -1.95 0.895443
2.05 -1.9 0.919161
2.05 -1.85 0.938977
2.05 -1.8 0.954921
2.05 -1.75 0.967308
2.05 -1.7 0.976635
2.05 -1.65 0.983469
2.05 -1.6 0.988368
2.05 -1.55 0.991821
2.05 -1.5 0.994227
2.05 -1.45 0.995891
2.05 -1.4 0.99704
2.05 -1.35 0.997836
2.05 -1.3 0.998389
2.05 -1.25 0.998777
2.05 -1.2 0.999052
2.05 -1.15 0.99925
2.05 -1.1 0.999394
2.05 -1.05 0.9995
2.05 -1 0.999579
2.05 -0.95 0.999639
2.05 -0.9 0.999685
2.05 -0.85 0.999721
2.05 -0.8 0.999749
2.05 -0.75 0.999772
2.05 -0.7 0.99979
2.05 -0.65 0.999804
2.05 -0.6 0.999816
2.05 -0.55 0.999825
2.05 -0.5 0.999833
2.05 -0.45 0.99984
2.05 -0.4 0.999845
2.05 -0.35 0.99985
2.05 -0.3 0.999854
2.05 -0.25 0.999857
2.05 -0.2 0.99986
2.05 -0.15 0.999862
2.05 -0.1 0.999864
2.05 -0.05 0.999866
2.05 -5.13478e-16 0.999867
2.05 0.05 0.999868
2.05 0.1 0.999869
2.05 0.15 0.99987
2.05 0.2 0.999871
2.05 0.25 0.999871
2.05 0.3 0.999872
2.05 0.35 0.999872
2.05 0.4 0.999873
2.05 0.45 0.999873
2.05 0.5 0.999873
2.05 0.55 0.999874
2.05 0.6 0.999874
2.05 0.65 0.999874
2.05 0.7 0.999874
2.05 0.75 0.999874
2.05 0.8 0.999874
2.05 0.85 0.999874
2.05 0.9 0.999875
2.05 0.95 0.999875
2.05 1 0.999875
2.05 1.05 0.999875
2.05 1.1 0.999875
2.05 1.15 0.999875
2.05 1.2 0.999875
2.05 1.25 0.999875
2.05 1.3 0.999875
2.05 1.35 0.999875
2.05 1.4 0.999875
2.05 1.45 0.999875
2.05 1.5 0.999875
2.05 1.55 0.999875
2.05 1.6 0.999875
2.05 1.65 0.999875
2.05 1.7 0.999875
2.05 1.75 0.999875
2.05 1.8 0.999875
2.05 1.85 0.999875
2.05 1.9 0.999875
2.05 1.95 0.999875
2.05 2 0.999875
2.05 2.05 0.999875
2.05 2.1 0.999875
2.05 2.15 0.999875
2.05 2.2 0.999875
2.05 2.25 0.999875
2.05 2.3 0.999875
2.05 2.35 0.999875
2.05 2.4 0.999875
2.05 2.45 0.999875
2.05 2.5 0.999875

2.1 -2.5 0.622845
2.1 -2.45 0.648703
2.1 -2.4 0.677014
2.1 -2.35 0.707501
2.1 -2.3 0.739675
2.1 -2.25 0.772824
2.1 -2.2 0.806037
2.1 -2.15 0.838273
2.1 -2.1 0.868483
2.1 -2.05 0.89575
2.1 -2 0.919423
2.1 -1.95 0.939191
2.1 -1.9 0.95509
2.1 -1.85 0.967438
2.1 -1.8 0.97673
2.1 -1.75 0.983538
2.1 -1.7 0.988417
2.1 -1.65 0.991856
2.1 -1.6 0.994251
2.1 -1.55 0.995908
2.1 -1.5 0.997052
2.1 -1.45 0.997843
2.1 -1.4 0.998394
2.1 -1.35 0.998781
2.1 -1.3 0.999055
2.1 -1.25 0.999252
2.1 -1.2 0.999395
2.1 -1.15 0.999501
2.1 -1.1 0.99958
2.1 -1.05 0.99964
2.1 -1 0.999686
2.1 -0.95 0.999722
2.1 -0.9 0.99975
2.1 -0.85 0.999772
2.1 -0.8 0.99979
2.1 -0.75 0.999804
2.1 -0.7 0.999816
2.1 -0.65 0.999826
2.1 -0.6 0.999833
2.1 -0.55 0.99984
2.1 -0.5 0.999845
2.1 -0.45 0.99985
2.1 -0.4 0.999854
2.1 -0.35 0.999857
2.1 -0.3 0.99986
2.1 -0.25 0.999862
2.1 -0.2 0.999864
2.1 -0.15 0.999866
2.1 -0.1 0.999867
2.1 -0.05 0.999868
2.1 -5.13478e-16 0.999869
2.1 0.05 0.99987
2.1 0.1 0.999871
2.1 0.15 0.999871
2.1 0.2 0.999872
2.1 0.25 0.999872
2.1 0.3 0.999873
2.1 0.35 0.999873
2.1 0.4 0.999873
2.1 0.45 0.999874
2.1 0.5 0.999874
2.1 0.55 0.999874
2.1 0.6 0.999874
2.1 0.65 0.999874
2.1 0.7 0.999874
2.1 0.75 0.999874
2.1 0.8 0.999875
2.1 0.85 0.999875
2.1 0.9 0.999875
2.1 0.95 0.999875
2.1 1 0.999875
2.1 1.05 0.999875
2.1 1.1 0.999875
2.1 1.15 0.999875
2.1 1.2 0.999875
2.1 1.25 0.999875
2.1 1.3 0.999875
2.1 1.35 0.999875
2.1 1.4 0.999875
2.1 1.45 0.999875
2.1 1.5 0.999875
2.1 1.55 0.999875
2.1 1.6 0.999875
2.1 1.65 0.999875
2.1 1.7 0.999875
2.1 1.75 0.999875
2.1 1.8 0.999875
2.1 1.85 0.999875
2.1 1.9 0.999875
2.1 1.95 0.999875
2.1 2 0.999875
2.1 2.05 0.999875
2.1 2.1 0.999875
2.1 2.15 0.999875
2.1 2.2 0.999875
2.1 2.25 0.999875
2.1 2.3 0.999875
2.1 2.35 0.999875
2.1 2.4 0.999875
2.1 2.45 0.999875
2.1 2.5 0.999875

2.15 -2.5 0.677368
2.15 -2.45 0.707878
2.15 -2.4 0.740069
2.15 -2.35 0.773225
2.15 -2.3 0.806432
2.15 -2.25 0.83865
2.15 -2.2 0.868829
2.15 -2.15 0.896057
2.15 -2.1 0.919684
2.15 -2.05 0.939405
2.15 -2 0.955259
2.15 -1.95 0.967566
2.15 -1.9 0.976826
2.15 -1.85 0.983607
2.15 -1.8 0.988466
2.15 -1.75 0.99189
2.15 -1.7 0.994274
2.15 -1.65 0.995924
2.15 -1.6 0.997063
2.15 -1.55 0.997851
2.15 -1.5 0.9984
2.15 -1.45 0.998785
2.15 -1.4 0.999058
2.15 -1.35 0.999254
2.15 -1.3 0.999397
2.15 -1.25 0.999502
2.15 -1.2 0.999581
2.15 -1.15 0.999641
2.15 -1.1 0.999686
2.15 -1.05 0.999722
2.15 -1 0.99975
2.15 -0.95 0.999772
2.15 -0.9 0.99979
2.15 -0.85 0.999804
2.15 -0.8 0.999816
2.15 -0.75 0.999826
2.15 -0.7 0.999834
2.15 -0.65 0.99984
2.15 -0.6 0.999846
2.15 -0.55 0.99985
2.15 -0.5 0.999854
2.15 -0.45 0.999857
2.15 -0.4 0.99986
2.15 -0.35 0.999862
2.15 -0.3 0.999864
2.15 -0.25 0.999866
2.15 -0.2 0.999867
2.15 -0.15 0.999868
2.15 -0.1 0.999869
2.15 -0.05 0.99987
2.15 -5.13478e-16 0.999871
2.15 0.05 0.999871
2.15 0.1 0.999872
2.15 0.15 0.999872
2.15 0.2 0.999873
2.15 0.25 0.999873
2.15 0.3 0.999873
2.15 0.35 0.999874
2.15 0.4 0.999874
2.15 0.45 0.999874
2.15 0.5 0.999874
2.15 0.55 0.999874
2.15 0.6 0.999874
2.15 0.65 0.999875
2.15 0.7 0.999875
2.15 0.75 0.999875
2.15 0.8 0.999875
2.15 0.85 0.999875
2.15 0.9 0.999875
2.15 0.95 0.999875
2.15 1 0.999875
2.15 1.05 0.999875
2.15 1.1 0.999875
2.15 1.15 0.999875
2.15 1.2 0.999875
2.15 1.25 0.999875
2.15 1.3 0.999875
2.15 1.35 0.999875
2.15 1.4 0.999875
2.15 1.45 0.999875
2.15 1.5 0.999875
2.15 1.55 0.999875
2.15 1.6 0.999875
2.15 1.65 0.999875
2.15 1.7 0.999875
2.15 1.75 0.999875
2.15 1.8 0.999875
2.15 1.85 0.999875
2.15 1.9 0.999875
2.15 1.95 0.999875
2.15 2 0.999875
2.15 2.05 0.999875
2.15 2.1 0.999875
2.15 2.15 0.999875
2.15 2.2 0.999875
2.15 2.25 0.999875
2.15 2.3 0.999875
2.15 2.35 0.999875
2.15 2.4 0.999875
2.15 2.45 0.999875
2.15 2.5 0.999875

2.2 -2.5 0.740463
2.2 -2.45 0.773626
2.2 -2.4 0.806828
2.2 -2.35 0.839027
2.2 -2.3 0.869176
2.2 -2.25 0.896363
2.2 -2.2 0.919944
2.2 -2.15 0.939618
2.2 -2.1 0.955427
2.2 -2.05 0.967694
2.2 -2 0.976921
2.2 -1.95 0.983676
2.2 -1.9 0.988515
2.2 -1.85 0.991924
2.2 -1.8 0.994298
2.2 -1.75 0.99594
2.2 -1.7 0.997074
2.2 -1.65 0.997859
2.2 -1.6 0.998405
2.2 -1.55 0.998789
2.2 -1.5 0.999061
2.2 -1.45 0.999256
2.2 -1.4 0.999398
2.2 -1.35 0.999503
2.2 -1.3 0.999582
2.2 -1.25 0.999641
2.2 -1.2 0.999687
2.2 -1.15 0.999722
2.2 -1.1 0.99975
2.2 -1.05 0.999772
2.2 -1 0.99979
2.2 -0.95 0.999805
2.2 -0.9 0.999816
2.2 -0.85 0.999826
2.2 -0.8 0.999834
2.2 -0.75 0.99984
2.2 -0.7 0.999846
2.2 -0.65 0.99985
2.2 -0.6 0.999854
2.2 -0.55 0.999857
2.2 -0.5 0.99986
2.2 -0.45 0.999862
2.2 -0.4 0.999864
2.2 -0.35 0.999866
2.2 -0.3 0.999867
2.2 -0.25 0.999868
2.2 -0.2 0.999869
2.2 -0.15 0.99987
2.2 -0.1 0.999871
2.2 -0.05 0.999871
2.2 -5.13478e-16 0.999872
2.2 0.05 0.999872
2.2 0.1 0.999873
2.2 0.15 0.999873
2.2 0.2 0.999873
2.2 0.25 0.999874
2.2 0.3 0.999874
2.2 0.35 0.999874
2.2 0.4 0.999874
2.2 0.45 0.999874
2.2 0.5 0.999874
2.2 0.55 0.999875
2.2 0.6 0.999875
2.2 0.65 0.999875
2.2 0.7 0.999875
2.2 0.75 0.999875
2.2 0.8 0.999875
2.2 0.85 0.999875
2.2 0.9 0.999875
2.2 0.95 0.999875
2.2 1 0.999875
2.2 1.05 0.999875
2.2 1.1 0.999875
2.2 1.15 0.999875
2.2 1.2 0.999875
2.2 1.25 0.999875
2.2 1.3 0.999875
2.2 1.35 0.999875
2.2 1.4 0.999875
2.2 1.45 0.999875
2.2 1.5 0.999875
2.2 1.55 0.999875
2.2 1.6 0.999875
2.2 1.65 0.999875
2.2 1.7 0.999875
2.2 1.75 0.999875
2.2 1.8 0.999875
2.2 1.85 0.999875
2.2 1.9 0.999875
2.2 1.95 0.999875
2.2 2 0.999875
2.2 2.05 0.999875
2.2 2.1 0.999875
2.2 2.15 0.999875
2.2 2.2 0.999875
2.2 2.25 0.999875
2.2 2.3 0.999875
2.2 2.35 0.999875
2.2 2.4 0.999875
2.2 2.45 0.999875
2.2 2.5 0.999875

2.25 -2.5 0.807222
2.25 -2.45 0.839403
2.25 -2.4 0.869521
2.25 -2.35 0.896669
2.25 -2.3 0.920204
2.25 -2.25 0.93983
2.25 -2.2 0.955594
2.25 -2.15 0.967822
2.25 -2.1 0.977015
2.25 -2.05 0.983745
2.25 -2 0.988564
2.25 -1.95 0.991958
2.25 -1.9 0.994322
2.25 -1.85 0.995957
2.25 -1.8 0.997086
2.25 -1.75 0.997867
2.25 -1.7 0.998411
2.25 -1.65 0.998793
2.25 -1.6 0.999063
2.25 -1.55 0.999258
2.25 -1.5 0.9994
2.25 -1.45 0.999504
2.25 -1.4 0.999583
2.25 -1.35 0.999642
2.25 -1.3 0.999687
2.25 -1.25 0.999723
2.25 -1.2 0.999751
2.25 -1.15 0.999773
2.25 -1.1 0.99979
2.25 -1.05 0.999805
2.25 -1 0.999816
2.25 -0.95 0.999826
2.25 -0.9 0.999834
2.25 -0.85 0.99984
2.25 -0.8 0.999846
2.25 -0.75 0.99985
2.25 -0.7 0.999854
2.25 -0.65 0.999857
2.25 -0.6 0.99986
2.25 -0.55 0.999862
2.25 -0.5 0.999864
2.25 -0.45 0.999866
2.25 -0.4 0.999867
2.25 -0.35 0.999868
2.25 -0.3 0.999869
2.25 -0.25 0.99987
2.25 -0.2 0.999871
2.25 -0.15 0.999871
2.25 -0.1 0.999872
2.25 -0.05 0.999872
2.25 -5.13478e-16 0.999873
2.25 0.05 0.999873
2.25 0.1 0.999873
2.25 0.15 0.999874
2.25 0.2 0.999874
2.25 0.25 0.999874
2.25 0.3 0.999874
2.25 0.35 0.999874
2.25 0.4 0.999874
2.25 0.45 0.999875
2.25 0.5 0.999875
2.25 0.55 0.999875
2.25 0.6 0.999875
2.25 0.65 0.999875
2.25 0.7 0.999875
2.25 0.75 0.999875
2.25 0.8 0.999875
2.25 0.85 0.999875
2.25 0.9 0.999875
2.25 0.95 0.999875
2.25 1 0.999875
2.25 1.05 0.999875
2.25 1.1 0.999875
2.25 1.15 0.999875
2.25 1.2 0.999875
2.25 1.25 0.999875
2.25 1.3 0.999875
2.25 1.35 0.999875
2.25 1.4 0.999875
2.25 1.45 0.999875
2.25 1.5 0.999875
2.25 1.55 0.999875
2.25 1.6 0.999875
2.25 1.65 0.999875
2.25 1.7 0.999875
2.25 1.75 0.999875
2.25 1.8 0.999875
2.25 1.85 0.999875
2.25 1.9 0.999875
2.25 1.95 0.999875
2.25 2 0.999875
2.25 2.05 0.999875
2.25 2.1 0.999875
2.25 2.15 0.999875
2.25 2.2 0.999875
2.25 2.25 0.999875
2.25 2.3 0.999875
2.25 2.35 0.999875
2.25 2.4 0.999875
2.25 2.45 0.999875
2.25 2.5 0.999875

2.3 -2.5 0.869867
2.3 -2.45 0.896974
2.3 -2.4 0.920463
2.3 -2.35 0.940042
2.3 -2.3 0.955762
2.3 -2.25 0.96795
2.3 -2.2 0.97711
2.3 -2.15 0.983813
2.3 -2.1 0.988612
2.3 -2.05 0.991992
2.3 -2 0.994345
2.3 -1.95 0.995973
2.3 -1.9 0.997097
2.3 -1.85 0.997875
2.3 -1.8 0.998416
2.3 -1.75 0.998796
2.3 -1.7 0.999066
2.3 -1.65 0.99926
2.3 -1.6 0.999401
2.3 -1.55 0.999505
2.3 -1.5 0.999583
2.3 -1.45 0.999642
2.3 -1.4 0.999688
2.3 -1.35 0.999723
2.3 -1.3 0.999751
2.3 -1.25 0.999773
2.3 -1.2 0.999791
2.3 -1.15 0.999805
2.3 -1.1 0.999816
2.3 -1.05 0.999826
2.3 -1 0.999834
2.3 -0.95 0.99984
2.3 -0.9 0.999846
2.3 -0.85 0.99985
2.3 -0.8 0.999854
2.3 -0.75 0.999857
2.3 -0.7 0.99986
2.3 -0.65 0.999862
2.3 -0.6 0.999864
2.3 -0.55 0.999866
2.3 -0.5 0.999867
2.3 -0.45 0.999868
2.3 -0.4 0.999869
2.3 -0.35 0.99987
2.3 -0.3 0.999871
2.3 -0.25 0.999871
2.3 -0.2 0.999872
2.3 -0.15 0.999872
2.3 -0.1 0.999873
2.3 -0.05 0.999873
2.3 -5.13478e-16 0.999873
2.3 0.05 0.999874
2.3 0.1 0.999874
2.3 0.15 0.999874
2.3 0.2 0.999874
2.3 0.25 0.999874
2.3 0.3 0.999874
2.3 0.35 0.999875
2.3 0.4 0.999875
2.3 0.45 0.999875
2.3 0.5 0.999875
2.3 0.55 0.999875
2.3 0.6 0.999875
2.3 0.65 0.999875
2.3 0.7 0.999875
2.3 0.75 0.999875
2.3 0.8 0.999875
2.3 0.85 0.999875
2.3 0.9 0.999875
2.3 0.95 0.999875
2.3 1 0.999875
2.3 1.05 0.999875
2.3 1.1 0.999875
2.3 1.15 0.999875
2.3 1.2 0.999875
2.3 1.25 0.999875
2.3 1.3 0.999875
2.3 1.35 0.999875
2.3 1.4 0.999875
2.3 1.45 0.999875
2.3 1.5 0.999875
2.3 1.55 0.999875
2.3 1.6 0.999875
2.3 1.65 0.999875
2.3 1.7 0.999875
2.3 1.75 0.999875
2.3 1.8 0.999875
2.3 1.85 0.999875
2.3 1.9 0.999875
2.3 1.95 0.999875
2.3 2 0.999875
2.3 2.05 0.999875
2.3 2.1 0.999875
2.3 2.15 0.999875
2.3 2.2 0.999875
2.3 2.25 0.999875
2.3 2.3 0.999875
2.3 2.35 0.999875
2.3 2.4 0.999875
2.3 2.45 0.999875
2.3 2.5 0.999875

2.35 -2.5 0.920722
2.35 -2.45 0.940254
2.35 -2.4 0.955928
2.35 -2.35 0.968076
2.35 -2.3 0.977204
2.35 -2.25 0.983881
2.35 -2.2 0.98866
2.35 -2.15 0.992026
2.35 -2.1 0.994368
2.35 -2.05 0.995989
2.35 -2 0.997108
2.35 -1.95 0.997882
2.35 -1.9 0.998422
2.35 -1.85 0.9988
2.35 -1.8 0.999069
2.35 -1.75 0.999262
2.35 -1.7 0.999403
2.35 -1.65 0.999507
2.35 -1.6 0.999584
2.35 -1.55 0.999643
2.35 -1.5 0.999688
2.35 -1.45 0.999724
2.35 -1.4 0.999751
2.35 -1.35 0.999773
2.35 -1.3 0.999791
2.35 -1.25 0.999805
2.35 -1.2 0.999817
2.35 -1.15 0.999826
2.35 -1.1 0.999834
2.35 -1.05 0.99984
2.35 -1 0.999846
2.35 -0.95 0.99985
2.35 -0.9 0.999854
2.35 -0.85 0.999857
2.35 -0.8 0.99986
2.35 -0.75 0.999862
2.35 -0.7 0.999864
2.35 -0.65 0.999866
2.35 -0.6 0.999867
2.35 -0.55 0.999868
2.35 -0.5 0.999869
2.35 -0.45 0.99987
2.35 -0.4 0.999871
2.35 -0.35 0.999871
2.35 -0.3 0.999872
2.35 -0.25 0.999872
2.35 -0.2 0.999873
2.35 -0.15 0.999873
2.35 -0.1 0.999873
2.35 -0.05 0.999874
2.35 -5.13478e-16 0.999874
2.35 0.05 0.999874
2.35 0.1 0.999874
2.35 0.15 0.999874
2.35 0.2 0.999874
2.35 0.25 0.999875
2.35 0.3 0.999875
2.35 0.35 0.999875
2.35 0.4 0.999875
2.35 0.45 0.999875
2.35 0.5 0.999875
2.35 0.55 0.999875
2.35 0.6 0.999875
2.35 0.65 0.999875
2.35 0.7 0.999875
2.35 0.75 0.999875
2.35 0.8 0.999875
2.35 0.85 0.999875
2.35 0.9 0.999875
2.35 0.95 0.999875
2.35 1 0.999875
2.35 1.05 0.999875
2.35 1.1 0.999875
2.35 1.15 0.999875
2.35 1.2 0.999875
2.35 1.25 0.999875
2.35 1.3 0.999875
2.35 1.35 0.999875
2.35 1.4 0.999875
2.35 1.45 0.999875
2.35 1.5 0.999875
2.35 1.55 0.999875
2.35 1.6 0.999875
2.35 1.65 0.999875
2.35 1.7 0.999875
2.35 1.75 0.999875
2.35 1.8 0.999875
2.35 1.85 0.999875
2.35 1.9 0.999875
2.35 1.95 0.999875
2.35 2 0.999875
2.35 2.05 0.999875
2.35 2.1 0.999875
2.35 2.15 0.999875
2.35 2.2 0.999875
2.35 2.25 0.999875
2.35 2.3 0.999875
2.35 2.35 0.999875
2.35 2.4 0.999875
2.35 2.45 0.999875
2.35 2.5 0.999875

2.4 -2.5 0.956094
2.4 -2.45 0.968203
2.4 -2.4 0.977297
2.4 -2.35 0.983948
2.4 -2.3 0.988708
2.4 -2.25 0.992059
2.4 -2.2 0.994392
2.4 -2.15 0.996005
2.4 -2.1 0.997119
2.4 -2.05 0.99789
2.4 -2 0.998427
2.4 -1.95 0.998804
2.4 -1.9 0.999072
2.4 -1.85 0.999264
2.4 -1.8 0.999404
2.4 -1.75 0.999508
2.4 -1.7 0.999585
2.4 -1.65 0.999644
2.4 -1.6 0.999689
2.4 -1.55 0.999724
2.4 -1.5 0.999751
2.4 -1.45 0.999773
2.4 -1.4 0.999791
2.4 -1.35 0.999805
2.4 -1.3 0.999817
2.4 -1.25 0.999826
2.4 -1.2 0.999834
2.4 -1.15 0.99984
2.4 -1.1 0.999846
2.4 -1.05 0.99985
2.4 -1 0.999854
2.4 -0.95 0.999857
2.4 -0.9 0.99986
2.4 -0.85 0.999862
2.4 -0.8 0.999864
2.4 -0.75 0.999866
2.4 -0.7 0.999867
2.4 -0.65 0.999868
2.4 -0.6 0.999869
2.4 -0.55 0.99987
2.4 -0.5 0.999871
2.4 -0.45 0.999871
2.4 -0.4 0.999872
2.4 -0.35 0.999872
2.4 -0.3 0.999873
2.4 -0.25 0.999873
2.4 -0.2 0.999873
2.4 -0.15 0.999874
2.4 -0.1 0.999874
2.4 -0.05 0.999874
2.4 -5.13478e-16 0.999874
2.4 0.05 0.999874
2.4 0.1 0.999874
2.4 0.15 0.999875
2.4 0.2 0.999875
2.4 0.25 0.999875
2.4 0.3 0.999875
2.4 0.35 0.999875
2.4 0.4 0.999875
2.4 0.45 0.999875
2.4 0.5 0.999875
2.4 0.55 0.999875
2.4 0.6 0.999875
2.4 0.65 0.999875
2.4 0.7 0.999875
2.4 0.75 0.999875
2.4 0.8 0.999875
2.4 0.85 0.999875
2.4 0.9 0.999875
2.4 0.95 0.999875
2.4 1 0.999875
2.4 1.05 0.999875
2.4 1.1 0.999875
2.4 1.15 0.999875
2.4 1.2 0.999875
2.4 1.25 0.999875
2.4 1.3 0.999875
2.4 1.35 0.999875
2.4 1.4 0.999875
2.4 1.45 0.999875
2.4 1.5 0.999875
2.4 1.55 0.999875
2.4 1.6 0.999875
2.4 1.65 0.999875
2.4 1.7 0.999875
2.4 1.75 0.999875
2.4 1.8 0.999875
2.4 1.85 0.999875
2.4 1.9 0.999875
2.4 1.95 0.999875
2.4 2 0.999875
2.4 2.05 0.999875
2.4 2.1 0.999875
2.4 2.15 0.999875
2.4 2.2 0.999875
2.4 2.25 0.999875
2.4 2.3 0.999875
2.4 2.35 0.999875
2.4 2.4 0.999875
2.4 2.45 0.999875
2.4 2.5 0.999875

2.45 -2.5 0.977391
2.45 -2.45 0.984016
2.45 -2.4 0.988756
2.45 -2.35 0.992092
2.45 -2.3 0.994415
2.45 -2.25 0.996021
2.45 -2.2 0.99713
2.45 -2.15 0.997898
2.45 -2.1 0.998432
2.45 -2.05 0.998808
2.45 -2 0.999074
2.45 -1.95 0.999266
2.45 -1.9 0.999406
2.45 -1.85 0.999509
2.45 -1.8 0.999586
2.45 -1.75 0.999644
2.45 -1.7 0.999689
2.45 -1.65 0.999724
2.45 -1.6 0.999752
2.45 -1.55 0.999774
2.45 -1.5 0.999791
2.45 -1.45 0.999805
2.45 -1.4 0.999817
2.45 -1.35 0.999826
2.45 -1.3 0.999834
2.45 -1.25 0.99984
2.45 -1.2 0.999846
2.45 -1.15 0.99985
2.45 -1.1 0.999854
2.45 -1.05 0.999857
2.45 -1 0.99986
2.45 -0.95 0.999862
2.45 -0.9 0.999864
2.45 -0.85 0.999866
2.45 -0.8 0.999867
2.45 -0.75 0.999868
2.45 -0.7 0.999869
2.45 -0.65 0.99987
2.45 -0.6 0.999871
2.45 -0.55 0.999871
2.45 -0.5 0.999872
2.45 -0.45 0.999872
2.45 -0.4 0.999873
2.45 -0.35 0.999873
2.45 -0.3 0.999873
2.45 -0.25 0.999874
2.45 -0.2 0.999874
2.45 -0.15 0.999874
2.45 -0.1 0.999874
2.45 -0.05 0.999874
2.45 -5.13478e-16 0.999874
2.45 0.05 0.999875
2.45 0.1 0.999875
2.45 0.15 0.999875
2.45 0.2 0.999875
2.45 0.25 0.999875
2.45 0.3 0.999875
2.45 0.35 0.999875
2.45 0.4 0.999875
2.45 0.45 0.999875
2.45 0.5 0.999875
2.45 0.55 0.999875
2.45 0.6 0.999875
2.45 0.65 0.999875
2.45 0.7 0.999875
2.45 0.75 0.999875
2.45 0.8 0.999875
2.45 0.85 0.999875
2.45 0.9 0.999875
2.45 0.95 0.999875
2.45 1 0.999875
2.45 1.05 0.999875
2.45 1.1 0.999875
2.45 1.15 0.999875
2.45 1.2 0.999875
2.45 1.25 0.999875
2.45 1.3 0.999875
2.45 1.35 0.999875
2.45 1.4 0.999875
2.45 1.45 0.999875
2.45 1.5 0.999875
2.45 1.55 0.999875
2.45 1.6 0.999875
2.45 1.65 0.999875
2.45 1.7 0.999875
2.45 1.75 0.999875
2.45 1.8 0.999875
2.45 1.85 0.999875
2.45 1.9 0.999875
2.45 1.95 0.999875
2.45 2 0.999875
2.45 2.05 0.999875
2.45 2.1 0.999875
2.45 2.15 0.999875
2.45 2.2 0.999875
2.45 2.25 0.999875
2.45 2.3 0.999875
2.45 2.35 0.999875
2.45 2.4 0.999875
2.45 2.45 0.999875
2.45 2.5 0.999875

2.5 -2.5 0.988803
2.5 -2.45 0.992126
2.5 -2.4 0.994438
2.5 -2.35 0.996037
2.5 -2.3 0.997141
2.5 -2.25 0.997905
2.5 -2.2 0.998438
2.5 -2.15 0.998812
2.5 -2.1 0.999077
2.5 -2.05 0.999268
2.5 -2 0.999407
2.5 -1.95 0.99951
2.5 -1.9 0.999587
2.5 -1.85 0.999645
2.5 -1.8 0.99969
2.5 -1.75 0.999725
2.5 -1.7 0.999752
2.5 -1.65 0.999774
2.5 -1.6 0.999791
2.5 -1.55 0.999805
2.5 -1.5 0.999817
2.5 -1.45 0.999826
2.5 -1.4 0.999834
2.5 -1.35 0.999841
2.5 -1.3 0.999846
2.5 -1.25 0.99985
2.5 -1.2 0.999854
2.5 -1.15 0.999857
2.5 -1.1 0.99986
2.5 -1.05 0.999862
2.5 -1 0.999864
2.5 -0.95 0.999866
2.5 -0.9 0.999867
2.5 -0.85 0.999868
2.5 -0.8 0.999869
2.5 -0.75 0.99987
2.5 -0.7 0.999871
2.5 -0.65 0.999871
2.5 -0.6 0.999872
2.5 -0.55 0.999872
2.5 -0.5 0.999873
2.5 -0.45 0.999873
2.5 -0.4 0.999873
2.5 -0.35 0.999874
2.5 -0.3 0.999874
2.5 -0.25 0.999874
2.5 -0.2 0.999874
2.5 -0.15 0.999874
2.5 -0.1 0.999874
2.5 -0.05 0.999875
2.5 -5.13478e-16 0.999875
2.5 0.05 0.999875
2.5 0.1 0.999875
2.5 0.15 0.999875
2.5 0.2 0.999875
2.5 0.25 0.999875
2.5 0.3 0.999875
2.5 0.35 0.999875
2.5 0.4 0.999875
2.5 0.45 0.999875
2.5 0.5 0.999875
2.5 0.55 0.999875
2.5 0.6 0.999875
2.5 0.65 0.999875
2.5 0.7 0.999875
2.5 0.75 0.999875
2.5 0.8 0.999875
2.5 0.85 0.999875
2.5 0.9 0.999875
2.5 0.95 0.999875
2.5 1 0.999875
2.5 1.05 0.999875
2.5 1.1 0.999875
2.5 1.15 0.999875
2.5 1.2 0.999875
2.5 1.25 0.999875
2.5 1.3 0.999875
2.5 1.35 0.999875
2.5 1.4 0.999875
2.5 1.45 0.999875
2.5 1.5 0.999875
2.5 1.55 0.999875
2.5 1.6 0.999875
2.5 1.65 0.999875
2.5 1.7 0.999875
2.5 1.75 0.999875
2.5 1.8 0.999875
2.5 1.85 0.999875
2.5 1.9 0.999875
2.5 1.95 0.999875
2.5 2 0.999875
2.5 2.05 0.999875
2.5 2.1 0.999875
2.5 2.15 0.999875
2.5 2.2 0.999875
2.5 2.25 0.999875
2.5 2.3 0.999875
2.5 2.35 0.999875
2.5 2.4 0.999875
2.5 2.45 0.999875
2.5 2.5 0.999875

2.55 -2.5 0.994461
2.55 -2.45 0.996053
2.55 -2.4 0.997152
2.55 -2.35 0.997913
2.55 -2.3 0.998443
2.55 -2.25 0.998815
2.55 -2.2 0.99908
2.55 -2.15 0.99927
2.55 -2.1 0.999408
2.55 -2.05 0.999511
2.55 -2 0.999587
2.55 -1.95 0.999646
2.55 -1.9 0.99969
2.55 -1.85 0.999725
2.55 -1.8 0.999752
2.55 -1.75 0.999774
2.55 -1.7 0.999792
2.55 -1.65 0.999806
2.55 -1.6 0.999817
2.55 -1.55 0.999826
2.55 -1.5 0.999834
2.55 -1.45 0.999841
2.55 -1.4 0.999846
2.55 -1.35 0.99985
2.55 -1.3 0.999854
2.55 -1.25 0.999857
2.55 -1.2 0.99986
2.55 -1.15 0.999862
2.55 -1.1 0.999864
2.55 -1.05 0.999866
2.55 -1 0.999867
2.55 -0.95 0.999868
2.55 -0.9 0.999869
2.55 -0.85 0.99987
2.55 -0.8 0.999871
2.55 -0.75 0.999871
2.55 -0.7 0.999872
2.55 -0.65 0.999872
2.55 -0.6 0.999873
2.55 -0.55 0.999873
2.55 -0.5 0.999873
2.55 -0.45 0.999874
2.55 -0.4 0.999874
2.55 -0.35 0.999874
2.55 -0.3 0.999874
2.55 -0.25 0.999874
2.55 -0.2 0.999874
2.55 -0.15 0.999875
2.55 -0.1 0.999875
2.55 -0.05 0.999875
2.55 -5.13478e-16 0.999875
2.55 0.05 0.999875
2.55 0.1 0.999875
2.55 0.15 0.999875
2.55 0.2 0.999875
2.55 0.25 0.999875
2.55 0.3 0.999875
2.55 0.35 0.999875
2.55 0.4 0.999875
2.55 0.45 0.999875
2.55 0.5 0.999875
2.55 0.55 0.999875
2.55 0.6 0.999875
2.55 0.65 0.999875
2.55 0.7 0.999875
2.55 0.75 0.999875
2.55 0.8 0.999875
2.55 0.85 0.999875
2.55 0.9 0.999875
2.55 0.95 0.999875
2.55 1 0.999875
2.55 1.05 0.999875
2.55 1.1 0.999875
2.55 1.15 0.999875
2.55 1.2 0.999875
2.55 1.25 0.999875
2.55 1.3 0.999875
2.55 1.35 0.999875
2.55 1.4 0.999875
2.55 1.45 0.999875
2.55 1.5 0.999875
2.55 1.55 0.999875
2.55 1.6 0.999875
2.55 1.65 0.999875
2.55 1.7 0.999875
2.55 1.75 0.999875
2.55 1.8 0.999875
2.55 1.85 0.999875
2.55 1.9 0.999875
2.55 1.95 0.999875
2.55 2 0.999875
2.55 2.05 0.999875
2.55 2.1 0.999875
2.55 2.15 0.999875
2.55 2.2 0.999875
2.55 2.25 0.999875
2.55 2.3 0.999875
2.55 2.35 0.999875
2.55 2.4 0.999875
2.55 2.45 0.999875
2.55 2.5 0.999875

2.6 -2.5 0.997163
2.6 -2.45 0.997921
2.6 -2.4 0.998448
2.6 -2.35 0.998819
2.6 -2.3 0.999082
2.6 -2.25 0.999272
2.6 -2.2 0.99941
2.6 -2.15 0.999512
2.6 -2.1 0.999588
2.6 -2.05 0.999646
2.6 -2 0.999691
2.6 -1.95 0.999725
2.6 -1.9 0.999753
2.6 -1.85 0.999774
2.6 -1.8 0.999792
2.6 -1.75 0.999806
2.6 -1.7 0.999817
2.6 -1.65 0.999827
2.6 -1.6 0.999834
2.6 -1.55 0.999841
2.6 -1.5 0.999846
2.6 -1.45 0.99985
2.6 -1.4 0.999854
2.6 -1.35 0.999857
2.6 -1.3 0.99986
2.6 -1.25 0.999862
2.6 -1.2 0.999864
2.6 -1.15 0.999866
2.6 -1.1 0.999867
2.6 -1.05 0.999868
2.6 -1 0.999869
2.6 -0.95 0.99987
2.6 -0.9 0.999871
2.6 -0.85 0.999871
2.6 -0.8 0.999872
2.6 -0.75 0.999872
2.6 -0.7 0.999873
2.6 -0.65 0.999873
2.6 -0.6 0.999873
2.6 -0.55 0.999874
2.6 -0.5 0.999874
2.6 -0.45 0.999874
2.6 -0.4 0.999874
2.6 -0.35 0.999874
2.6 -0.3 0.999874
2.6 -0.25 0.999875
2.6 -0.2 0.999875
2.6 -0.15 0.999875
2.6 -0.1 0.999875
2.6 -0.05 0.999875
2.6 -5.13478e-16 0.999875
2.6 0.05 0.999875
2.6 0.1 0.999875
2.6 0.15 0.999875
2.6 0.2 0.999875
2.6 0.25 0.999875
2.6 0.3 0.999875
2.6 0.35 0.999875
2.6 0.4 0.999875
2.6 0.45 0.999875
2.6 0.5 0.999875
2.6 0.55 0.999875
2.6 0.6 0.999875
2.6 0.65 0.999875
2.6 0.7 0.999875
2.6 0.75 0.999875
2.6 0.8 0.999875
2.6 0.85 0.999875
2.6 0.9 0.999875
2.6 0.95 0.999875
2.6 1 0.999875
2.6 1.05 0.999875
2.6 1.1 0.999875
2.6 1.15 0.999875
2.6 1.2 0.999875
2.6 1.25 0.999875
2.6 1.3 0.999875
2.6 1.35 0.999875
2.6 1.4 0.999875
2.6 1.45 0.999875
2.6 1.5 0.999875
2.6 1.55 0.999875
2.6 1.6 0.999875
2.6 1.65 0.999875
2.6 1.7 0.999875
2.6 1.75 0.999875
2.6 1.8 0.999875
2.6 1.85 0.999875
2.6 1.9 0.999875
2.6 1.95 0.999875
2.6 2 0.999875
2.6 2.05 0.999875
2.6 2.1 0.999875
2.6 2.15 0.999875
2.6 2.2 0.999875
2.6 2.25 0.999875
2.6 2.3 0.999875
2.6 2.35 0.999875
2.6 2.4 0.999875
2.6 2.45 0.999875
2.6 2.5 0.999875

2.65 -2.5 0.998454
2.65 -2.45 0.998823
2.65 -2.4 0.999085
2.65 -2.35 0.999274
2.65 -2.3 0.999411
2.65 -2.25 0.999513
2.65 -2.2 0.999589
2.65 -2.15 0.999647
2.65 -2.1 0.999691
2.65 -2.05 0.999726
2.65 -2 0.999753
2.65 -1.95 0.999775
2.65 -1.9 0.999792
2.65 -1.85 0.999806
2.65 -1.8 0.999817
2.65 -1.75 0.999827
2.65 -1.7 0.999834
2.65 -1.65 0.999841
2.65 -1.6 0.999846
2.65 -1.55 0.999851
2.65 -1.5 0.999854
2.65 -1.45 0.999857
2.65 -1.4 0.99986
2.65 -1.35 0.999862
2.65 -1.3 0.999864
2.65 -1.25 0.999866
2.65 -1.2 0.999867
2.65 -1.15 0.999868
2.65 -1.1 0.999869
2.65 -1.05 0.99987
2.65 -1 0.999871
2.65 -0.95 0.999871
2.65 -0.9 0.999872
2.65 -0.85 0.999872
2.65 -0.8 0.999873
2.65 -0.75 0.999873
2.65 -0.7 0.999873
2.65 -0.65 0.999874
2.65 -0.6 0.999874
2.65 -0.55 0.999874
2.65 -0.5 0.999874
2.65 -0.45 0.999874
2.65 -0.4 0.999874
2.65 -0.35 0.999875
2.65 -0.3 0.999875
2.65 -0.25 0.999875
2.65 -0.2 0.999875
2.65 -0.15 0.999875
2.65 -0.1 0.999875
2.65 -0.05 0.999875
2.65 -5.13478e-16 0.999875
2.65 0.05 0.999875
2.65 0.1 0.999875
2.65 0.15 0.999875
2.65 0.2 0.999875
2.65 0.25 0.999875
2.65 0.3 0.999875
2.65 0.35 0.999875
2.65 0.4 0.999875
2.65 0.45 0.999875
2.65 0.5 0.999875
2.65 0.55 0.999875
2.65 0.6 0.999875
2.65 0.65 0.999875
2.65 0.7 0.999875
2.65 0.75 0.999875
2.65 0.8 0.999875
2.65 0.85 0.999875
2.65 0.9 0.999875
2.65 0.95 0.999875
2.65 1 0.999875
2.65 1.05 0.999875
2.65 1.1 0.999875
2.65 1.15 0.999875
2.65 1.2 0.999875
2.65 1.25 0.999875
2.65 1.3 0.999875
2.65 1.35 0.999875
2.65 1.4 0.999875
2.65 1.45 0.999875
2.65 1.5 0.999875
2.65 1.55 0.999875
2.65 1.6 0.999875
2.65 1.65 0.999875
2.65 1.7 0.999875
2.65 1.75 0.999875
2.65 1.8 0.999875
2.65 1.85 0.999875
2.65 1.9 0.999875
2.65 1.95 0.999875
2.65 2 0.999875
2.65 2.05 0.999875
2.65 2.1 0.999875
2.65 2.15 0.999875
2.65 2.2 0.999875
2.65 2.25 0.999875
2.65 2.3 0.999875
2.65 2.35 0.999875
2.65 2.4 0.999875
2.65 2.45 0.999875
2.65 2.5 0.999875

2.7 -2.5 0.999088
2.7 -2.45 0.999276
2.7 -2.4 0.999413
2.7 -2.35 0.999514
2.7 -2.3 0.99959
2.7 -2.25 0.999647
2.7 -2.2 0.999692
2.7 -2.15 0.999726
2.7 -2.1 0.999753
2.7 -2.05 0.999775
2.7 -2 0.999792
2.7 -1.95 0.999806
2.7 -1.9 0.999817
2.7 -1.85 0.999827
2.7 -1.8 0.999834
2.7 -1.75 0.999841
2.7 -1.7 0.999846
2.7 -1.65 0.999851
2.7 -1.6 0.999854
2.7 -1.55 0.999857
2.7 -1.5 0.99986
2.7 -1.45 0.999862
2.7 -1.4 0.999864
2.7 -1.35 0.999866
2.7 -1.3 0.999867
2.7 -1.25 0.999868
2.7 -1.2 0.999869
2.7 -1.15 0.99987
2.7 -1.1 0.999871
2.7 -1.05 0.999871
2.7 -1 0.999872
2.7 -0.95 0.999872
2.7 -0.9 0.999873
2.7 -0.85 0.999873
2.7 -0.8 0.999873
2.7 -0.75 0.999874
2.7 -0.7 0.999874
2.7 -0.65 0.999874
2.7 -0.6 0.999874
2.7 -0.55 0.999874
2.7 -0.5 0.999874
2.7 -0.45 0.999875
2.7 -0.4 0.999875
2.7 -0.35 0.999875
2.7 -0.3 0.999875
2.7 -0.25 0.999875
2.7 -0.2 0.999875
2.7 -0.15 0.999875
2.7 -0.1 0.999875
2.7 -0.05 0.999875
2.7 -5.13478e-16 0.999875
2.7 0.05 0.999875
2.7 0.1 0.999875
2.7 0.15 0.999875
2.7 0.2 0.999875
2.7 0.25 0.999875
2.7 0.3 0.999875
2.7 0.35 0.999875
2.7 0.4 0.999875
2.7 0.45 0.999875
2.7 0.5 0.999875
2.7 0.55 0.999875
2.7 0.6 0.999875
2.7 0.65 0.999875
2.7 0.7 0.999875
2.7 0.75 0.999875
2.7 0.8 0.999875
2.7 0.85 0.999875
2.7 0.9 0.999875
2.7 0.95 0.999875
2.7 1 0.999875
2.7 1.05 0.999875
2.7 1.1 0.999875
2.7 1.15 0.999875
2.7 1.2 0.999875
2.7 1.25 0.999875
2.7 1.3 0.999875
2.7 1.35 0.999875
2.7 1.4 0.999875
2.7 1.45 0.999875
2.7 1.5 0.999875
2.7 1.55 0.999875
2.7 1.6 0.999875
2.7 1.65 0.999875
2.7 1.7 0.999875
2.7 1.75 0.999875
2.7 1.8 0.999875
2.7 1.85 0.999875
2.7 1.9 0.999875
2.7 1.95 0.999875
2.7 2 0.999875
2.7 2.05 0.999875
2.7 2.1 0.999875
2.7 2.15 0.999875
2.7 2.2 0.999875
2.7 2.25 0.999875
2.7 2.3 0.999875
2.7 2.35 0.999875
2.7 2.4 0.999875
2.7 2.45 0.999875
2.7 2.5 0.999875

2.75 -2.5 0.999414
2.75 -2.45 0.999515
2.75 -2.4 0.999591
2.75 -2.35 0.999648
2.75 -2.3 0.999692
2.75 -2.25 0.999727
2.75 -2.2 0.999754
2.75 -2.15 0.999775
2.75 -2.1 0.999792
2.75 -2.05 0.999806
2.75 -2 0.999818
2.75 -1.95 0.999827
2.75 -1.9 0.999835
2.75 -1.85 0.999841
2.75 -1.8 0.999846
2.75 -1.75 0.999851
2.75 -1.7 0.999854
2.75 -1.65 0.999857
2.75 -1.6 0.99986
2.75 -1.55 0.999862
2.75 -1.5 0.999864
2.75 -1.45 0.999866
2.75 -1.4 0.999867
2.75 -1.35 0.999868
2.75 -1.3 0.999869
2.75 -1.25 0.99987
2.75 -1.2 0.999871
2.75 -1.15 0.999871
2.75 -1.1 0.999872
2.75 -1.05 0.999872
2.75 -1 0.999873
2.75 -0.95 0.999873
2.75 -0.9 0.999873
2.75 -0.85 0.999874
2.75 -0.8 0.999874
2.75 -0.75 0.999874
2.75 -0.7 0.999874
2.75 -0.65 0.999874
2.75 -0.6 0.999874
2.75 -0.55 0.999875
2.75 -0.5 0.999875
2.75 -0.45 0.999875
2.75 -0.4 0.999875
2.75 -0.35 0.999875
2.75 -0.3 0.999875
2.75 -0.25 0.999875
2.75 -0.2 0.999875
2.75 -0.15 0.999875
2.75 -0.1 0.999875
2.75 -0.05 0.999875
2.75 -5.13478e-16 0.999875
2.75 0.05 0.999875
2.75 0.1 0.999875
2.75 0.15 0.999875
2.75 0.2 0.999875
2.75 0.25 0.999875
2.75 0.3 0.999875
2.75 0.35 0.999875
2.75 0.4 0.999875
2.75 0.45 0.999875
2.75 0.5 0.999875
2.75 0.55 0.999875
2.75 0.6 0.999875
2.75 0.65 0.999875
2.75 0.7 0.999875
2.75 0.75 0.999875
2.75 0.8 0.999875
2.75 0.85 0.999875
2.75 0.9 0.999875
2.75 0.95 0.999875
2.75 1 0.999875
2.75 1.05 0.999875
2.75 1.1 0.999875
2.75 1.15 0.999875
2.75 1.2 0.999875
2.75 1.25 0.999875
2.75 1.3 0.999875
2.75 1.35 0.999875
2.75 1.4 0.999875
2.75 1.45 0.999875
2.75 1.5 0.999875
2.75 1.55 0.999875
2.75 1.6 0.999875
2.75 1.65 0.999875
2.75 1.7 0.999875
2.75 1.75 0.999875
2.75 1.8 0.999875
2.75 1.85 0.999875
2.75 1.9 0.999875
2.75 1.95 0.999875
2.75 2 0.999875
2.75 2.05 0.999875
2.75 2.1 0.999875
2.75 2.15 0.999875
2.75 2.2 0.999875
2.75 2.25 0.999875
2.75 2.3 0.999875
2.75 2.35 0.999875
2.75 2.4 0.999875
2.75 2.45 0.999875
2.75 2.5 0.999875

2.8 -2.5 0.999591
2.8 -2.45 0.999649
2.8 -2.4 0.999693
2.8 -2.35 0.999727
2.8 -2.3 0.999754
2.8 -2.25 0.999775
2.8 -2.2 0.999792
2.8 -2.15 0.999806
2.8 -2.1 0.999818
2.8 -2.05 0.999827
2.8 -2 0.999835
2.8 -1.95 0.999841
2.8 -1.9 0.999846
2.8 -1.85 0.999851
2.8 -1.8 0.999854
2.8 -1.75 0.999858
2.8 -1.7 0.99986
2.8 -1.65 0.999862
2.8 -1.6 0.999864
2.8 -1.55 0.999866
2.8 -1.5 0.999867
2.8 -1.45 0.999868
2.8 -1.4 0.999869
2.8 -1.35 0.99987
2.8 -1.3 0.999871
2.8 -1.25 0.999871
2.8 -1.2 0.999872
2.8 -1.15 0.999872
2.8 -1.1 0.999873
2.8 -1.05 0.999873
2.8 -1 0.999873
2.8 -0.95 0.999874
2.8 -0.9 0.999874
2.8 -0.85 0.999874
2.8 -0.8 0.999874
2.8 -0.75 0.999874
2.8 -0.7 0.999874
2.8 -0.65 0.999875
2.8 -0.6 0.999875
2.8 -0.55 0.999875
2.8 -0.5 0.999875
2.8 -0.45 0.999875
2.8 -0.4 0.999875
2.8 -0.35 0.999875
2.8 -0.3 0.999875
2.8 -0.25 0.999875
2.8 -0.2 0.999875
2.8 -0.15 0.999875
2.8 -0.1 0.999875
2.8 -0.05 0.999875
2.8 -5.13478e-16 0.999875
2.8 0.05 0.999875
2.8 0.1 0.999875
2.8 0.15 0.999875
2.8 0.2 0.999875
2.8 0.25 0.999875
2.8 0.3 0.999875
2.8 0.35 0.999875
2.8 0.4 0.999875
2.8 0.45 0.999875
2.8 0.5 0.999875
2.8 0.55 0.999875
2.8 0.6 0.999875
2.8 0.65 0.999875
2.8 0.7 0.999875
2.8 0.75 0.999875
2.8 0.8 0.999875
2.8 0.85 0.999875
2.8 0.9 0.999875
2.8 0.95 0.999875
2.8 1 0.999875
2.8 1.05 0.999875
2.8 1.1 0.999875
2.8 1.15 0.999875
2.8 1.2 0.999875
2.8 1.25 0.999875
2.8 1.3 0.999875
2.8 1.35 0.999875
2.8 1.4 0.999875
2.8 1.45 0.999875
2.8 1.5 0.999875
2.8 1.55 0.999875
2.8 1.6 0.999875
2.8 1.65 0.999875
2.8 1.7 0.999875
2.8 1.75 0.999875
2.8 1.8 0.999875
2.8 1.85 0.999875
2.8 1.9 0.999875
2.8 1.95 0.999875
2.8 2 0.999875
2.8 2.05 0.999875
2.8 2.1 0.999875
2.8 2.15 0.999875
2.8 2.2 0.999875
2.8 2.25 0.999875
2.8 2.3 0.999875
2.8 2.35 0.999875
2.8 2.4 0.999875
2.8 2.45 0.999875
2.8 2.5 0.999875

2.85 -2.5 0.999693
2.85 -2.45 0.999727
2.85 -2.4 0.999754
2.85 -2.35 0.999775
2.85 -2.3 0.999793
2.85 -2.25 0.999807
2.85 -2.2 0.999818
2.85 -2.15 0.999827
2.85 -2.1 0.999835
2.85 -2.05 0.999841
2.85 -2 0.999846
2.85 -1.95 0.999851
2.85 -1.9 0.999854
2.85 -1.85 0.999858
2.85 -1.8 0.99986
2.85 -1.75 0.999862
2.85 -1.7 0.999864
2.85 -1.65 0.999866
2.85 -1.6 0.999867
2.85 -1.55 0.999868
2.85 -1.5 0.999869
2.85 -1.45 0.99987
2.85 -1.4 0.999871
2.85 -1.35 0.999871
2.85 -1.3 0.999872
2.85 -1.25 0.999872
2.85 -1.2 0.999873
2.85 -1.15 0.999873
2.85 -1.1 0.999873
2.85 -1.05 0.999874
2.85 -1 0.999874
2.85 -0.95 0.999874
2.85 -0.9 0.999874
2.85 -0.85 0.999874
2.85 -0.8 0.999874
2.85 -0.75 0.999875
2.85 -0.7 0.999875
2.85 -0.65 0.999875
2.85 -0.6 0.999875
2.85 -0.55 0.999875
2.85 -0.5 0.999875
2.85 -0.45 0.999875
2.85 -0.4 0.999875
2.85 -0.35 0.999875
2.85 -0.3 0.999875
2.85 -0.25 0.999875
2.85 -0.2 0.999875
2.85 -0.15 0.999875
2.85 -0.1 0.999875
2.85 -0.05 0.999875
2.85 -5.13478e-16 0.999875
2.85 0.05 0.999875
2.85 0.1 0.999875
2.85 0.15 0.999875
2.85 0.2 0.999875
2.85 0.25 0.999875
2.85 0.3 0.999875
2.85 0.35 0.999875
2.85 0.4 0.999875
2.85 0.45 0.999875
2.85 0.5 0.999875
2.85 0.55 0.999875
2.85 0.6 0.999875
2.85 0.65 0.999875
2.85 0.7 0.999875
2.85 0.75 0.999875
2.85 0.8 0.999875
2.85 0.85 0.999875
2.85 0.9 0.999875
2.85 0.95 0.999875
2.85 1 0.999875
2.85 1.05 0.999875
2.85 1.1 0.999875
2.85 1.15 0.999875
2.85 1.2 0.999875
2.85 1.25 0.999875
2.85 1.3 0.999875
2.85 1.35 0.999875
2.85 1.4 0.999875
2.85 1.45 0.999875
2.85 1.5 0.999875
2.85 1.55 0.999875
2.85 1.6 0.999875
2.85 1.65 0.999875
2.85 1.7 0.999875
2.85 1.75 0.999875
2.85 1.8 0.999875
2.85 1.85 0.999875
2.85 1.9 0.999875
2.85 1.95 0.999875
2.85 2 0.999875
2.85 2.05 0.999875
2.85 2.1 0.999875
2.85 2.15 0.999875
2.85 2.2 0.999875
2.85 2.25 0.999875
2.85 2.3 0.999875
2.85 2.35 0.999875
2.85 2.4 0.999875
2.85 2.45 0.999875
2.85 2.5 0.999875

2.9 -2.5 0.999754
2.9 -2.45 0.999776
2.9 -2.4 0.999793
2.9 -2.35 0.999807
2.9 -2.3 0.999818
2.9 -2.25 0.999827
2.9 -2.2 0.999835
2.9 -2.15 0.999841
2.9 -2.1 0.999846
2.9 -2.05 0.999851
2.9 -2 0.999854
2.9 -1.95 0.999858
2.9 -1.9 0.99986
2.9 -1.85 0.999862
2.9 -1.8 0.999864
2.9 -1.75 0.999866
2.9 -1.7 0.999867
2.9 -1.65 0.999868
2.9 -1.6 0.999869
2.9 -1.55 0.99987
2.9 -1.5 0.999871
2.9 -1.45 0.999871
2.9 -1.4 0.999872
2.9 -1.35 0.999872
2.9 -1.3 0.999873
2.9 -1.25 0.999873
2.9 -1.2 0.999873
2.9 -1.15 0.999874
2.9 -1.1 0.999874
2.9 -1.05 0.999874
2.9 -1 0.999874
2.9 -0.95 0.999874
2.9 -0.9 0.999874
2.9 -0.85 0.999875
2.9 -0.8 0.999875
2.9 -0.75 0.999875
2.9 -0.7 0.999875
2.9 -0.65 0.999875
2.9 -0.6 0.999875
2.9 -0.55 0.999875
2.9 -0.5 0.999875
2.9 -0.45 0.999875
2.9 -0.4 0.999875
2.9 -0.35 0.999875
2.9 -0.3 0.999875
2.9 -0.25 0.999875
2.9 -0.2 0.999875
2.9 -0.15 0.999875
2.9 -0.1 0.999875
2.9 -0.05 0.999875
2.9 -5.13478e-16 0.999875
2.9 0.05 0.999875
2.9 0.1 0.999875
2.9 0.15 0.999875
2.9 0.2 0.999875
2.9 0.25 0.999875
2.9 0.3 0.999875
2.9 0.35 0.999875
2.9 0.4 0.999875
2.9 0.45 0.999875
2.9 0.5 0.999875
2.9 0.55 0.999875
2.9 0.6 0.999875
2.9 0.65 0.999875
2.9 0.7 0.999875
2.9 0.75 0.999875
2.9 0.8 0.999875
2.9 0.85 0.999875
2.9 0.9 0.999875
2.9 0.95 0.999875
2.9 1 0.999875
2.9 1.05 0.999875
2.9 1.1 0.999875
2.9 1.15 0.999875
2.9 1.2 0.999875
2.9 1.25 0.999875
2.9 1.3 0.999875
2.9 1.35 0.999875
2.9 1.4 0.999875
2.9 1.45 0.999875
2.9 1.5 0.999875
2.9 1.55 0.999875
2.9 1.6 0.999875
2.9 1.65 0.999875
2.9 1.7 0.999875
2.9 1.75 0.999875
2.9 1.8 0.999875
2.9 1.85 0.999875
2.9 1.9 0.999875
2.9 1.95 0.999875
2.9 2 0.999875
2.9 2.05 0.999875
2.9 2.1 0.999875
2.9 2.15 0.999875
2.9 2.2 0.999875
2.9 2.25 0.999875
2.9 2.3 0.999875
2.9 2.35 0.999875
2.9 2.4 0.999875
2.9 2.45 0.999875
2.9 2.5 0.999875

2.95 -2.5 0.999793
2.95 -2.45 0.999807
2.95 -2.4 0.999818
2.95 -2.35 0.999827
2.95 -2.3 0.999835
2.95 -2.25 0.999841
2.95 -2.2 0.999846
2.95 -2.15 0.999851
2.95 -2.1 0.999855
2.95 -2.05 0.999858
2.95 -2 0.99986
2.95 -1.95 0.999862
2.95 -1.9 0.999864
2.95 -1.85 0.999866
2.95 -1.8 0.999867
2.95 -1.75 0.999868
2.95 -1.7 0.999869
2.95 -1.65 0.99987
2.95 -1.6 0.999871
2.95 -1.55 0.999872
2.95 -1.5 0.999872
2.95 -1.45 0.999872
2.95 -1.4 0.999873
2.95 -1.35 0.999873
2.95 -1.3 0.999873
2.95 -1.25 0.999874
2.95 -1.2 0.999874
2.95 -1.15 0.999874
2.95 -1.1 0.999874
2.95 -1.05 0.999874
2.95 -1 0.999874
2.95 -0.95 0.999875
2.95 -0.9 0.999875
2.95 -0.85 0.999875
2.95 -0.8 0.999875
2.95 -0.75 0.999875
2.95 -0.7 0.999875
2.95 -0.65 0.999875
2.95 -0.6 0.999875
2.95 -0.55 0.999875
2.95 -0.5 0.999875
2.95 -0.45 0.999875
2.95 -0.4 0.999875
2.95 -0.35 0.999875
2.95 -0.3 0.999875
2.95 -0.25 0.999875
2.95 -0.2 0.999875
2.95 -0.15 0.999875
2.95 -0.1 0.999875
2.95 -0.05 0.999875
2.95 -5.13478e-16 0.999875
2.95 0.05 0.999875
2.95 0.1 0.999875
2.95 0.15 0.999875
2.95 0.2 0.999875
2.95 0.25 0.999875
2.95 0.3 0.999875
2.95 0.35 0.999875
2.95 0.4 0.999875
2.95 0.45 0.999875
2.95 0.5 0.999875
2.95 0.55 0.999875
2.95 0.6 0.999875
2.95 0.65 0.999875
2.95 0.7 0.999875
2.95 0.75 0.999875
2.95 0.8 0.999875
2.95 0.85 0.999875
2.95 0.9 0.999875
2.95 0.95 0.999875
2.95 1 0.999875
2.95 1.05 0.999875
2.95 1.1 0.999875
2.95 1.15 0.999875
2.95 1.2 0.999875
2.95 1.25 0.999875
2.95 1.3 0.999875
2.95 1.35 0.999875
2.95 1.4 0.999875
2.95 1.45 0.999875
2.95 1.5 0.999875
2.95 1.55 0.999875
2.95 1.6 0.999875
2.95 1.65 0.999875
2.95 1.7 0.999875
2.95 1.75 0.999875
2.95 1.8 0.999875
2.95 1.85 0.999875
2.95 1.9 0.999875
2.95 1.95 0.999875
2.95 2 0.999875
2.95 2.05 0.999875
2.95 2.1 0.999875
2.95 2.15 0.999875
2.95 2.2 0.999875
2.95 2.25 0.999875
2.95 2.3 0.999875
2.95 2.35 0.999875
2.95 2.4 0.999875
2.95 2.45 0.999875
2.95 2.5 0.999875

3 -2.5 0.999818
3 -2.45 0.999827
3 -2.4 0.999835
3 -2.35 0.999841
3 -2.3 0.999847
3 -2.25 0.999851
3 -2.2 0.999855
3 -2.15 0.999858
3 -2.1 0.99986
3 -2.05 0.999862
3 -2 0.999864
3 -1.95 0.999866
3 -1.9 0.999867
3 -1.85 0.999868
3 -1.8 0.999869
3 -1.75 0.99987
3 -1.7 0.999871
3 -1.65 0.999872
3 -1.6 0.999872
3 -1.55 0.999872
3 -1.5 0.999873
3 -1.45 0.999873
3 -1.4 0.999873
3 -1.35 0.999874
3 -1.3 0.999874
3 -1.25 0.999874
3 -1.2 0.999874
3 -1.15 0.999874
3 -1.1 0.999874
3 -1.05 0.999875
3 -1 0.999875
3 -0.95 0.999875
3 -0.9 0.999875
3 -0.85 0.999875
3 -0.8 0.999875
3 -0.75 0.999875
3 -0.7 0.999875
3 -0.65 0.999875
3 -0.6 0.999875
3 -0.55 0.999875
3 -0.5 0.999875
3 -0.45 0.999875
3 -0.4 0.999875
3 -0.35 0.999875
3 -0.3 0.999875
3 -0.25 0.999875
3 -0.2 0.999875
3 -0.15 0.999875
3 -0.1 0.999875
3 -0.05 0.999875
3 -5.13478e-16 0.999875
3 0.05 0.999875
3 0.1 0.999875
3 0.15 0.999875
3 0.2 0.999875
3 0.25 0.999875
3 0.3 0.999875
3 0.35 0.999875
3 0.4 0.999875
3 0.45 0.999875
3 0.5 0.999875
3 0.55 0.999875
3 0.6 0.999875
3 0.65 0.999875
3 0.7 0.999875
3 0.75 0.999875
3 0.8 0.999875
3 0.85 0.999875
3 0.9 0.999875
3 0.95 0.999875
3 1 0.999875
3 1.05 0.999875
3 1.1 0.999875
3 1.15 0.999875
3 1.2 0.999875
3 1.25 0.999875
3 1.3 0.999875
3 1.35 0.999875
3 1.4 0.999875
3 1.45 0.999875
3 1.5 0.999875
3 1.55 0.999875
3 1.6 0.999875
3 1.65 0.999875
3 1.7 0.999875
3 1.75 0.999875
3 1.8 0.999875
3 1.85 0.999875
3 1.9 0.999875
3 1.95 0.999875
3 2 0.999875
3 2.05 0.999875
3 2.1 0.999875
3 2.15 0.999875
3 2.2 0.999875
3 2.25 0.999875
3 2.3 0.999875
3 2.35 0.999875
3 2.4 0.999875
3 2.45 0.999875
3 2.5 0.999875

3.05 -2.5 0.999835
3.05 -2.45 0.999841
3.05 -2.4 0.999847
3.05 -2.35 0.999851
3.05 -2.3 0.999855
3.05 -2.25 0.999858
3.05 -2.2 0.99986
3.05 -2.15 0.999862
3.05 -2.1 0.999864
3.05 -2.05 0.999866
3.05 -2 0.999867
3.05 -1.95 0.999868
3.05 -1.9 0.999869
3.05 -1.85 0.99987
3.05 -1.8 0.999871
3.05 -1.75 0.999872
3.05 -1.7 0.999872
3.05 -1.65 0.999872
3.05 -1.6 0.999873
3.05 -1.55 0.999873
3.05 -1.5 0.999873
3.05 -1.45 0.999874
3.05 -1.4 0.999874
3.05 -1.35 0.999874
3.05 -1.3 0.999874
3.05 -1.25 0.999874
3.05 -1.2 0.999874
3.05 -1.15 0.999875
3.05 -1.1 0.999875
3.05 -1.05 0.999875
3.05 -1 0.999875
3.05 -0.95 0.999875
3.05 -0.9 0.999875
3.05 -0.85 0.999875
3.05 -0.8 0.999875
3.05 -0.75 0.999875
3.05 -0.7 0.999875
3.05 -0.65 0.999875
3.05 -0.6 0.999875
3.05 -0.55 0.999875
3.05 -0.5 0.999875
3.05 -0.45 0.999875
3.05 -0.4 0.999875
3.05 -0.35 0.999875
3.05 -0.3 0.999875
3.05 -0.25 0.999875
3.05 -0.2 0.999875
3.05 -0.15 0.999875
3.05 -0.1 0.999875
3.05 -0.05 0.999875
3.05 -5.13478e-16 0.999875
3.05 0.05 0.999875
3.05 0.1 0.999875
3.05 0.15 0.999875
3.05 0.2 0.999875
3.05 0.25 0.999875
3.05 0.3 0.999875
3.05 0.35 0.999875
3.05 0.4 0.999875
3.05 0.45 0.999875
3.05 0.5 0.999875
3.05 0.55 0.999875
3.05 0.6 0.999875
3.05 0.65 0.999875
3.05 0.7 0.999875
3.05 0.75 0.999875
3.05 0.8 0.999875
3.05 0.85 0.999875
3.05 0.9 0.999875
3.05 0.95 0.999875
3.05 1 0.999875
3.05 1.05 0.999875
3.05 1.1 0.999875
3.05 1.15 0.999875
3.05 1.2 0.999875
3.05 1.25 0.999875
3.05 1.3 0.999875
3.05 1.35 0.999875
3.05 1.4 0.999875
3.05 1.45 0.999875
3.05 1.5 0.999875
3.05 1.55 0.999875
3.05 1.6 0.999875
3.05 1.65 0.999875
3.05 1.7 0.999875
3.05 1.75 0.999875
3.05 1.8 0.999875
3.05 1.85 0.999875
3.05 1.9 0.999875
3.05 1.95 0.999875
3.05 2 0.999875
3.05 2.05 0.999875
3.05 2.1 0.999875
3.05 2.15 0.999875
3.05 2.2 0.999875
3.05 2.25 0.999875
3.05 2.3 0.999875
3.05 2.35 0.999875
3.05 2.4 0.999875
3.05 2.45 0.999875
3.05 2.5 0.999875

3.1 -2.5 0.999847
3.1 -2.45 0.999851
3.1 -2.4 0.999855
3.1 -2.35 0.999858
3.1 -2.3 0.99986
3.1 -2.25 0.999863
3.1 -2.2 0.999864
3.1 -2.15 0.999866
3.1 -2.1 0.999867
3.1 -2.05 0.999868
3.1 -2 0.999869
3.1 -1.95 0.99987
3.1 -1.9 0.999871
3.1 -1.85 0.999872
3.1 -1.8 0.999872
3.1 -1.75 0.999872
3.1 -1.7 0.999873
3.1 -1.65 0.999873
3.1 -1.6 0.999873
3.1 -1.55 0.999874
3.1 -1.5 0.999874
3.1 -1.45 0.999874
3.1 -1.4 0.999874
3.1 -1.35 0.999874
3.1 -1.3 0.999874
3.1 -1.25 0.999875
3.1 -1.2 0.999875
3.1 -1.15 0.999875
3.1 -1.1 0.999875
3.1 -1.05 0.999875
3.1 -1 0.999875
3.1 -0.95 0.999875
3.1 -0.9 0.999875
3.1 -0.85 0.999875
3.1 -0.8 0.999875
3.1 -0.75 0.999875
3.1 -0.7 0.999875
3.1 -0.65 0.999875
3.1 -0.6 0.999875
3.1 -0.55 0.999875
3.1 -0.5 0.999875
3.1 -0.45 0.999875
3.1 -0.4 0.999875
3.1 -0.35 0.999875
3.1 -0.3 0.999875
3.1 -0.25 0.999875
3.1 -0.2 0.999875
3.1 -0.15 0.999875
3.1 -0.1 0.999875
3.1 -0.05 0.999875
3.1 -5.13478e-16 0.999875
3.1 0.05 0.999875
3.1 0.1 0.999875
3.1 0.15 0.999875
3.1 0.2 0.999875
3.1 0.25 0.999875
3.1 0.3 0.999875
3.1 0.35 0.999875
3.1 0.4 0.999875
3.1 0.45 0.999875
3.1 0.5 0.999875
3.1 0.55 0.999875
3.1 0.6 0.999875
3.1 0.65 0.999875
3.1 0.7 0.999875
3.1 0.75 0.999875
3.1 0.8 0.999875
3.1 0.85 0.999875
3.1 0.9 0.999875
3.1 0.95 0.999875
3.1 1 0.999875
3.1 1.05 0.999875
3.1 1.1 0.999875
3.1 1.15 0.999875
3.1 1.2 0.999875
3.1 1.25 0.999875
3.1 1.3 0.999875
3.1 1.35 0.999875
3.1 1.4 0.999875
3.1 1.45 0.999875
3.1 1.5 0.999875
3.1 1.55 0.999875
3.1 1.6 0.999875
3.1 1.65 0.999875
3.1 1.7 0.999875
3.1 1.75 0.999875
3.1 1.8 0.999875
3.1 1.85 0.999875
3.1 1.9 0.999875
3.1 1.95 0.999875
3.1 2 0.999875
3.1 2.05 0.999875
3.1 2.1 0.999875
3.1 2.15 0.999875
3.1 2.2 0.999875
3.1 2.25 0.999875
3.1 2.3 0.999875
3.1 2.35 0.999875
3.1 2.4 0.999875
3.1 2.45 0.999875
3.1 2.5 0.999875

3.15 -2.5 0.999855
3.15 -2.45 0.999858
3.15 -2.4 0.99986
3.15 -2.35 0.999863
3.15 -2.3 0.999864
3.15 -2.25 0.999866
3.15 -2.2 0.999867
3.15 -2.15 0.999868
3.15 -2.1 0.999869
3.15 -2.05 0.99987
3.15 -2 0.999871
3.15 -1.95 0.999872
3.15 -1.9 0.999872
3.15 -1.85 0.999872
3.15 -1.8 0.999873
3.15 -1.75 0.999873
3.15 -1.7 0.999873
3.15 -1.65 0.999874
3.15 -1.6 0.999874
3.15 -1.55 0.999874
3.15 -1.5 0.999874
3.15 -1.45 0.999874
3.15 -1.4 0.999874
3.15 -1.35 0.999875
3.15 -1.3 0.999875
3.15 -1.25 0.999875
3.15 -1.2 0.999875
3.15 -1.15 0.999875
3.15 -1.1 0.999875
3.15 -1.05 0.999875
3.15 -1 0.999875
3.15 -0.95 0.999875
3.15 -0.9 0.999875
3.15 -0.85 0.999875
3.15 -0.8 0.999875
3.15 -0.75 0.999875
3.15 -0.7 0.999875
3.15 -0.65 0.999875
3.15 -0.6 0.999875
3.15 -0.55 0.999875
3.15 -0.5 0.999875
3.15 -0.45 0.999875
3.15 -0.4 0.999875
3.15 -0.35 0.999875
3.15 -0.3 0.999875
3.15 -0.25 0.999875
3.15 -0.2 0.999875
3.15 -0.15 0.999875
3.15 -0.1 0.999875
3.15 -0.05 0.999875
3.15 -5.13478e-16 0.999875
3.15 0.05 0.999875
3.15 0.1 0.999875
3.15 0.15 0.999875
3.15 0.2 0.999875
3.15 0.25 0.999875
3.15 0.3 0.999875
3.15 0.35 0.999875
3.15 0.4 0.999875
3.15 0.45 0.999875
3.15 0.5 0.999875
3.15 0.55 0.999875
3.15 0.6 0.999875
3.15 0.65 0.999875
3.15 0.7 0.999875
3.15 0.75 0.999875
3.15 0.8 0.999875
3.15 0.85 0.999875
3.15 0.9 0.999875
3.15 0.95 0.999875
3.15 1 0.999875
3.15 1.05 0.999875
3.15 1.1 0.999875
3.15 1.15 0.999875
3.15 1.2 0.999875
3.15 1.25 0.999875
3.15 1.3 0.999875
3.15 1.35 0.999875
3.15 1.4 0.999875
3.15 1.45 0.999875
3.15 1.5 0.999875
3.15 1.55 0.999875
3.15 1.6 0.999875
3.15 1.65 0.999875
3.15 1.7 0.999875
3.15 1.75 0.999875
3.15 1.8 0.999875
3.15 1.85 0.999875
3.15 1.9 0.999875
3.15 1.95 0.999875
3.15 2 0.999875
3.15 2.05 0.999875
3.15 2.1 0.999875
3.15 2.15 0.999875
3.15 2.2 0.999875
3.15 2.25 0.999875
3.15 2.3 0.999875
3.15 2.35 0.999875
3.15 2.4 0.999875
3.15 2.45 0.999875
3.15 2.5 0.999875

3.2 -2.5 0.99986
3.2 -2.45 0.999863
3.2 -2.4 0.999864
3.2 -2.35 0.999866
3.2 -2.3 0.999867
3.2 -2.25 0.999868
3.2 -2.2 0.999869
3.2 -2.15 0.99987
3.2 -2.1 0.999871
3.2 -2.05 0.999872
3.2 -2 0.999872
3.2 -1.95 0.999872
3.2 -1.9 0.999873
3.2 -1.85 0.999873
3.2 -1.8 0.999873
3.2 -1.75 0.999874
3.2 -1.7 0.999874
3.2 -1.65 0.999874
3.2 -1.6 0.999874
3.2 -1.55 0.999874
3.2 -1.5 0.999874
3.2 -1.45 0.999875
3.2 -1.4 0.999875
3.2 -1.35 0.999875
3.2 -1.3 0.999875
3.2 -1.25 0.999875
3.2 -1.2 0.999875
3.2 -1.15 0.999875
3.2 -1.1 0.999875
3.2 -1.05 0.999875
3.2 -1 0.999875
3.2 -0.95 0.999875
3.2 -0.9 0.999875
3.2 -0.85 0.999875
3.2 -0.8 0.999875
3.2 -0.75 0.999875
3.2 -0.7 0.999875
3.2 -0.65 0.999875
3.2 -0.6 0.999875
3.2 -0.55 0.999875
3.2 -0.5 0.999875
3.2 -0.45 0.999875
3.2 -0.4 0.999875
3.2 -0.35 0.999875
3.2 -0.3 0.999875
3.2 -0.25 0.999875
3.2 -0.2 0.999875
3.2 -0.15 0.999875
3.2 -0.1 0.999875
3.2 -0.05 0.999875
3.2 -5.13478e-16 0.999875
3.2 0.05 0.999875
3.2 0.1 0.999875
3.2 0.15 0.999875
3.2 0.2 0.999875
3.2 0.25 0.999875
3.2 0.3 0.999875
3.2 0.35 0.999875
3.2 0.4 0.999875
3.2 0.45 0.999875
3.2 0.5 0.999875
3.2 0.55 0.999875
3.2 0.6 0.999875
3.2 0.65 0.999875
3.2 0.7 0.999875
3.2 0.75 0.999875
3.2 0.8 0.999875
3.2 0.85 0.999875
3.2 0.9 0.999875
3.2 0.95 0.999875
3.2 1 0.999875
3.2 1.05 0.999875
3.2 1.1 0.999875
3.2 1.15 0.999875
3.2 1.2 0.999875
3.2 1.25 0.999875
3.2 1.3 0.999875
3.2 1.35 0.999875
3.2 1.4 0.999875
3.2 1.45 0.999875
3.2 1.5 0.999875
3.2 1.55 0.999875
3.2 1.6 0.999875
3.2 1.65 0.999875
3.2 1.7 0.999875
3.2 1.75 0.999875
3.2 1.8 0.999875
3.2 1.85 0.999875
3.2 1.9 0.999875
3.2 1.95 0.999875
3.2 2 0.999875
3.2 2.05 0.999875
3.2 2.1 0.999875
3.2 2.15 0.999875
3.2 2.2 0.999875
3.2 2.25 0.999875
3.2 2.3 0.999875
3.2 2.35 0.999875
3.2 2.4 0.999875
3.2 2.45 0.999875
3.2 2.5 0.999875

3.25 -2.5 0.999864
3.25 -2.45 0.999866
3.25 -2.4 0.999867
3.25 -2.35 0.999868
3.25 -2.3 0.999869
3.25 -2.25 0.99987
3.25 -2.2 0.999871
3.25 -2.15 0.999872
3.25 -2.1 0.999872
3.25 -2.05 0.999872
3.25 -2 0.999873
3.25 -1.95 0.999873
3.25 -1.9 0.999873
3.25 -1.85 0.999874
3.25 -1.8 0.999874
3.25 -1.75 0.999874
3.25 -1.7 0.999874
3.25 -1.65 0.999874
3.25 -1.6 0.999874
3.25 -1.55 0.999875
3.25 -1.5 0.999875
3.25 -1.45 0.999875
3.25 -1.4 0.999875
3.25 -1.35 0.999875
3.25 -1.3 0.999875
3.25 -1.25 0.999875
3.25 -1.2 0.999875
3.25 -1.15 0.999875
3.25 -1.1 0.999875
3.25 -1.05 0.999875
3.25 -1 0.999875
3.25 -0.95 0.999875
3.25 -0.9 0.999875
3.25 -0.85 0.999875
3.25 -0.8 0.999875
3.25 -0.75 0.999875
3.25 -0.7 0.999875
3.25 -0.65 0.999875
3.25 -0.6 0.999875
3.25 -0.55 0.999875
3.25 -0.5 0.999875
3.25 -0.45 0.999875
3.25 -0.4 0.999875
3.25 -0.35 0.999875
3.25 -0.3 0.999875
3.25 -0.25 0.999875
3.25 -0.2 0.999875
3.25 -0.15 0.999875
3.25 -0.1 0.999875
3.25 -0.05 0.999875
3.25 -5.13478e-16 0.999875
3.25 0.05 0.999875
3.25 0.1 0.999875
3.25 0.15 0.999875
3.25 0.2 0.999875
3.25 0.25 0.999875
3.25 0.3 0.999875
3.25 0.35 0.999875
3.25 0.4 0.999875
3.25 0.45 0.999875
3.25 0.5 0.999875
3.25 0.55 0.999875
3.25 0.6 0.999875
3.25 0.65 0.999875
3.25 0.7 0.999875
3.25 0.75 0.999875
3.25 0.8 0.999875
3.25 0.85 0.999875
3.25 0.9 0.999875
3.25 0.95 0.999875
3.25 1 0.999875
3.25 1.05 0.999875
3.25 1.1 0.999875
3.25 1.15 0.999875
3.25 1.2 0.999875
3.25 1.25 0.999875
3.25 1.3 0.999875
3.25 1.35 0.999875
3.25 1.4 0.999875
3.25 1.45 0.999875
3.25 1.5 0.999875
3.25 1.55 0.999875
3.25 1.6 0.999875
3.25 1.65 0.999875
3.25 1.7 0.999875
3.25 1.75 0.999875
3.25 1.8 0.999875
3.25 1.85 0.999875
3.25 1.9 0.999875
3.25 1.95 0.999875
3.25 2 0.999875
3.25 2.05 0.999875
3.25 2.1 0.999875
3.25 2.15 0.999875
3.25 2.2 0.999875
3.25 2.25 0.999875
3.25 2.3 0.999875
3.25 2.35 0.999875
3.25 2.4 0.999875
3.25 2.45 0.999875
3.25 2.5 0.999875

3.3 -2.5 0.999867
3.3 -2.45 0.999868
3.3 -2.4 0.999869
3.3 -2.35 0.99987
3.3 -2.3 0.999871
3.3 -2.25 0.999872
3.3 -2.2 0.999872
3.3 -2.15 0.999872
3.3 -2.1 0.999873
3.3 -2.05 0.999873
3.3 -2 0.999873
3.3 -1.95 0.999874
3.3 -1.9 0.999874
3.3 -1.85 0.999874
3.3 -1.8 0.999874
3.3 -1.75 0.999874
3.3 -1.7 0.999874
3.3 -1.65 0.999875
3.3 -1.6 0.999875
3.3 -1.55 0.999875
3.3 -1.5 0.999875
3.3 -1.45 0.999875
3.3 -1.4 0.999875
3.3 -1.35 0.999875
3.3 -1.3 0.999875
3.3 -1.25 0.999875
3.3 -1.2 0.999875
3.3 -1.15 0.999875
3.3 -1.1 0.999875
3.3 -1.05 0.999875
3.3 -1 0.999875
3.3 -0.95 0.999875
3.3 -0.9 0.999875
3.3 -0.85 0.999875
3.3 -0.8 0.999875
3.3 -0.75 0.999875
3.3 -0.7 0.999875
3.3 -0.65 0.999875
3.3 -0.6 0.999875
3.3 -0.55 0.999875
3.3 -0.5 0.999875
3.3 -0.45 0.999875
3.3 -0.4 0.999875
3.3 -0.35 0.999875
3.3 -0.3 0.999875
3.3 -0.25 0.999875
3.3 -0.2 0.999875
3.3 -0.15 0.999875
3.3 -0.1 0.999875
3.3 -0.05 0.999875
3.3 -5.13478e-16 0.999875
3.3 0.05 0.999875
3.3 0.1 0.999875
3.3 0.15 0.999875
3.3 0.2 0.999875
3.3 0.25 0.999875
3.3 0.3 0.999875
3.3 0.35 0.999875
3.3 0.4 0.999875
3.3 0.45 0.999875
3.3 0.5 0.999875
3.3 0.55 0.999875
3.3 0.6 0.999875
3.3 0.65 0.999875
3.3 0.7 0.999875
3.3 0.75 0.999875
3.3 0.8 0.999875
3.3 0.85 0.999875
3.3 0.9 0.999875
3.3 0.95 0.999875
3.3 1 0.999875
3.3 1.05 0.999875
3.3 1.1 0.999875
3.3 1.15 0.999875
3.3 1.2 0.999875
3.3 1.25 0.999875
3.3 1.3 0.999875
3.3 1.35 0.999875
3.3 1.4 0.999875
3.3 1.45 0.999875
3.3 1.5 0.999875
3.3 1.55 0.999875
3.3 1.6 0.999875
3.3 1.65 0.999875
3.3 1.7 0.999875
3.3 1.75 0.999875
3.3 1.8 0.999875
3.3 1.85 0.999875
3.3 1.9 0.999875
3.3 1.95 0.999875
3.3 2 0.999875
3.3 2.05 0.999875
3.3 2.1 0.999875
3.3 2.15 0.999875
3.3 2.2 0.999875
3.3 2.25 0.999875
3.3 2.3 0.999875
3.3 2.35 0.999875
3.3 2.4 0.999875
3.3 2.45 0.999875
3.3 2.5 0.999875

3.35 -2.5 0.999869
3.35 -2.45 0.99987
3.35 -2.4 0.999871
3.35 -2.35 0.999872
3.35 -2.3 0.999872
3.35 -2.25 0.999873
3.35 -2.2 0.999873
3.35 -2.15 0.999873
3.35 -2.1 0.999873
3.35 -2.05 0.999874
3.35 -2 0.999874
3.35 -1.95 0.999874
3.35 -1.9 0.999874
3.35 -1.85 0.999874
3.35 -1.8 0.999874
3.35 -1.75 0.999875
3.35 -1.7 0.999875
3.35 -1.65 0.999875
3.35 -1.6 0.999875
3.35 -1.55 0.999875
3.35 -1.5 0.999875
3.35 -1.45 0.999875
3.35 -1.4 0.999875
3.35 -1.35 0.999875
3.35 -1.3 0.999875
3.35 -1.25 0.999875
3.35 -1.2 0.999875
3.35 -1.15 0.999875
3.35 -1.1 0.999875
3.35 -1.05 0.999875
3.35 -1 0.999875
3.35 -0.95 0.999875
3.35 -0.9 0.999875
3.35 -0.85 0.999875
3.35 -0.8 0.999875
3.35 -0.75 0.999875
3.35 -0.7 0.999875
3.35 -0.65 0.999875
3.35 -0.6 0.999875
3.35 -0.55 0.999875
3.35 -0.5 0.999875
3.35 -0.45 0.999875
3.35 -0.4 0.999875
3.35 -0.35 0.999875
3.35 -0.3 0.999875
3.35 -0.25 0.999875
3.35 -0.2 0.999875
3.35 -0.15 0.999875
3.35 -0.1 0.999875
3.35 -0.05 0.999875
3.35 -5.13478e-16 0.999875
3.35 0.05 0.999875
3.35 0.1 0.999875
3.35 0.15 0.999875
3.35 0.2 0.999875
3.35 0.25 0.999875
3.35 0.3 0.999875
3.35 0.35 0.999875
3.35 0.4 0.999875
3.35 0.45 0.999875
3.35 0.5 0.999875
3.35 0.55 0.999875
3.35 0.6 0.999875
3.35 0.65 0.999875
3.35 0.7 0.999875
3.35 0.75 0.999875
3.35 0.8 0.999875
3.35 0.85 0.999875
3.35 0.9 0.999875
3.35 0.95 0.999875
3.35 1 0.999875
3.35 1.05 0.999875
3.35 1.1 0.999875
3.35 1.15 0.999875
3.35 1.2 0.999875
3.35 1.25 0.999875
3.35 1.3 0.999875
3.35 1.35 0.999875
3.35 1.4 0.999875
3.35 1.45 0.999875
3.35 1.5 0.999875
3.35 1.55 0.999875
3.35 1.6 0.999875
3.35 1.65 0.999875
3.35 1.7 0.999875
3.35 1.75 0.999875
3.35 1.8 0.999875
3.35 1.85 0.999875
3.35 1.9 0.999875
3.35 1.95 0.999875
3.35 2 0.999875
3.35 2.05 0.999875
3.35 2.1 0.999875
3.35 2.15 0.999875
3.35 2.2 0.999875
3.35 2.25 0.999875
3.35 2.3 0.999875
3.35 2.35 0.999875
3.35 2.4 0.999875
3.35 2.45 0.999875
3.35 2.5 0.999875

3.4 -2.5 0.999871
3.4 -2.45 0.999872
3.4 -2.4 0.999872
3.4 -2.35 0.999873
3.4 -2.3 0.999873
3.4 -2.25 0.999873
3.4 -2.2 0.999873
3.4 -2.15 0.999874
3.4 -2.1 0.999874
3.4 -2.05 0.999874
3.4 -2 0.999874
3.4 -1.95 0.999874
3.4 -1.9 0.999874
3.4 -1.85 0.999875
3.4 -1.8 0.999875
3.4 -1.75 0.999875
3.4 -1.7 0.999875
3.4 -1.65 0.999875
3.4 -1.6 0.999875
3.4 -1.55 0.999875
3.4 -1.5 0.999875
3.4 -1.45 0.999875
3.4 -1.4 0.999875
3.4 -1.35 0.999875
3.4 -1.3 0.999875
3.4 -1.25 0.999875
3.4 -1.2 0.999875
3.4 -1.15 0.999875
3.4 -1.1 0.999875
3.4 -1.05 0.999875
3.4 -1 0.999875
3.4 -0.95 0.999875
3.4 -0.9 0.999875
3.4 -0.85 0.999875
3.4 -0.8 0.999875
3.4 -0.75 0.999875
3.4 -0.7 0.999875
3.4 -0.65 0.999875
3.4 -0.6 0.999875
3.4 -0.55 0.999875
3.4 -0.5 0.999875
3.4 -0.45 0.999875
3.4 -0.4 0.999875
3.4 -0.35 0.999875
3.4 -0.3 0.999875
3.4 -0.25 0.999875
3.4 -0.2 0.999875
3.4 -0.15 0.999875
3.4 -0.1 0.999875
3.4 -0.05 0.999875
3.4 -5.13478e-16 0.999875
3.4 0.05 0.999875
3.4 0.1 0.999875
3.4 0.15 0.999875
3.4 0.2 0.999875
3.4 0.25 0.999875
3.4 0.3 0.999875
3.4 0.35 0.999875
3.4 0.4 0.999875
3.4 0.45 0.999875
3.4 0.5 0.999875
3.4 0.55 0.999875
3.4 0.6 0.999875
3.4 0.65 0.999875
3.4 0.7 0.999875
3.4 0.75 0.999875
3.4 0.8 0.999875
3.4 0.85 0.999875
3.4 0.9 0.999875
3.4 0.95 0.999875
3.4 1 0.999875
3.4 1.05 0.999875
3.4 1.1 0.999875
3.4 1.15 0.999875
3.4 1.2 0.999875
3.4 1.25 0.999875
3.4 1.3 0.999875
3.4 1.35 0.999875
3.4 1.4 0.999875
3.4 1.45 0.999875
3.4 1.5 0.999875
3.4 1.55 0.999875
3.4 1.6 0.999875
3.4 1.65 0.999875
3.4 1.7 0.999875
3.4 1.75 0.999875
3.4 1.8 0.999875
3.4 1.85 0.999875
3.4 1.9 0.999875
3.4 1.95 0.999875
3.4 2 0.999875
3.4 2.05 0.999875
3.4 2.1 0.999875
3.4 2.15 0.999875
3.4 2.2 0.999875
3.4 2.25 0.999875
3.4 2.3 0.999875
3.4 2.35 0.999875
3.4 2.4 0.999875
3.4 2.45 0.999875
3.4 2.5 0.999875

3.45 -2.5 0.999872
3.45 -2.45 0.999873
3.45 -2.4 0.999873
3.45 -2.35 0.999873
3.45 -2.3 0.999873
3.45 -2.25 0.999874
3.45 -2.2 0.999874
3.45 -2.15 0.999874
3.45 -2.1 0.999874
3.45 -2.05 0.999874
3.45 -2 0.999874
3.45 -1.95 0.999875
3.45 -1.9 0.999875
3.45 -1.85 0.999875
3.45 -1.8 0.999875
3.45 -1.75 0.999875
3.45 -1.7 0.999875
3.45 -1.65 0.999875
3.45 -1.6 0.999875
3.45 -1.55 0.999875
3.45 -1.5 0.999875
3.45 -1.45 0.999875
3.45 -1.4 0.999875
3.45 -1.35 0.999875
3.45 -1.3 0.999875
3.45 -1.25 0.999875
3.45 -1.2 0.999875
3.45 -1.15 0.999875
3.45 -1.1 0.999875
3.45 -1.05 0.999875
3.45 -1 0.999875
3.45 -0.95 0.999875
3.45 -0.9 0.999875
3.45 -0.85 0.999875
3.45 -0.8 0.999875
3.45 -0.75 0.999875
3.45 -0.7 0.999875
3.45 -0.65 0.999875
3.45 -0.6 0.999875
3.45 -0.55 0.999875
3.45 -0.5 0.999875
3.45 -0.45 0.999875
3.45 -0.4 0.999875
3.45 -0.35 0.999875
3.45 -0.3 0.999875
3.45 -0.25 0.999875
3.45 -0.2 0.999875
3.45 -0.15 0.999875
3.45 -0.1 0.999875
3.45 -0.05 0.999875
3.45 -5.13478e-16 0.999875
3.45 0.05 0.999875
3.45 0.1 0.999875
3.45 0.15 0.999875
3.45 0.2 0.999875
3.45 0.25 0.999875
3.45 0.3 0.999875
3.45 0.35 0.999875
3.45 0.4 0.999875
3.45 0.45 0.999875
3.45 0.5 0.999875
3.45 0.55 0.999875
3.45 0.6 0.999875
3.45 0.65 0.999875
3.45 0.7 0.999875
3.45 0.75 0.999875
3.45 0.8 0.999875
3.45 0.85 0.999875
3.45 0.9 0.999875
3.45 0.95 0.999875
3.45 1 0.999875
3.45 1.05 0.999875
3.45 1.1 0.999875
3.45 1.15 0.999875
3.45 1.2 0.999875
3.45 1.25 0.999875
3.45 1.3 0.999875
3.45 1.35 0.999875
3.45 1.4 0.999875
3.45 1.45 0.999875
3.45 1.5 0.999875
3.45 1.55 0.999875
3.45 1.6 0.999875
3.45 1.65 0.999875
3.45 1.7 0.999875
3.45 1.75 0.999875
3.45 1.8 0.999875
3.45 1.85 0.999875
3.45 1.9 0.999875
3.45 1.95 0.999875
3.45 2 0.999875
3.45 2.05 0.999875
3.45 2.1 0.999875
3.45 2.15 0.999875
3.45 2.2 0.999875
3.45 2.25 0.999875
3.45 2.3 0.999875
3.45 2.35 0.999875
3.45 2.4 0.999875
3.45 2.45 0.999875
3.45 2.5 0.999875

3.5 -2.5 0.999873
3.5 -2.45 0.999873
3.5 -2.4 0.999873
3.5 -2.35 0.999874
3.5 -2.3 0.999874
3.5 -2.25 0.999874
3.5 -2.2 0.999874
3.5 -2.15 0.999874
3.5 -2.1 0.999874
3.5 -2.05 0.999875
3.5 -2 0.999875
3.5 -1.95 0.999875
3.5 -1.9 0.999875
3.5 -1.85 0.999875
3.5 -1.8 0.999875
3.5 -1.75 0.999875
3.5 -1.7 0.999875
3.5 -1.65 0.999875
3.5 -1.6 0.999875
3.5 -1.55 0.999875
3.5 -1.5 0.999875
3.5 -1.45 0.999875
3.5 -1.4 0.999875
3.5 -1.35 0.999875
3.5 -1.3 0.999875
3.5 -1.25 0.999875
3.5 -1.2 0.999875
3.5 -1.15 0.999875
3.5 -1.1 0.999875
3.5 -1.05 0.999875
3.5 -1 0.999875
3.5 -0.95 0.999875
3.5 -0.9 0.999875
3.5 -0.85 0.999875
3.5 -0.8 0.999875
3.5 -0.75 0.999875
3.5 -0.7 0.999875
3.5 -0.65 0.999875
3.5 -0.6 0.999875
3.5 -0.55 0.999875
3.5 -0.5 0.999875
3.5 -0.45 0.999875
3.5 -0.4 0.999875
3.5 -0.35 0.999875
3.5 -0.3 0.999875
3.5 -0.25 0.999875
3.5 -0.2 0.999875
3.5 -0.15 0.999875
3.5 -0.1 0.999875
3.5 -0.05 0.999875
3.5 -5.13478e-16 0.999875
3.5 0.05 0.999875
3.5 0.1 0.999875
3.5 0.15 0.999875
3.5 0.2 0.999875
3.5 0.25 0.999875
3.5 0.3 0.999875
3.5 0.35 0.999875
3.5 0.4 0.999875
3.5 0.45 0.999875
3.5 0.5 0.999875
3.5 0.55 0.999875
3.5 0.6 0.999875
3.5 0.65 0.999875
3.5 0.7 0.999875
3.5 0.75 0.999875
3.5 0.8 0.999875
3.5 0.85 0.999875
3.5 0.9 0.999875
3.5 0.95 0.999875
3.5 1 0.999875
3.5 1.05 0.999875
3.5 1.1 0.999875
3.5 1.15 0.999875
3.5 1.2 0.999875
3.5 1.25 0.999875
3.5 1.3 0.999875
3.5 1.35 0.999875
3.5 1.4 0.999875
3.5 1.45 0.999875
3.5 1.5 0.999875
3.5 1.55 0.999875
3.5 1.6 0.999875
3.5 1.65 0.999875
3.5 1.7 0.999875
3.5 1.75 0.999875
3.5 1.8 0.999875
3.5 1.85 0.999875
3.5 1.9 0.999875
3.5 1.95 0.999875
3.5 2 0.999875
3.5 2.05 0.999875
3.5 2.1 0.999875
3.5 2.15 0.999875
3.5 2.2 0.999875
3.5 2.25 0.999875
3.5 2.3 0.999875
3.5 2.35 0.999875
3.5 2.4 0.999875
3.5 2.45 0.999875
3.5 2.5 0.999875

3.55 -2.5 0.999873
3.55 -2.45 0.999874
3.55 -2.4 0.999874
3.55 -2.35 0.999874
3.55 -2.3 0.999874
3.55 -2.25 0.999874
3.55 -2.2 0.999874
3.55 -2.15 0.999875
3.55 -2.1 0.999875
3.55 -2.05 0.999875
3.55 -2 0.999875
3.55 -1.95 0.999875
3.55 -1.9 0.999875
3.55 -1.85 0.999875
3.55 -1.8 0.999875
3.55 -1.75 0.999875
3.55 -1.7 0.999875
3.55 -1.65 0.999875
3.55 -1.6 0.999875
3.55 -1.55 0.999875
3.55 -1.5 0.999875
3.55 -1.45 0.999875
3.55 -1.4 0.999875
3.55 -1.35 0.999875
3.55 -1.3 0.999875
3.55 -1.25 0.999875
3.55 -1.2 0.999875
3.55 -1.15 0.999875
3.55 -1.1 0.999875
3.55 -1.05 0.999875
3.55 -1 0.999875
3.55 -0.95 0.999875
3.55 -0.9 0.999875
3.55 -0.85 0.999875
3.55 -0.8 0.999875
3.55 -0.75 0.999875
3.55 -0.7 0.999875
3.55 -0.65 0.999875
3.55 -0.6 0.999875
3.55 -0.55 0.999875
3.55 -0.5 0.999875
3.55 -0.45 0.999875
3.55 -0.4 0.999875
3.55 -0.35 0.999875
3.55 -0.3 0.999875
3.55 -0.25 0.999875
3.55 -0.2 0.999875
3.55 -0.15 0.999875
3.55 -0.1 0.999875
3.55 -0.05 0.999875
3.55 -5.13478e-16 0.999875
3.55 0.05 0.999875
3.55 0.1 0.999875
3.55 0.15 0.999875
3.55 0.2 0.999875
3.55 0.25 0.999875
3.55 0.3 0.999875
3.55 0.35 0.999875
3.55 0.4 0.999875
3.55 0.45 0.999875
3.55 0.5 0.999875
3.55 0.55 0.999875
3.55 0.6 0.999875
3.55 0.65 0.999875
3.55 0.7 0.999875
3.55 0.75 0.999875
3.55 0.8 0.999875
3.55 0.85 0.999875
3.55 0.9 0.999875
3.55 0.95 0.999875
3.55 1 0.999875
3.55 1.05 0.999875
3.55 1.1 0.999875
3.55 1.15 0.999875
3.55 1.2 0.999875
3.55 1.25 0.999875
3.55 1.3 0.999875
3.55 1.35 0.999875
3.55 1.4 0.999875
3.55 1.45 0.999875
3.55 1.5 0.999875
3.55 1.55 0.999875
3.55 1.6 0.999875
3.55 1.65 0.999875
3.55 1.7 0.999875
3.55 1.75 0.999875
3.55 1.8 0.999875
3.55 1.85 0.999875
3.55 1.9 0.999875
3.55 1.95 0.999875
3.55 2 0.999875
3.55 2.05 0.999875
3.55 2.1 0.999875
3.55 2.15 0.999875
3.55 2.2 0.999875
3.55 2.25 0.999875
3.55 2.3 0.999875
3.55 2.35 0.999875
3.55 2.4 0.999875
3.55 2.45 0.999875
3.55 2.5 0.999875

3.6 -2.5 0.999874
3.6 -2.45 0.999874
3.6 -2.4 0.999874
3.6 -2.35 0.999874
3.6 -2.3 0.999874
3.6 -2.25 0.999875
3.6 -2.2 0.999875
3.6 -2.15 0.999875
3.6 -2.1 0.999875
3.6 -2.05 0.999875
3.6 -2 0.999875
3.6 -1.95 0.999875
3.6 -1.9 0.999875
3.6 -1.85 0.999875
3.6 -1.8 0.999875
3.6 -1.75 0.999875
3.6 -1.7 0.999875
3.6 -1.65 0.999875
3.6 -1.6 0.999875
3.6 -1.55 0.999875
3.6 -1.5 0.999875
3.6 -1.45 0.999875
3.6 -1.4 0.999875
3.6 -1.35 0.999875
3.6 -1.3 0.999875
3.6 -1.25 0.999875
3.6 -1.2 0.999875
3.6 -1.15 0.999875
3.6 -1.1 0.999875
3.6 -1.05 0.999875
3.6 -1 0.999875
3.6 -0.95 0.999875
3.6 -0.9 0.999875
3.6 -0.85 0.999875
3.6 -0.8 0.999875
3.6 -0.75 0.999875
3.6 -0.7 0.999875
3.6 -0.65 0.999875
3.6 -0.6 0.999875
3.6 -0.55 0.999875
3.6 -0.5 0.999875
3.6 -0.45 0.999875
3.6 -0.4 0.999875
3.6 -0.35 0.999875
3.6 -0.3 0.999875
3.6 -0.25 0.999875
3.6 -0.2 0.999875
3.6 -0.15 0.999875
3.6 -0.1 0.999875
3.6 -0.05 0.999875
3.6 -5.13478e-16 0.999875
3.6 0.05 0.999875
3.6 0.1 0.999875
3.6 0.15 0.999875
3.6 0.2 0.999875
3.6 0.25 0.999875
3.6 0.3 0.999875
3.6 0.35 0.999875
3.6 0.4 0.999875
3.6 0.45 0.999875
3.6 0.5 0.999875
3.6 0.55 0.999875
3.6 0.6 0.999875
3.6 0.65 0.999875
3.6 0.7 0.999875
3.6 0.75 0.999875
3.6 0.8 0.999875
3.6 0.85 0.999875
3.6 0.9 0.999875
3.6 0.95 0.999875
3.6 1 0.999875
3.6 1.05 0.999875
3.6 1.1 0.999875
3.6 1.15 0.999875
3.6 1.2 0.999875
3.6 1.25 0.999875
3.6 1.3 0.999875
3.6 1.35 0.999875
3.6 1.4 0.999875
3.6 1.45 0.999875
3.6 1.5 0.999875
3.6 1.55 0.999875
3.6 1.6 0.999875
3.6 1.65 0.999875
3.6 1.7 0.999875
3.6 1.75 0.999875
3.6 1.8 0.999875
3.6 1.85 0.999875
3.6 1.9 0.999875
3.6 1.95 0.999875
3.6 2 0.999875
3.6 2.05 0.999875
3.6 2.1 0.999875
3.6 2.15 0.999875
3.6 2.2 0.999875
3.6 2.25 0.999875
3.6 2.3 0.999875
3.6 2.35 0.999875
3.6 2.4 0.999875
3.6 2.45 0.999875
3.6 2.5 0.999875

3.65 -2.5 0.999874
3.65 -2.45 0.999874
3.65 -2.4 0.999874
3.65 -2.35 0.999875
3.65 -2.3 0.999875
3.65 -2.25 0.999875
3.65 -2.2 0.999875
3.65 -2.15 0.999875
3.65 -2.1 0.999875
3.65 -2.05 0.999875
3.65 -2 0.999875
3.65 -1.95 0.999875
3.65 -1.9 0.999875
3.65 -1.85 0.999875
3.65 -1.8 0.999875
3.65 -1.75 0.999875
3.65 -1.7 0.999875
3.65 -1.65 0.999875
3.65 -1.6 0.999875
3.65 -1.55 0.999875
3.65 -1.5 0.999875
3.65 -1.45 0.999875
3.65 -1.4 0.999875
3.65 -1.35 0.999875
3.65 -1.3 0.999875
3.65 -1.25 0.999875
3.65 -1.2 0.999875
3.65 -1.15 0.999875
3.65 -1.1 0.999875
3.65 -1.05 0.999875
3.65 -1 0.999875
3.65 -0.95 0.999875
3.65 -0.9 0.999875
3.65 -0.85 0.999875
3.65 -0.8 0.999875
3.65 -0.75 0.999875
3.65 -0.7 0.999875
3.65 -0.65 0.999875
3.65 -0.6 0.999875
3.65 -0.55 0.999875
3.65 -0.5 0.999875
3.65 -0.45 0.999875
3.65 -0.4 0.999875
3.65 -0.35 0.999875
3.65 -0.3 0.999875
3.65 -0.25 0.999875
3.65 -0.2 0.999875
3.65 -0.15 0.999875
3.65 -0.1 0.999875
3.65 -0.05 0.999875
3.65 -5.13478e-16 0.999875
3.65 0.05 0.999875
3.65 0.1 0.999875
3.65 0.15 0.999875
3.65 0.2 0.999875
3.65 0.25 0.999875
3.65 0.3 0.999875
3.65 0.35 0.999875
3.65 0.4 0.999875
3.65 0.45 0.999875
3.65 0.5 0.999875
3.65 0.55 0.999875
3.65 0.6 0.999875
3.65 0.65 0.999875
3.65 0.7 0.999875
3.65 0.75 0.999875
3.65 0.8 0.999875
3.65 0.85 0.999875
3.65 0.9 0.999875
3.65 0.95 0.999875
3.65 1 0.999875
3.65 1.05 0.999875
3.65 1.1 0.999875
3.65 1.15 0.999875
3.65 1.2 0.999875
3.65 1.25 0.999875
3.65 1.3 0.999875
3.65 1.35 0.999875
3.65 1.4 0.999875
3.65 1.45 0.999875
3.65 1.5 0.999875
3.65 1.55 0.999875
3.65 1.6 0.999875
3.65 1.65 0.999875
3.65 1.7 0.999875
3.65 1.75 0.999875
3.65 1.8 0.999875
3.65 1.85 0.999875
3.65 1.9 0.999875
3.65 1.95 0.999875
3.65 2 0.999875
3.65 2.05 0.999875
3.65 2.1 0.999875
3.65 2.15 0.999875
3.65 2.2 0.999875
3.65 2.25 0.999875
3.65 2.3 0.999875
3.65 2.35 0.999875
3.65 2.4 0.999875
3.65 2.45 0.999875
3.65 2.5 0.999875

3.7 -2.5 0.999874
3.7 -2.45 0.999875
3.7 -2.4 0.999875
3.7 -2.35 0.999875
3.7 -2.3 0.999875
3.7 -2.25 0.999875
3.7 -2.2 0.999875
3.7 -2.15 0.999875
3.7 -2.1 0.999875
3.7 -2.05 0.999875
3.7 -2 0.999875
3.7 -1.95 0.999875
3.7 -1.9 0.999875
3.7 -1.85 0.999875
3.7 -1.8 0.999875
3.7 -1.75 0.999875
3.7 -1.7 0.999875
3.7 -1.65 0.999875
3.7 -1.6 0.999875
3.7 -1.55 0.999875
3.7 -1.5 0.999875
3.7 -1.45 0.999875
3.7 -1.4 0.999875
3.7 -1.35 0.999875
3.7 -1.3 0.999875
3.7 -1.25 0.999875
3.7 -1.2 0.999875
3.7 -1.15 0.999875
3.7 -1.1 0.999875
3.7 -1.05 0.999875
3.7 -1 0.999875
3.7 -0.95 0.999875
3.7 -0.9 0.999875
3.7 -0.85 0.999875
3.7 -0.8 0.999875
3.7 -0.75 0.999875
3.7 -0.7 0.999875
3.7 -0.65 0.999875
3.7 -0.6 0.999875
3.7 -0.55 0.999875
3.7 -0.5 0.999875
3.7 -0.45 0.999875
3.7 -0.4 0.999875
3.7 -0.35 0.999875
3.7 -0.3 0.999875
3.7 -0.25 0.999875
3.7 -0.2 0.999875
3.7 -0.15 0.999875
3.7 -0.1 0.999875
3.7 -0.05 0.999875
3.7 -5.13478e-16 0.999875
3.7 0.05 0.999875
3.7 0.1 0.999875
3.7 0.15 0.999875
3.7 0.2 0.999875
3.7 0.25 0.999875
3.7 0.3 0.999875
3.7 0.35 0.999875
3.7 0.4 0.999875
3.7 0.45 0.999875
3.7 0.5 0.999875
3.7 0.55 0.999875
3.7 0.6 0.999875
3.7 0.65 0.999875
3.7 0.7 0.999875
3.7 0.75 0.999875
3.7 0.8 0.999875
3.7 0.85 0.999875
3.7 0.9 0.999875
3.7 0.95 0.999875
3.7 1 0.999875
3.7 1.05 0.999875
3.7 1.1 0.999875
3.7 1.15 0.999875
3.7 1.2 0.999875
3.7 1.25 0.999875
3.7 1.3 0.999875
3.7 1.35 0.999875
3.7 1.4 0.999875
3.7 1.45 0.999875
3.7 1.5 0.999875
3.7 1.55 0.999875
3.7 1.6 0.999875
3.7 1.65 0.999875
3.7 1.7 0.999875
3.7 1.75 0.999875
3.7 1.8 0.999875
3.7 1.85 0.999875
3.7 1.9 0.999875
3.7 1.95 0.999875
3.7 2 0.999875
3.7 2.05 0.999875
3.7 2.1 0.999875
3.7 2.15 0.999875
3.7 2.2 0.999875
3.7 2.25 0.999875
3.7 2.3 0.999875
3.7 2.35 0.999875
3.7 2.4 0.999875
3.7 2.45 0.999875
3.7 2.5 0.999875

3.75 -2.5 0.999875
3.75 -2.45 0.999875
3.75 -2.4 0.999875
3.75 -2.35 0.999875
3.75 -2.3 0.999875
3.75 -2.25 0.999875
3.75 -2.2 0.999875
3.75 -2.15 0.999875
3.75 -2.1 0.999875
3.75 -2.05 0.999875
3.75 -2 0.999875
3.75 -1.95 0.999875
3.75 -1.9 0.999875
3.75 -1.85 0.999875
3.75 -1.8 0.999875
3.75 -1.75 0.999875
3.75 -1.7 0.999875
3.75 -1.65 0.999875
3.75 -1.6 0.999875
3.75 -1.55 0.999875
3.75 -1.5 0.999875
3.75 -1.45 0.999875
3.75 -1.4 0.999875
3.75 -1.35 0.999875
3.75 -1.3 0.999875
3.75 -1.25 0.999875
3.75 -1.2 0.999875
3.75 -1.15 0.999875
3.75 -1.1 0.999875
3.75 -1.05 0.999875
3.75 -1 0.999875
3.75 -0.95 0.999875
3.75 -0.9 0.999875
3.75 -0.85 0.999875
3.75 -0.8 0.999875
3.75 -0.75 0.999875
3.75 -0.7 0.999875
3.75 -0.65 0.999875
3.75 -0.6 0.999875
3.75 -0.55 0.999875
3.75 -0.5 0.999875
3.75 -0.45 0.999875
3.75 -0.4 0.999875
3.75 -0.35 0.999875
3.75 -0.3 0.999875
3.75 -0.25 0.999875
3.75 -0.2 0.999875
3.75 -0.15 0.999875
3.75 -0.1 0.999875
3.75 -0.05 0.999875
3.75 -5.13478e-16 0.999875
3.75 0.05 0.999875
3.75 0.1 0.999875
3.75 0.15 0.999875
3.75 0.2 0.999875
3.75 0.25 0.999875
3.75 0.3 0.999875
3.75 0.35 0.999875
3.75 0.4 0.999875
3.75 0.45 0.999875
3.75 0.5 0.999875
3.75 0.55 0.999875
3.75 0.6 0.999875
3.75 0.65 0.999875
3.75 0.7 0.999875
3.75 0.75 0.999875
3.75 0.8 0.999875
3.75 0.85 0.999875
3.75 0.9 0.999875
3.75 0.95 0.999875
3.75 1 0.999875
3.75 1.05 0.999875
3.75 1.1 0.999875
3.75 1.15 0.999875
3.75 1.2 0.999875
3.75 1.25 0.999875
3.75 1.3 0.999875
3.75 1.35 0.999875
3.75 1.4 0.999875
3.75 1.45 0.999875
3.75 1.5 0.999875
3.75 1.55 0.999875
3.75 1.6 0.999875
3.75 1.65 0.999875
3.75 1.7 0.999875
3.75 1.75 0.999875
3.75 1.8 0.999875
3.75 1.85 0.999875
3.75 1.9 0.999875
3.75 1.95 0.999875
3.75 2 0.999875
3.75 2.05 0.999875
3.75 2.1 0.999875
3.75 2.15 0.999875
3.75 2.2 0.999875
3.75 2.25 0.999875
3.75 2.3 0.999875
3.75 2.35 0.999875
3.75 2.4 0.999875
3.75 2.45 0.999875
3.75 2.5 0.999875

3.8 -2.5 0.999875
3.8 -2.45 0.999875
3.8 -2.4 0.999875
3.8 -2.35 0.999875
3.8 -2.3 0.999875
3.8 -2.25 0.999875
3.8 -2.2 0.999875
3.8 -2.15 0.999875
3.8 -2.1 0.999875
3.8 -2.05 0.999875
3.8 -2 0.999875
3.8 -1.95 0.999875
3.8 -1.9 0.999875
3.8 -1.85 0.999875
3.8 -1.8 0.999875
3.8 -1.75 0.999875
3.8 -1.7 0.999875
3.8 -1.65 0.999875
3.8 -1.6 0.999875
3.8 -1.55 0.999875
3.8 -1.5 0.999875
3.8 -1.45 0.999875
3.8 -1.4 0.999875
3.8 -1.35 0.999875
3.8 -1.3 0.999875
3.8 -1.25 0.999875
3.8 -1.2 0.999875
3.8 -1.15 0.999875
3.8 -1.1 0.999875
3.8 -1.05 0.999875
3.8 -1 0.999875
3.8 -0.95 0.999875
3.8 -0.9 0.999875
3.8 -0.85 0.999875
3.8 -0.8 0.999875
3.8 -0.75 0.999875
3.8 -0.7 0.999875
3.8 -0.65 0.999875
3.8 -0.6 0.999875
3.8 -0.55 0.999875
3.8 -0.5 0.999875
3.8 -0.45 0.999875
3.8 -0.4 0.999875
3.8 -0.35 0.999875
3.8 -0.3 0.999875
3.8 -0.25 0.999875
3.8 -0.2 0.999875
3.8 -0.15 0.999875
3.8 -0.1 0.999875
3.8 -0.05 0.999875
3.8 -5.13478e-16 0.999875
3.8 0.05 0.999875
3.8 0.1 0.999875
3.8 0.15 0.999875
3.8 0.2 0.999875
3.8 0.25 0.999875
3.8 0.3 0.999875
3.8 0.35 0.999875
3.8 0.4 0.999875
3.8 0.45 0.999875
3.8 0.5 0.999875
3.8 0.55 0.999875
3.8 0.6 0.999875
3.8 0.65 0.999875
3.8 0.7 0.999875
3.8 0.75 0.999875
3.8 0.8 0.999875
3.8 0.85 0.999875
3.8 0.9 0.999875
3.8 0.95 0.999875
3.8 1 0.999875
3.8 1.05 0.999875
3.8 1.1 0.999875
3.8 1.15 0.999875
3.8 1.2 0.999875
3.8 1.25 0.999875
3.8 1.3 0.999875
3.8 1.35 0.999875
3.8 1.4 0.999875
3.8 1.45 0.999875
3.8 1.5 0.999875
3.8 1.55 0.999875
3.8 1.6 0.999875
3.8 1.65 0.999875
3.8 1.7 0.999875
3.8 1.75 0.999875
3.8 1.8 0.999875
3.8 1.85 0.999875
3.8 1.9 0.999875
3.8 1.95 0.999875
3.8 2 0.999875
3.8 2.05 0.999875
3.8 2.1 0.999875
3.8 2.15 0.999875
3.8 2.2 0.999875
3.8 2.25 0.999875
3.8 2.3 0.999875
3.8 2.35 0.999875
3.8 2.4 0.999875
3.8 2.45 0.999875
3.8 2.5 0.999875

3.85 -2.5 0.999875
3.85 -2.45 0.999875
3.85 -2.4 0.999875
3.85 -2.35 0.999875
3.85 -2.3 0.999875
3.85 -2.25 0.999875
3.85 -2.2 0.999875
3.85 -2.15 0.999875
3.85 -2.1 0.999875
3.85 -2.05 0.999875
3.85 -2 0.999875
3.85 -1.95 0.999875
3.85 -1.9 0.999875
3.85 -1.85 0.999875
3.85 -1.8 0.999875
3.85 -1.75 0.999875
3.85 -1.7 0.999875
3.85 -1.65 0.999875
3.85 -1.6 0.999875
3.85 -1.55 0.999875
3.85 -1.5 0.999875
3.85 -1.45 0.999875
3.85 -1.4 0.999875
3.85 -1.35 0.999875
3.85 -1.3 0.999875
3.85 -1.25 0.999875
3.85 -1.2 0.999875
3.85 -1.15 0.999875
3.85 -1.1 0.999875
3.85 -1.05 0.999875
3.85 -1 0.999875
3.85 -0.95 0.999875
3.85 -0.9 0.999875
3.85 -0.85 0.999875
3.85 -0.8 0.999875
3.85 -0.75 0.999875
3.85 -0.7 0.999875
3.85 -0.65 0.999875
3.85 -0.6 0.999875
3.85 -0.55 0.999875
3.85 -0.5 0.999875
3.85 -0.45 0.999875
3.85 -0.4 0.999875
3.85 -0.35 0.999875
3.85 -0.3 0.999875
3.85 -0.25 0.999875
3.85 -0.2 0.999875
3.85 -0.15 0.999875
3.85 -0.1 0.999875
3.85 -0.05 0.999875
3.85 -5.13478e-16 0.999875
3.85 0.05 0.999875
3.85 0.1 0.999875
3.85 0.15 0.999875
3.85 0.2 0.999875
3.85 0.25 0.999875
3.85 0.3 0.999875
3.85 0.35 0.999875
3.85 0.4 0.999875
3.85 0.45 0.999875
3.85 0.5 0.999875
3.85 0.55 0.999875
3.85 0.6 0.999875
3.85 0.65 0.999875
3.85 0.7 0.999875
3.85 0.75 0.999875
3.85 0.8 0.999875
3.85 0.85 0.999875
3.85 0.9 0.999875
3.85 0.95 0.999875
3.85 1 0.999875
3.85 1.05 0.999875
3.85 1.1 0.999875
3.85 1.15 0.999875
3.85 1.2 0.999875
3.85 1.25 0.999875
3.85 1.3 0.999875
3.85 1.35 0.999875
3.85 1.4 0.999875
3.85 1.45 0.999875
3.85 1.5 0.999875
3.85 1.55 0.999875
3.85 1.6 0.999875
3.85 1.65 0.999875
3.85 1.7 0.999875
3.85 1.75 0.999875
3.85 1.8 0.999875
3.85 1.85 0.999875
3.85 1.9 0.999875
3.85 1.95 0.999875
3.85 2 0.999875
3.85 2.05 0.999875
3.85 2.1 0.999875
3.85 2.15 0.999875
3.85 2.2 0.999875
3.85 2.25 0.999875
3.85 2.3 0.999875
3.85 2.35 0.999875
3.85 2.4 0.999875
3.85 2.45 0.999875
3.85 2.5 0.999875

3.9 -2.5 0.999875
3.9 -2.45 0.999875
3.9 -2.4 0.999875
3.9 -2.35 0.999875
3.9 -2.3 0.999875
3.9 -2.25 0.999875
3.9 -2.2 0.999875
3.9 -2.15 0.999875
3.9 -2.1 0.999875
3.9 -2.05 0.999875
3.9 -2 0.999875
3.9 -1.95 0.999875
3.9 -1.9 0.999875
3.9 -1.85 0.999875
3.9 -1.8 0.999875
3.9 -1.75 0.999875
3.9 -1.7 0.999875
3.9 -1.65 0.999875
3.9 -1.6 0.999875
3.9 -1.55 0.999875
3.9 -1.5 0.999875
3.9 -1.45 0.999875
3.9 -1.4 0.999875
3.9 -1.35 0.999875
3.9 -1.3 0.999875
3.9 -1.25 0.999875
3.9 -1.2 0.999875
3.9 -1.15 0.999875
3.9 -1.1 0.999875
3.9 -1.05 0.999875
3.9 -1 0.999875
3.9 -0.95 0.999875
3.9 -0.9 0.999875
3.9 -0.85 0.999875
3.9 -0.8 0.999875
3.9 -0.75 0.999875
3.9 -0.7 0.999875
3.9 -0.65 0.999875
3.9 -0.6 0.999875
3.9 -0.55 0.999875
3.9 -0.5 0.999875
3.9 -0.45 0.999875
3.9 -0.4 0.999875
3.9 -0.35 0.999875
3.9 -0.3 0.999875
3.9 -0.25 0.999875
3.9 -0.2 0.999875
3.9 -0.15 0.999875
3.9 -0.1 0.999875
3.9 -0.05 0.999875
3.9 -5.13478e-16 0.999875
3.9 0.05 0.999875
3.9 0.1 0.999875
3.9 0.15 0.999875
3.9 0.2 0.999875
3.9 0.25 0.999875
3.9 0.3 0.999875
3.9 0.35 0.999875
3.9 0.4 0.999875
3.9 0.45 0.999875
3.9 0.5 0.999875
3.9 0.55 0.999875
3.9 0.6 0.999875
3.9 0.65 0.999875
3.9 0.7 0.999875
3.9 0.75 0.999875
3.9 0.8 0.999875
3.9 0.85 0.999875
3.9 0.9 0.999875
3.9 0.95 0.999875
3.9 1 0.999875
3.9 1.05 0.999875
3.9 1.1 0.999875
3.9 1.15 0.999875
3.9 1.2 0.999875
3.9 1.25 0.999875
3.9 1.3 0.999875
3.9 1.35 0.999875
3.9 1.4 0.999875
3.9 1.45 0.999875
3.9 1.5 0.999875
3.9 1.55 0.999875
3.9 1.6 0.999875
3.9 1.65 0.999875
3.9 1.7 0.999875
3.9 1.75 0.999875
3.9 1.8 0.999875
3.9 1.85 0.999875
3.9 1.9 0.999875
3.9 1.95 0.999875
3.9 2 0.999875
3.9 2.05 0.999875
3.9 2.1 0.999875
3.9 2.15 0.999875
3.9 2.2 0.999875
3.9 2.25 0.999875
3.9 2.3 0.999875
3.9 2.35 0.999875
3.9 2.4 0.999875
3.9 2.45 0.999875
3.9 2.5 0.999875

3.95 -2.5 0.999875
3.95 -2.45 0.999875
3.95 -2.4 0.999875
3.95 -2.35 0.999875
3.95 -2.3 0.999875
3.95 -2.25 0.999875
3.95 -2.2 0.999875
3.95 -2.15 0.999875
3.95 -2.1 0.999875
3.95 -2.05 0.999875
3.95 -2 0.999875
3.95 -1.95 0.999875
3.95 -1.9 0.999875
3.95 -1.85 0.999875
3.95 -1.8 0.999875
3.95 -1.75 0.999875
3.95 -1.7 0.999875
3.95 -1.65 0.999875
3.95 -1.6 0.999875
3.95 -1.55 0.999875
3.95 -1.5 0.999875
3.95 -1.45 0.999875
3.95 -1.4 0.999875
3.95 -1.35 0.999875
3.95 -1.3 0.999875
3.95 -1.25 0.999875
3.95 -1.2 0.999875
3.95 -1.15 0.999875
3.95 -1.1 0.999875
3.95 -1.05 0.999875
3.95 -1 0.999875
3.95 -0.95 0.999875
3.95 -0.9 0.999875
3.95 -0.85 0.999875
3.95 -0.8 0.999875
3.95 -0.75 0.999875
3.95 -0.7 0.999875
3.95 -0.65 0.999875
3.95 -0.6 0.999875
3.95 -0.55 0.999875
3.95 -0.5 0.999875
3.95 -0.45 0.999875
3.95 -0.4 0.999875
3.95 -0.35 0.999875
3.95 -0.3 0.999875
3.95 -0.25 0.999875
3.95 -0.2 0.999875
3.95 -0.15 0.999875
3.95 -0.1 0.999875
3.95 -0.05 0.999875
3.95 -5.13478e-16 0.999875
3.95 0.05 0.999875
3.95 0.1 0.999875
3.95 0.15 0.999875
3.95 0.2 0.999875
3.95 0.25 0.999875
3.95 0.3 0.999875
3.95 0.35 0.999875
3.95 0.4 0.999875
3.95 0.45 0.999875
3.95 0.5 0.999875
3.95 0.55 0.999875
3.95 0.6 0.999875
3.95 0.65 0.999875
3.95 0.7 0.999875
3.95 0.75 0.999875
3.95 0.8 0.999875
3.95 0.85 0.999875
3.95 0.9 0.999875
3.95 0.95 0.999875
3.95 1 0.999875
3.95 1.05 0.999875
3.95 1.1 0.999875
3.95 1.15 0.999875
3.95 1.2 0.999875
3.95 1.25 0.999875
3.95 1.3 0.999875
3.95 1.35 0.999875
3.95 1.4 0.999875
3.95 1.45 0.999875
3.95 1.5 0.999875
3.95 1.55 0.999875
3.95 1.6 0.999875
3.95 1.65 0.999875
3.95 1.7 0.999875
3.95 1.75 0.999875
3.95 1.8 0.999875
3.95 1.85 0.999875
3.95 1.9 0.999875
3.95 1.95 0.999875
3.95 2 0.999875
3.95 2.05 0.999875
3.95 2.1 0.999875
3.95 2.15 0.999875
3.95 2.2 0.999875
3.95 2.25 0.999875
3.95 2.3 0.999875
3.95 2.35 0.999875
3.95 2.4 0.999875
3.95 2.45 0.999875
3.95 2.5 0.999875

4 -2.5 0.999875
4 -2.45 0.999875
4 -2.4 0.999875
4 -2.35 0.999875
4 -2.3 0.999875
4 -2.25 0.999875
4 -2.2 0.999875
4 -2.15 0.999875
4 -2.1 0.999875
4 -2.05 0.999875
4 -2 0.999875
4 -1.95 0.999875
4 -1.9 0.999875
4 -1.85 0.999875
4 -1.8 0.999875
4 -1.75 0.999875
4 -1.7 0.999875
4 -1.65 0.999875
4 -1.6 0.999875
4 -1.55 0.999875
4 -1.5 0.999875
4 -1.45 0.999875
4 -1.4 0.999875
4 -1.35 0.999875
4 -1.3 0.999875
4 -1.25 0.999875
4 -1.2 0.999875
4 -1.15 0.999875
4 -1.1 0.999875
4 -1.05 0.999875
4 -1 0.999875
4 -0.95 0.999875
4 -0.9 0.999875
4 -0.85 0.999875
4 -0.8 0.999875
4 -0.75 0.999875
4 -0.7 0.999875
4 -0.65 0.999875
4 -0.6 0.999875
4 -0.55 0.999875
4 -0.5 0.999875
4 -0.45 0.999875
4 -0.4 0.999875
4 -0.35 0.999875
4 -0.3 0.999875
4 -0.25 0.999875
4 -0.2 0.999875
4 -0.15 0.999875
4 -0.1 0.999875
4 -0.05 0.999875
4 -5.13478e-16 0.999875
4 0.05 0.999875
4 0.1 0.999875
4 0.15 0.999875
4 0.2 0.999875
4 0.25 0.999875
4 0.3 0.999875
4 0.35 0.999875
4 0.4 0.999875
4 0.45 0.999875
4 0.5 0.999875
4 0.55 0.999875
4 0.6 0.999875
4 0.65 0.999875
4 0.7 0.999875
4 0.75 0.999875
4 0.8 0.999875
4 0.85 0.999875
4 0.9 0.999875
4 0.95 0.999875
4 1 0.999875
4 1.05 0.999875
4 1.1 0.999875
4 1.15 0.999875
4 1.2 0.999875
4 1.25 0.999875
4 1.3 0.999875
4 1.35 0.999875
4 1.4 0.999875
4 1.45 0.999875
4 1.5 0.999875
4 1.55 0.999875
4 1.6 0.999875
4 1.65 0.999875
4 1.7 0.999875
4 1.75 0.999875
4 1.8 0.999875
4 1.85 0.999875
4 1.9 0.999875
4 1.95 0.999875
4 2 0.999875
4 2.05 0.999875
4 2.1 0.999875
4 2.15 0.999875
4 2.2 0.999875
4 2.25 0.999875
4 2.3 0.999875
4 2.35 0.999875
4 2.4 0.999875
4 2.45 0.999875
4 2.5 0.999875

